Timestamp,User Count,Type,Name,Requests/s,Failures/s,50%,66%,75%,80%,90%,95%,98%,99%,99.9%,99.99%,100%,Total Request Count,Total Failure Count,Total Median Response Time,Total Average Response Time,Total Min Response Time,Total Max Response Time,Total Average Content Size
1790845429,0,,Aggregated,0.000000,0.000000,N/A,N/A,N/A,N/A,N/A,N/A,N/A,N/A,N/A,N/A,N/A,0,0,0,0.0,0,0,0
1790845430,10,POST,POST /events,0.000000,0.000000,0,0,0,0,0,0,0,0,0,0,0,10,0,180,181.98769998853095,151.51229995535687,198.8310000160709,80.0
1790845430,10,,Aggregated,0.000000,0.000000,0,0,0,0,0,0,0,0,0,0,0,10,0,180,181.98769998853095,151.51229995535687,198.8310000160709,80.0
1790845431,20,GET,GET /inventory/{product_id},0.000000,0.000000,0,0,0,0,0,0,0,0,0,0,0,3,0,850,813.3651000098325,633.6181000224315,951.7692999797873,76.0
1790845431,20,POST,POST /events,0.000000,0.000000,85,140,140,140,160,170,170,170,170,170,170,26,0,140,135.0153269214878,56.59860000014305,198.8310000160709,80.0
1790845431,20,,Aggregated,0.000000,0.000000,130,140,160,170,850,950,950,950,950,950,950,29,0,160,205.18944137890279,56.59860000014305,951.7692999797873,79.58620689655173
1790845432,30,GET,GET /inventory/{product_id},0.000000,0.000000,0,0,0,0,0,0,0,0,0,0,0,6,0,800,819.7540166729596,549.9462999869138,1129.871600016486,76.0
1790845432,30,POST,POST /events,10.000000,0.000000,83,130,140,150,160,160,170,170,170,170,170,49,0,130,120.50658367379397,55.17629999667406,198.8310000160709,80.0
1790845432,30,,Aggregated,10.000000,0.000000,120,140,160,160,630,850,1100,1100,1100,1100,1100,55,0,140,196.78812181915748,55.17629999667406,1129.871600016486,79.56363636363636
1790845433,40,GET,GET /inventory/{product_id},0.000000,0.000000,850,850,930,930,940,940,940,940,940,940,940,11,0,850,831.1044090924869,549.9462999869138,1129.871600016486,76.0
1790845433,40,POST,POST /events,8.500000,0.000000,77,130,140,140,160,160,170,170,170,170,170,80,0,82,109.1907225039904,45.09280005004257,198.8310000160709,80.0
1790845433,40,,Aggregated,8.500000,0.000000,83,140,150,160,660,850,950,1100,1100,1100,1100,91,0,130,196.45501428941304,45.09280005004257,1129.871600016486,79.51648351648352
1790845434,50,GET,GET /inventory/{product_id},1.333333,0.000000,850,850,930,930,940,1000,1000,1000,1000,1000,1000,16,0,850,816.969168750802,549.9462999869138,1129.871600016486,76.0
1790845434,50,POST,POST /events,12.000000,0.000000,75,87,130,140,160,160,170,170,170,170,170,116,0,77,102.11955258925846,45.09280005004257,198.8310000160709,80.0
1790845434,50,,Aggregated,13.333333,0.000000,81,140,150,160,660,850,950,1000,1100,1100,1100,132,0,84,188.76799091186982,45.09280005004257,1129.871600016486,79.51515151515152
1790845435,70,GET,GET /inventory/{product_id},2.250000,0.000000,850,880,940,970,1000,1100,1100,1100,1100,1100,1100,28,0,850,849.3253785709385,549.9462999869138,1137.0784000027925,76.0
1790845435,70,POST,POST /events,15.500000,0.000000,75,84,130,140,150,160,170,170,170,170,170,158,0,76,97.31295253326998,45.09280005004257,198.8310000160709,80.0
1790845435,70,,Aggregated,17.750000,0.000000,78,140,150,160,820,930,1000,1100,1100,1100,1100,186,0,81,210.5191241948545,45.09280005004257,1137.0784000027925,79.39784946236558
1790845436,80,GET,GET /inventory/{product_id},2.400000,0.000000,840,880,930,930,1000,1100,1100,1100,1100,1100,1100,35,0,850,838.6782914267054,549.9462999869138,1137.0784000027925,76.0
1790845436,80,POST,POST /events,18.600000,0.000000,74,81,120,130,140,160,170,170,170,170,170,207,0,75,93.8101845415498,45.09280005004257,198.8310000160709,80.0
1790845436,80,,Aggregated,21.000000,0.000000,78,130,140,160,770,880,1000,1100,1100,1100,1100,242,0,78,201.5390429753533,45.09280005004257,1137.0784000027925,79.42148760330579
1790845437,90,GET,GET /inventory/{product_id},3.333333,0.000000,850,890,960,970,1000,1100,1200,1200,1200,1200,1200,52,0,850,850.3546153851158,549.9462999869138,1182.095099997241,76.0
1790845437,90,POST,POST /events,21.500000,0.000000,74,80,90,130,140,160,170,170,170,170,170,261,0,74,91.50730612976798,45.09280005004257,198.8310000160709,80.0
1790845437,90,,Aggregated,24.833333,0.000000,77,130,140,160,820,930,1000,1100,1200,1200,1200,313,0,78,217.5777856226692,45.09280005004257,1182.095099997241,79.33546325878594
1790845438,100,GET,GET /inventory/{product_id},4.714286,0.000000,840,890,950,970,1000,1100,1100,1200,1200,1200,1200,66,0,840,845.8135348495985,549.9462999869138,1182.095099997241,76.0
1790845438,100,POST,POST /events,24.285714,0.000000,74,79,86,130,140,160,170,170,170,170,170,326,0,74,89.43846165609655,45.09280005004257,198.8310000160709,80.0
1790845438,100,,Aggregated,29.000000,0.000000,77,130,140,160,820,930,1000,1100,1200,1200,1200,392,0,78,216.7873260203086,45.09280005004257,1182.095099997241,79.3265306122449
1790845439,100,GET,GET /inventory/{product_id},5.000000,0.000000,840,890,950,970,1000,1100,1100,1200,1200,1200,1200,76,0,840,844.6021276322426,549.9462999869138,1182.095099997241,76.0
1790845439,100,POST,POST /events,27.625000,0.000000,74,79,85,94,140,160,160,170,170,170,170,395,0,74,87.92135063190413,45.09280005004257,198.8310000160709,80.0
1790845439,100,,Aggregated,32.625000,0.000000,77,91,140,160,810,930,1000,1100,1200,1200,1200,471,0,77,210.01846114575918,45.09280005004257,1182.095099997241,79.35456475583864
1790845440,100,GET,GET /inventory/{product_id},6.111111,0.000000,840,900,960,980,1000,1100,1100,1200,1200,1200,1200,91,0,850,849.2505945058048,549.9462999869138,1182.095099997241,76.0
1790845440,100,POST,POST /events,30.444444,0.000000,73,78,83,87,140,150,160,170,170,170,170,458,0,74,85.85665130916084,45.09280005004257,198.8310000160709,80.0
1790845440,100,,Aggregated,36.555556,0.000000,76,87,140,160,820,940,1000,1100,1200,1200,1200,549,0,77,212.39371657490693,45.09280005004257,1182.095099997241,79.33697632058288
1790845441,100,GET,GET /inventory/{product_id},6.800000,0.000000,840,910,960,980,1000,1000,1100,1100,1200,1200,1200,109,0,850,847.407747706219,549.9462999869138,1182.095099997241,76.0
1790845441,100,POST,POST /events,34.100000,0.000000,73,77,81,84,130,150,170,170,1900,1900,1900,529,0,74,97.71119262706242,45.09280005004257,1904.4567999662831,80.0
1790845441,100,,Aggregated,40.900000,0.000000,76,84,140,160,830,970,1000,1100,1900,1900,1900,638,0,77,225.7941463945045,45.09280005004257,1904.4567999662831,79.31661442006269
1790845442,100,GET,GET /inventory/{product_id},8.300000,0.000000,840,900,960,980,1000,1100,1100,1200,2800,2800,2800,119,0,840,856.72340672336,531.1774000292644,2762.750699999742,76.0
1790845442,100,POST,POST /events,39.100000,0.000000,73,77,80,84,130,140,160,170,1900,1900,1900,599,0,73,97.98979248708885,45.09280005004257,1904.4567999662831,80.0
1790845442,100,,Aggregated,47.400000,0.000000,76,84,130,150,820,960,1000,1200,2800,2800,2800,718,0,77,223.74090682429815,45.09280005004257,2762.750699999742,79.33704735376044
1790845443,100,GET,GET /inventory/{product_id},9.500000,0.000000,840,910,960,980,1000,1100,1100,1200,2800,2800,2800,141,0,850,852.671309929929,531.1774000292644,2762.750699999742,76.0
1790845443,100,POST,POST /events,44.800000,0.000000,72,77,79,82,94,140,160,170,1900,1900,1900,658,0,73,95.44838784185754,45.09280005004257,1904.4567999662831,80.0
1790845443,100,,Aggregated,54.300000,0.000000,76,83,130,160,840,970,1000,1200,2800,2800,2800,799,0,76,229.07596232798778,45.09280005004257,2762.750699999742,79.29411764705883
1790845444,100,GET,GET /inventory/{product_id},11.000000,0.000000,840,910,960,970,1000,1100,1200,1200,2800,2800,2800,160,0,840,849.4295212520228,531.1774000292644,2762.750699999742,76.0
1790845444,100,POST,POST /events,49.700000,0.000000,72,77,79,82,90,140,160,170,1900,1900,1900,718,0,73,93.59608565406577,45.09280005004257,1904.4567999662831,80.0
1790845444,100,,Aggregated,60.700000,0.000000,75,83,120,170,850,970,1000,1200,2800,2800,2800,878,0,76,231.33338599082333,45.09280005004257,2762.750699999742,79.27107061503416
1790845445,100,GET,GET /inventory/{product_id},11.600000,0.000000,840,910,950,970,1000,1100,1200,1200,2800,2800,2800,179,0,840,844.3447899456427,479.81559997424483,2762.750699999742,76.0
1790845445,100,POST,POST /events,54.000000,0.000000,72,76,79,81,88,130,160,170,1900,1900,1900,784,0,73,91.65655637739941,45.09280005004257,1904.4567999662831,80.0
1790845445,100,,Aggregated,65.600000,0.000000,75,82,94,170,850,960,1000,1200,2800,2800,2800,963,0,76,231.5643381102297,45.09280005004257,2762.750699999742,79.2564901349948
1790845446,100,GET,GET /inventory/{product_id},13.100000,0.000000,820,900,930,960,1000,1100,1200,1200,2800,2800,2800,199,0,830,837.0213055296979,479.81559997424483,2762.750699999742,76.0
1790845446,100,POST,POST /events,57.100000,0.000000,72,76,78,81,87,100,150,170,1900,1900,1900,846,0,73,90.10467635911843,45.09280005004257,1904.4567999662831,80.0
1790845446,100,,Aggregated,70.200000,0.000000,75,82,96,580,850,960,1000,1200,2800,2800,2800,1045,0,76,232.34047464136276,45.09280005004257,2762.750699999742,79.23827751196173
1790845447,100,GET,GET /inventory/{product_id},14.400000,0.000000,830,900,930,960,1000,1100,1100,1200,2800,2800,2800,213,0,840,837.7255934294413,479.81559997424483,2762.750699999742,76.0
1790845447,100,POST,POST /events,60.000000,0.000000,72,75,78,80,85,92,130,160,1900,1900,1900,913,0,72,88.67164644003904,45.09280005004257,1904.4567999662831,80.0
1790845447,100,,Aggregated,74.400000,0.000000,74,81,89,540,840,940,1000,1200,2800,2800,2800,1126,0,75,230.36657602151567,45.09280005004257,2762.750699999742,79.24333925399645
1790845448,100,GET,GET /inventory/{product_id},14.800000,0.000000,830,900,920,940,1000,1100,1200,1200,2800,2800,2800,229,0,840,835.122920089812,479.81559997424483,2762.750699999742,76.0
1790845448,100,POST,POST /events,62.200000,0.000000,71,75,78,79,84,90,100,130,1900,1900,1900,979,0,72,87.53119908035157,45.09280005004257,1904.4567999662831,80.0
1790845448,100,,Aggregated,77.000000,0.000000,74,81,88,570,850,940,1000,1200,2800,2800,2800,1208,0,75,229.25181506641653,45.09280005004257,2762.750699999742,79.24172185430463
1790845449,100,GET,GET /inventory/{product_id},16.100000,0.000000,830,900,920,950,1000,1100,1200,1200,2800,2800,2800,247,0,840,834.5238036456751,479.81559997424483,2762.750699999742,76.0
1790845449,100,POST,POST /events,63.100000,0.000000,71,75,78,79,84,88,100,130,1900,1900,1900,1041,0,72,86.52369221870356,45.09280005004257,1904.4567999662831,80.0
1790845449,100,,Aggregated,79.200000,0.000000,74,81,87,570,860,930,1000,1200,2800,2800,2800,1288,0,75,229.96781296595665,45.09280005004257,2762.750699999742,79.23291925465838
1790845450,100,GET,GET /inventory/{product_id},16.000000,0.000000,850,900,930,960,1000,1100,1200,1200,2800,2800,2800,266,0,850,839.6069041365334,479.81559997424483,2762.750699999742,76.0
1790845450,100,POST,POST /events,64.900000,0.000000,71,75,77,79,84,88,100,130,1900,1900,1900,1101,0,72,85.65255276991823,45.09280005004257,1904.4567999662831,80.0
1790845450,100,,Aggregated,80.900000,0.000000,75,81,88,590,870,960,1100,1200,2800,2800,2800,1367,0,75,232.36203152889382,45.09280005004257,2762.750699999742,79.22165325530358
1790845451,100,GET,GET /inventory/{product_id},16.400000,0.000000,850,900,940,960,1100,1100,1200,1200,2800,2800,2800,284,0,850,840.0933031703125,479.81559997424483,2762.750699999742,76.0
1790845451,100,POST,POST /events,64.800000,0.000000,71,75,77,79,83,87,99,110,1800,1800,1800,1168,0,72,84.8526589897655,45.09280005004257,1904.4567999662831,80.0
1790845451,100,,Aggregated,81.200000,0.000000,74,81,87,590,860,950,1100,1100,2800,2800,2800,1452,0,75,232.5719034438119,45.09280005004257,2762.750699999742,79.21763085399449
1790845452,100,GET,GET /inventory/{product_id},16.400000,0.000000,860,910,950,970,1100,1100,1200,1200,1200,1200,1200,291,0,850,842.9732051559187,479.81559997424483,2762.750699999742,76.0
1790845452,100,POST,POST /events,64.600000,0.000000,71,75,77,79,83,86,94,99,1900,1900,1900,1239,0,72,85.47955383371887,45.09280005004257,1904.4567999662831,80.0
1790845452,100,,Aggregated,81.000000,0.000000,74,80,85,570,870,960,1100,1100,1900,1900,1900,1530,0,75,229.55187575186275,45.09280005004257,2762.750699999742,79.2392156862745
1790845453,100,GET,GET /inventory/{product_id},17.300000,0.000000,850,900,950,970,1100,1100,1200,1200,1200,1200,1200,317,0,850,841.8300933763164,479.81559997424483,2762.750699999742,76.0
1790845453,100,POST,POST /events,64.200000,0.000000,71,75,77,78,83,86,94,99,1900,1900,1900,1295,0,72,84.75620362936415,45.09280005004257,1904.4567999662831,80.0
1790845453,100,,Aggregated,81.500000,0.000000,74,80,87,610,870,960,1100,1100,1900,1900,1900,1612,0,75,233.6348779778653,45.09280005004257,2762.750699999742,79.21339950372209
1790845454,100,GET,GET /inventory/{product_id},17.100000,0.000000,850,900,940,960,1100,1100,1100,1200,1200,1200,1200,330,0,840,840.4443781829975,479.81559997424483,2762.750699999742,76.0
1790845454,100,POST,POST /events,64.600000,0.000000,70,74,76,78,82,86,91,97,1900,1900,1900,1368,0,72,83.98553347954567,45.09280005004257,1904.4567999662831,80.0
1790845454,100,,Aggregated,81.700000,0.000000,73,79,85,550,860,950,1100,1100,1900,1900,1900,1698,0,75,231.00050329823773,45.09280005004257,2762.750699999742,79.2226148409894
1790845455,100,GET,GET /inventory/{product_id},16.800000,0.000000,860,900,950,960,1100,1100,1100,1200,1200,1200,1200,343,0,850,840.3483976687389,479.81559997424483,2762.750699999742,76.0
1790845455,100,POST,POST /events,64.200000,0.000000,71,74,76,78,82,86,91,97,1900,1900,1900,1433,0,72,83.43417613408987,45.09280005004257,1904.4567999662831,80.0
1790845455,100,,Aggregated,81.000000,0.000000,74,79,85,520,860,950,1100,1100,1900,1900,1900,1776,0,75,229.6174970723695,45.09280005004257,2762.750699999742,79.22747747747748
1790845456,100,GET,GET /inventory/{product_id},17.500000,0.000000,870,920,960,990,1100,1100,1100,1200,1200,1200,1200,364,0,850,842.0980936821402,479.81559997424483,2762.750699999742,76.0
1790845456,100,POST,POST /events,64.100000,0.000000,70,74,76,78,82,86,91,96,1900,1900,1900,1497,0,72,82.88687307956991,45.09280005004257,1904.4567999662831,80.0
1790845456,100,,Aggregated,81.600000,0.000000,73,79,84,520,870,960,1100,1100,1900,1900,1900,1861,0,75,231.38385550801462,45.09280005004257,2762.750699999742,79.21762493283181
1790845457,100,GET,GET /inventory/{product_id},16.800000,0.000000,860,920,960,990,1100,1100,1100,1200,1200,1200,1200,382,0,850,841.3314900528005,479.81559997424483,2762.750699999742,76.0
1790845457,100,POST,POST /events,64.300000,0.000000,71,74,76,78,82,85,90,95,1900,1900,1900,1565,0,72,82.32659878616128,45.09280005004257,1904.4567999662831,80.0
1790845457,100,,Aggregated,81.100000,0.000000,73,79,84,570,870,960,1100,1100,1900,1900,1900,1947,0,74,231.24281268644697,45.09280005004257,2762.750699999742,79.21520287621982
1790845458,100,GET,GET /inventory/{product_id},16.200000,0.000000,860,920,960,1000,1100,1100,1100,1100,1200,1200,1200,395,0,850,840.5477415192637,479.81559997424483,2762.750699999742,76.0
1790845458,100,POST,POST /events,64.700000,0.000000,71,74,76,77,81,85,90,94,1900,1900,1900,1629,0,72,81.86503044815397,45.09280005004257,1904.4567999662831,80.0
1790845458,100,,Aggregated,80.900000,0.000000,73,78,83,560,870,960,1100,1100,1900,1900,1900,2024,0,74,229.92810894276283,45.09280005004257,2762.750699999742,79.21936758893281
1790845459,100,GET,GET /inventory/{product_id},16.500000,0.000000,850,920,960,990,1100,1100,1100,1100,1200,1200,1200,406,0,840,839.5715556650829,479.81559997424483,2762.750699999742,76.0
1790845459,100,POST,POST /events,64.800000,0.000000,71,74,76,77,82,87,93,100,1900,1900,1900,1703,0,72,81.554291661855,45.09280005004257,1904.4567999662831,80.0
1790845459,100,,Aggregated,81.300000,0.000000,73,78,84,110,850,960,1100,1100,1900,1900,1900,2109,0,74,227.47890483649252,45.09280005004257,2762.750699999742,79.22996680891417
1790845460,100,GET,GET /inventory/{product_id},16.800000,0.000000,850,920,950,980,1100,1100,1100,1100,1100,1100,1100,419,0,850,841.1044233888699,479.81559997424483,2762.750699999742,76.0
1790845460,100,POST,POST /events,64.700000,0.000000,70,74,76,77,82,87,94,100,1900,1900,1900,1768,0,71,81.1241447965536,45.09280005004257,1904.4567999662831,80.0
1790845460,100,,Aggregated,81.500000,0.000000,73,78,83,95,840,950,1100,1100,1900,1900,1900,2187,0,74,226.7262192045008,45.09280005004257,2762.750699999742,79.23365340649292
1790845461,100,GET,GET /inventory/{product_id},16.400000,0.000000,850,920,960,990,1100,1100,1100,1200,1200,1200,1200,438,0,850,844.5316783106539,479.81559997424483,2762.750699999742,76.0
1790845461,100,POST,POST /events,65.000000,0.000000,70,74,76,78,82,86,93,100,1900,1900,1900,1829,0,71,80.78227337358007,45.09280005004257,1904.4567999662831,80.0
1790845461,100,,Aggregated,81.400000,0.000000,73,78,83,99,850,950,1100,1100,1900,1900,1900,2267,0,74,228.34391402750083,45.09280005004257,2762.750699999742,79.22717247463608
1790845462,100,GET,GET /inventory/{product_id},16.100000,0.000000,850,920,950,980,1100,1100,1100,1200,1200,1200,1200,459,0,850,845.9854376906111,479.81559997424483,2762.750699999742,76.0
1790845462,100,POST,POST /events,66.200000,0.000000,70,74,76,77,82,86,92,99,120,120,120,1889,0,71,80.4224102700249,45.09280005004257,1904.4567999662831,80.0
1790845462,100,,Aggregated,82.300000,0.000000,73,78,85,590,850,960,1100,1100,1200,1200,1200,2348,0,74,230.07889646510543,45.09280005004257,2762.750699999742,79.21805792163543
1790845463,100,GET,GET /inventory/{product_id},15.200000,0.000000,850,920,960,990,1100,1100,1100,1200,1200,1200,1200,478,0,850,845.2912221755735,479.81559997424483,2762.750699999742,76.0
1790845463,100,POST,POST /events,66.600000,0.000000,70,74,76,77,82,86,90,99,120,120,120,1950,0,71,80.07730928207867,45.09280005004257,1904.4567999662831,80.0
1790845463,100,,Aggregated,81.800000,0.000000,73,78,84,120,850,960,1100,1100,1200,1200,1200,2428,0,74,230.72485885501547,45.09280005004257,2762.750699999742,79.21252059308073
1790845464,100,GET,GET /inventory/{product_id},15.400000,0.000000,850,920,960,990,1100,1100,1100,1200,1200,1200,1200,492,0,850,844.5010754065418,479.81559997424483,2762.750699999742,76.0
1790845464,100,POST,POST /events,65.100000,0.000000,70,74,76,77,82,86,90,99,120,120,120,2013,0,71,79.77858450079486,45.09280005004257,1904.4567999662831,80.0
1790845464,100,,Aggregated,80.500000,0.000000,73,78,84,120,850,960,1100,1100,1200,1200,1200,2505,0,74,229.97557672659426,45.09280005004257,2762.750699999742,79.21437125748503
1790845465,100,GET,GET /inventory/{product_id},16.700000,0.000000,850,920,960,990,1100,1100,1100,1200,1200,1200,1200,513,0,850,844.2543906429293,479.81559997424483,2762.750699999742,76.0
1790845465,100,POST,POST /events,64.800000,0.000000,70,74,76,78,82,86,89,97,120,120,120,2072,0,71,79.52616486494325,45.09280005004257,1904.4567999662831,80.0
1790845465,100,,Aggregated,81.500000,0.000000,74,79,86,600,860,970,1100,1100,1200,1200,1200,2585,0,74,231.2884781431277,45.09280005004257,2762.750699999742,79.20618955512573
1790845466,100,GET,GET /inventory/{product_id},16.100000,0.000000,850,920,970,1000,1100,1100,1200,1200,1200,1200,1200,535,0,850,845.5048485975669,479.81559997424483,2762.750699999742,76.0
1790845466,100,POST,POST /events,65.100000,0.000000,70,74,76,78,82,86,89,97,120,120,120,2134,0,71,79.25820660726875,45.09280005004257,1904.4567999662831,80.0
1790845466,100,,Aggregated,81.200000,0.000000,74,79,86,600,860,980,1100,1100,1200,1200,1200,2669,0,74,232.85204454837384,45.09280005004257,2762.750699999742,79.19820157362308
1790845467,100,GET,GET /inventory/{product_id},16.000000,0.000000,850,920,980,1000,1100,1100,1200,1200,1200,1200,1200,549,0,850,846.5426076494729,479.81559997424483,2762.750699999742,76.0
1790845467,100,POST,POST /events,64.200000,0.000000,70,74,76,78,82,86,92,97,120,120,120,2205,0,71,78.95852861685209,45.09280005004257,1904.4567999662831,80.0
1790845467,100,,Aggregated,80.200000,0.000000,73,79,86,590,860,980,1100,1100,1200,1200,1200,2754,0,74,231.97365548283207,45.09280005004257,2762.750699999742,79.20261437908496
1790845468,100,GET,GET /inventory/{product_id},17.000000,0.000000,860,920,980,1000,1100,1100,1200,1200,1200,1200,1200,560,0,850,846.5409866064355,479.81559997424483,2762.750699999742,76.0
1790845468,100,POST,POST /events,63.300000,0.000000,70,74,76,78,82,87,94,100,1800,1800,1800,2273,0,71,80.26788790159283,45.09280005004257,1904.4567999662831,80.0
1790845468,100,,Aggregated,80.300000,0.000000,73,79,86,590,870,990,1100,1100,1800,1800,1800,2833,0,74,231.7373320508028,45.09280005004257,2762.750699999742,79.20931874338157
1790845469,100,GET,GET /inventory/{product_id},16.900000,0.000000,860,920,980,1000,1100,1100,1200,1200,1200,1200,1200,581,0,850,847.4123253003756,479.81559997424483,2762.750699999742,76.0
1790845469,100,POST,POST /events,63.700000,0.000000,70,74,76,78,82,86,89,94,1800,1800,1800,2331,0,71,80.04389609614626,45.09280005004257,1904.4567999662831,80.0
1790845469,100,,Aggregated,80.600000,0.000000,73,79,87,630,880,1000,1100,1100,1800,1800,1800,2912,0,74,233.14865480756703,45.09280005004257,2762.750699999742,79.20192307692308
1790845470,100,GET,GET /inventory/{product_id},16.600000,0.000000,860,930,980,1000,1100,1100,1200,1200,1200,1200,1200,596,0,850,848.4597382543534,479.81559997424483,2762.750699999742,76.0
1790845470,100,POST,POST /events,63.500000,0.000000,71,74,76,78,82,86,89,94,1800,1800,1800,2396,0,71,79.8124757095202,45.09280005004257,1904.4567999662831,80.0
1790845470,100,,Aggregated,80.100000,0.000000,74,80,87,650,880,1000,1100,1200,1800,1800,1800,2992,0,74,232.92536624318348,45.09280005004257,2762.750699999742,79.20320855614973
1790845471,100,GET,GET /inventory/{product_id},16.400000,0.000000,860,930,990,1000,1100,1100,1200,1200,1200,1200,1200,613,0,850,850.2858003254275,479.81559997424483,2762.750699999742,76.0
1790845471,100,POST,POST /events,63.500000,0.000000,70,74,76,78,82,86,90,94,1800,1800,1800,2459,0,71,79.54251988610649,45.09280005004257,1904.4567999662831,80.0
1790845471,100,,Aggregated,79.900000,0.000000,74,79,87,640,880,1000,1100,1100,1800,1800,1800,3072,0,74,233.33992578106214,45.09280005004257,2762.750699999742,79.20182291666667
1790845473,100,GET,GET /inventory/{product_id},17.400000,0.000000,880,950,1000,1000,1100,1100,1200,1200,1200,1200,1200,631,0,850,852.2206595873758,479.81559997424483,2762.750699999742,76.0
1790845473,100,POST,POST /events,62.200000,0.000000,70,74,76,78,83,87,91,94,1800,1800,1800,2522,0,71,79.31298160195996,45.09280005004257,1904.4567999662831,80.0
1790845473,100,,Aggregated,79.600000,0.000000,73,79,87,620,890,1000,1100,1200,1800,1800,1800,3153,0,74,233.9925708213692,45.09280005004257,2762.750699999742,79.19949254678085
1790845474,100,GET,GET /inventory/{product_id},17.400000,0.000000,880,950,1000,1000,1100,1200,1200,1200,2200,2200,2200,651,0,860,855.8713648226484,479.81559997424483,2762.750699999742,76.0
1790845474,100,POST,POST /events,62.900000,0.000000,70,74,77,79,84,88,92,95,1800,1800,1800,2590,0,71,79.56824509672367,45.09280005004257,1904.4567999662831,80.0
1790845474,100,,Aggregated,80.300000,0.000000,74,81,89,660,920,1000,1100,1200,2200,2200,2200,3241,0,74,235.49954128357248,45.09280005004257,2762.750699999742,79.19654427645789
1790845475,100,GET,GET /inventory/{product_id},17.100000,0.000000,900,960,1000,1000,1100,1200,1200,1200,2200,2200,2200,660,0,860,856.3732536357059,479.81559997424483,2762.750699999742,76.0
1790845475,100,POST,POST /events,63.000000,0.000000,70,74,76,78,84,88,92,95,1800,1800,1800,2661,0,71,79.31309233385298,45.09280005004257,1904.4567999662831,80.0
1790845475,100,,Aggregated,80.100000,0.000000,73,79,86,570,910,1000,1100,1200,2200,2200,2200,3321,0,74,233.74239268291137,45.09280005004257,2762.750699999742,79.20505871725383
1790845476,100,GET,GET /inventory/{product_id},17.200000,0.000000,900,950,1000,1000,1100,1200,1200,1200,2200,2200,2200,674,0,860,857.0276919875165,479.81559997424483,2762.750699999742,76.0
1790845476,100,POST,POST /events,63.100000,0.000000,70,74,76,78,84,89,93,97,1800,1800,1800,2729,0,71,79.08604470514697,45.09280005004257,1904.4567999662831,80.0
1790845476,100,,Aggregated,80.300000,0.000000,73,78,85,94,890,1000,1100,1200,2200,2200,2200,3403,0,74,233.16558342636858,45.09280005004257,2762.750699999742,79.20775786071114
1790845477,100,GET,GET /inventory/{product_id},17.200000,0.000000,890,950,1000,1000,1100,1200,1200,1200,2200,2200,2200,686,0,860,857.3935864423333,479.81559997424483,2762.750699999742,76.0
1790845477,100,POST,POST /events,63.100000,0.000000,70,74,76,78,84,88,91,97,1800,1800,1800,2796,0,71,78.89092900575098,45.09280005004257,1904.4567999662831,80.0
1790845477,100,,Aggregated,80.300000,0.000000,73,78,85,93,890,1000,1100,1200,2200,2200,2200,3482,0,74,232.26623716241252,45.09280005004257,2762.750699999742,79.21194715680643
1790845478,100,GET,GET /inventory/{product_id},16.000000,0.000000,910,960,1000,1000,1100,1200,1200,1200,2200,2200,2200,700,0,860,858.1482557137497,479.81559997424483,2762.750699999742,76.0
1790845478,100,POST,POST /events,65.500000,0.000000,70,74,76,78,83,87,90,92,1300,1300,1300,2864,0,71,78.67876071930104,45.09280005004257,1904.4567999662831,80.0
1790845478,100,,Aggregated,81.500000,0.000000,73,79,85,92,900,1000,1100,1200,2200,2200,2200,3564,0,74,231.77321820979319,45.09280005004257,2762.750699999742,79.21436588103255
1790845479,100,GET,GET /inventory/{product_id},15.100000,0.000000,920,960,1000,1000,1100,1200,1200,1200,2200,2200,2200,716,0,860,859.1803101950043,479.81559997424483,2762.750699999742,76.0
1790845479,100,POST,POST /events,65.900000,0.000000,70,73,76,78,83,86,90,91,1300,1300,1300,2935,0,71,78.44318068128958,45.09280005004257,1904.4567999662831,80.0
1790845479,100,,Aggregated,81.000000,0.000000,73,78,83,90,900,1000,1100,1200,2200,2200,2200,3651,0,74,231.55405023259598,45.09280005004257,2762.750699999742,79.2155573815393
1790845480,100,GET,GET /inventory/{product_id},15.100000,0.000000,930,970,1000,1000,1100,1100,1200,1200,2200,2200,2200,726,0,860,860.1155258948785,479.81559997424483,2762.750699999742,76.0
1790845480,100,POST,POST /events,65.700000,0.000000,70,73,75,77,82,86,90,91,1300,1300,1300,3009,0,71,78.24018610815152,45.09280005004257,1904.4567999662831,80.0
1790845480,100,,Aggregated,80.800000,0.000000,72,77,83,89,900,990,1100,1100,2200,2200,2200,3735,0,74,230.21916781770005,45.09280005004257,2762.750699999742,79.22248995983935
1790845481,100,GET,GET /inventory/{product_id},15.500000,0.000000,920,970,1000,1000,1100,1100,1200,1200,2200,2200,2200,740,0,860,860.4740495941401,479.81559997424483,2762.750699999742,76.0
1790845481,100,POST,POST /events,65.600000,0.000000,70,73,75,77,82,86,90,92,1300,1300,1300,3080,0,71,78.03196168824797,45.09280005004257,1904.4567999662831,80.0
1790845481,100,,Aggregated,81.100000,0.000000,72,77,82,88,890,990,1100,1100,2200,2200,2200,3820,0,74,229.60451274855168,45.09280005004257,2762.750699999742,79.22513089005236
1790845482,100,GET,GET /inventory/{product_id},14.400000,0.000000,910,970,1000,1000,1100,1100,1200,1400,2200,2200,2200,755,0,860,862.069609138686,479.81559997424483,2762.750699999742,76.0
1790845482,100,POST,POST /events,67.500000,0.000000,70,73,75,77,82,86,90,93,1300,1300,1300,3141,0,71,77.88480267422577,45.09280005004257,1904.4567999662831,80.0
1790845482,100,,Aggregated,81.900000,0.000000,72,77,82,87,880,990,1100,1100,2200,2200,2200,3896,0,73,229.85080084688167,45.09280005004257,2762.750699999742,79.22484599589322
1790845483,100,GET,GET /inventory/{product_id},14.300000,0.000000,910,970,1000,1000,1100,1100,1200,1300,1400,1400,1400,775,0,860,862.8393689027026,479.81559997424483,2762.750699999742,76.0
1790845483,100,POST,POST /events,67.800000,0.000000,70,73,75,77,81,85,90,93,110,110,110,3200,0,71,77.7527496561197,45.09280005004257,1904.4567999662831,80.0
1790845483,100,,Aggregated,82.100000,0.000000,72,76,81,87,880,990,1100,1100,1400,1400,1400,3975,0,74,230.8199521507365,45.09280005004257,2762.750699999742,79.22012578616352
1790845484,100,GET,GET /inventory/{product_id},14.100000,0.000000,900,970,1000,1000,1100,1100,1200,1300,1400,1400,1400,786,0,860,862.0701620859419,479.81559997424483,2762.750699999742,76.0
1790845484,100,POST,POST /events,67.200000,0.000000,70,73,75,77,81,85,90,93,110,110,110,3271,0,71,77.60219938842508,45.09280005004257,1904.4567999662831,80.0
1790845484,100,,Aggregated,81.300000,0.000000,72,77,82,87,850,990,1100,1100,1400,1400,1400,4057,0,74,229.584407591592,45.09280005004257,2762.750699999742,79.22504313532167
1790845485,100,GET,GET /inventory/{product_id},14.100000,0.000000,900,970,1000,1000,1100,1100,1300,1300,1400,1400,1400,803,0,860,863.1061601486889,479.81559997424483,2762.750699999742,76.0
1790845485,100,POST,POST /events,67.600000,0.000000,70,73,76,77,81,84,89,92,110,110,110,3331,0,71,77.4795801559613,45.09280005004257,1904.4567999662831,80.0
1790845485,100,,Aggregated,81.700000,0.000000,72,77,82,87,880,1000,1100,1100,1400,1400,1400,4134,0,74,230.08193713084282,45.09280005004257,2762.750699999742,79.22302854378326
1790845486,100,GET,GET /inventory/{product_id},13.500000,0.000000,920,990,1000,1000,1100,1200,1300,1300,1400,1400,1400,827,0,870,865.5471937116314,479.81559997424483,2762.750699999742,76.0
1790845486,100,POST,POST /events,67.900000,0.000000,70,73,76,77,81,84,90,92,110,110,110,3388,0,71,77.33783364800243,45.09280005004257,1904.4567999662831,80.0
1790845486,100,,Aggregated,81.400000,0.000000,72,77,83,92,900,1000,1100,1200,1400,1400,1400,4215,0,73,231.9876891100715,45.09280005004257,2762.750699999742,79.21518386714116
1790845487,100,GET,GET /inventory/{product_id},14.200000,0.000000,920,990,1000,1000,1100,1200,1300,1300,1400,1400,1400,842,0,870,865.7275028495675,479.81559997424483,2762.750699999742,76.0
1790845487,100,POST,POST /events,67.100000,0.000000,70,73,76,77,81,84,90,92,110,110,110,3455,0,71,77.2013058174636,45.09280005004257,1904.4567999662831,80.0
1790845487,100,,Aggregated,81.300000,0.000000,72,77,83,94,910,1000,1100,1200,1400,1400,1400,4297,0,73,231.71353711861124,45.09280005004257,2762.750699999742,79.21619734698626
1790845488,100,GET,GET /inventory/{product_id},15.100000,0.000000,920,990,1000,1000,1100,1200,1300,1300,1400,1400,1400,854,0,870,866.8924833715248,479.81559997424483,2762.750699999742,76.0
1790845488,100,POST,POST /events,65.200000,0.000000,70,73,76,77,81,84,90,93,110,110,110,3524,0,71,77.0340547387522,45.09280005004257,1904.4567999662831,80.0
1790845488,100,,Aggregated,80.300000,0.000000,72,77,82,92,910,1000,1100,1200,1400,1400,1400,4378,0,73,231.10876877538715,45.09280005004257,2762.750699999742,79.21973503883052
1790845489,100,GET,GET /inventory/{product_id},15.600000,0.000000,920,990,1000,1100,1100,1200,1300,1300,1400,1400,1400,867,0,870,868.7435519022732,479.81559997424483,2762.750699999742,76.0
1790845489,100,POST,POST /events,64.900000,0.000000,70,73,76,77,81,83,90,94,100,100,100,3595,0,71,76.8652525449998,45.09280005004257,1904.4567999662831,80.0
1790845489,100,,Aggregated,80.500000,0.000000,72,78,83,94,910,1000,1100,1200,1400,1400,1400,4462,0,73,230.7331336617089,45.09280005004257,2762.750699999742,79.22277005826983
1790845490,100,GET,GET /inventory/{product_id},15.300000,0.000000,910,990,1000,1000,1100,1200,1300,1300,1400,1400,1400,880,0,870,868.9846328400811,479.81559997424483,2762.750699999742,76.0
1790845490,100,POST,POST /events,65.600000,0.000000,70,73,75,77,81,83,90,94,100,100,100,3657,0,71,76.7412967730492,45.09280005004257,1904.4567999662831,80.0
1790845490,100,,Aggregated,80.900000,0.000000,72,78,83,95,910,1000,1100,1200,1400,1400,1400,4537,0,73,230.4054219083783,45.09280005004257,2762.750699999742,79.22415693189332
1790845491,100,GET,GET /inventory/{product_id},15.000000,0.000000,920,990,1000,1100,1100,1200,1300,1300,1300,1300,1300,902,0,870,871.0181303761132,479.81559997424483,2762.750699999742,76.0
1790845491,100,POST,POST /events,65.900000,0.000000,70,74,76,77,81,83,89,93,100,100,100,3725,0,71,76.61425318090782,45.09280005004257,1904.4567999662831,80.0
1790845491,100,,Aggregated,80.900000,0.000000,73,78,83,100,920,1000,1100,1200,1300,1300,1300,4627,0,73,231.47751171345055,45.09280005004257,2762.750699999742,79.22022909012318
1790845492,100,GET,GET /inventory/{product_id},15.300000,0.000000,930,1000,1000,1100,1100,1200,1200,1300,1300,1300,1300,910,0,870,871.428541977222,479.81559997424483,2762.750699999742,76.0
1790845492,100,POST,POST /events,64.700000,0.000000,70,74,76,77,81,84,89,93,100,100,100,3796,0,71,76.50304623254235,45.09280005004257,1904.4567999662831,80.0
1790845492,100,,Aggregated,80.000000,0.000000,73,77,82,90,920,1000,1100,1200,1300,1300,1300,4706,0,73,230.2179211002981,45.09280005004257,2762.750699999742,79.22651933701657
1790845493,100,GET,GET /inventory/{product_id},16.100000,0.000000,940,990,1000,1100,1100,1200,1300,1300,1300,1300,1300,928,0,870,872.1233593742313,479.81559997424483,2762.750699999742,76.0
1790845493,100,POST,POST /events,64.200000,0.000000,70,73,76,77,81,85,90,95,110,110,110,3854,0,71,76.4178370780647,45.09280005004257,1904.4567999662831,80.0
1790845493,100,,Aggregated,80.300000,0.000000,72,78,83,99,930,1000,1100,1200,1300,1300,1300,4782,0,73,230.83329602637974,45.09280005004257,2762.750699999742,79.22375575073191
1790845494,100,GET,GET /inventory/{product_id},15.500000,0.000000,940,1000,1000,1100,1100,1200,1200,1300,1300,1300,1300,948,0,880,873.325480379062,479.81559997424483,2762.750699999742,76.0
1790845494,100,POST,POST /events,66.000000,0.000000,70,73,76,77,81,85,92,95,110,110,110,3919,0,71,76.33568382218127,45.09280005004257,1904.4567999662831,80.0
1790845494,100,,Aggregated,81.500000,0.000000,73,78,83,110,940,1000,1100,1200,1300,1300,1300,4867,0,73,231.57429634240378,45.09280005004257,2762.750699999742,79.2208752825149
1790845495,100,GET,GET /inventory/{product_id},15.400000,0.000000,940,1000,1100,1100,1100,1200,1300,1300,3500,3500,3500,965,1,880,876.4949833154509,479.81559997424483,3483.8943000067957,76.0
1790845495,100,POST,POST /events,65.000000,0.000000,70,74,76,77,82,86,94,100,110,110,110,3978,0,71,76.29243169909802,45.09280005004257,1904.4567999662831,80.0
1790845495,100,,Aggregated,80.400000,0.000000,73,78,84,100,930,1000,1100,1200,3500,3500,3500,4943,1,73,232.51243216638116,45.09280005004257,3483.8943000067957,79.21909771393891
1790845496,100,GET,GET /inventory/{product_id},15.900000,0.000000,920,1000,1100,1100,1100,1200,1300,1300,3500,3500,3500,983,1,880,876.452982298379,479.81559997424483,3483.8943000067957,76.0
1790845496,100,POST,POST /events,64.300000,0.000000,70,74,76,77,81,87,95,100,1300,1300,1300,4039,0,71,76.48440765015015,45.09280005004257,1904.4567999662831,80.0
1790845496,100,,Aggregated,80.200000,0.000000,73,78,84,100,910,1100,1200,1200,3500,3500,3500,5022,1,73,233.06925609284406,45.09280005004257,3483.8943000067957,79.21704500199124
1790845497,100,GET,GET /inventory/{product_id},16.000000,0.100000,930,1000,1100,1100,1200,1200,1300,1300,3500,3500,3500,997,1,880,877.8087724165556,479.81559997424483,3483.8943000067957,76.0
1790845497,100,POST,POST /events,64.200000,0.000000,70,74,76,77,82,87,95,100,1300,1300,1300,4103,0,71,76.33792044814606,45.09280005004257,1904.4567999662831,80.0
1790845497,100,,Aggregated,80.200000,0.100000,73,79,85,110,930,1100,1200,1200,3500,3500,3500,5100,1,73,233.01761445059788,45.09280005004257,3483.8943000067957,79.21803921568628
1790845498,100,GET,GET /inventory/{product_id},15.700000,0.100000,910,1000,1100,1100,1200,1200,1300,1300,3500,3500,3500,1019,1,880,879.3248378795547,479.81559997424483,3483.8943000067957,76.0
1790845498,100,POST,POST /events,65.100000,0.000000,70,74,76,77,82,86,94,100,1300,1300,1300,4164,0,71,76.25388551841874,45.09280005004257,1904.4567999662831,80.0
1790845498,100,,Aggregated,80.800000,0.100000,73,79,86,660,940,1100,1200,1200,3500,3500,3500,5183,1,73,234.14107449314332,45.09280005004257,3483.8943000067957,79.21358286706541
1790845499,100,GET,GET /inventory/{product_id},15.300000,0.100000,920,1000,1100,1100,1200,1200,1300,1300,3500,3500,3500,1035,1,880,879.840537970312,479.81559997424483,3483.8943000067957,76.0
1790845499,100,POST,POST /events,64.600000,0.000000,70,74,76,78,82,86,94,100,1300,1300,1300,4230,0,71,76.16566647728685,45.09280005004257,1904.4567999662831,80.0
1790845499,100,,Aggregated,79.900000,0.100000,73,79,86,670,960,1100,1200,1200,3500,3500,3500,5265,1,73,234.15303437762512,45.09280005004257,3483.8943000067957,79.21367521367522
1790845500,100,GET,GET /inventory/{product_id},16.200000,0.100000,900,1000,1000,1100,1200,1300,1300,1400,3500,3500,3500,1051,1,880,880.2992921971896,479.81559997424483,3483.8943000067957,76.0
1790845500,100,POST,POST /events,63.300000,0.000000,71,74,77,78,82,86,95,100,1300,1300,1300,4292,0,71,76.09411992053137,45.09280005004257,1904.4567999662831,80.0
1790845500,100,,Aggregated,79.500000,0.100000,73,79,86,640,920,1100,1200,1300,3500,3500,3500,5343,1,73,234.2860787569094,45.09280005004257,3483.8943000067957,79.2131761182856
1790845501,100,GET,GET /inventory/{product_id},16.700000,0.100000,920,1000,1100,1100,1200,1300,1300,1400,3500,3500,3500,1067,1,880,882.3148371126317,479.81559997424483,3483.8943000067957,76.0
1790845501,100,POST,POST /events,63.000000,0.000000,71,74,77,78,82,86,95,100,1300,1300,1300,4363,0,71,76.01873946804717,45.09280005004257,1904.4567999662831,80.0
1790845501,100,,Aggregated,79.700000,0.100000,74,80,88,680,980,1100,1200,1300,3500,3500,3500,5430,1,73,234.45666510097016,45.09280005004257,3483.8943000067957,79.21399631675875
1790845502,100,GET,GET /inventory/{product_id},16.800000,0.100000,920,1000,1100,1100,1200,1300,1300,1400,3500,3500,3500,1079,1,880,882.3967069501047,479.81559997424483,3483.8943000067957,76.0
1790845502,100,POST,POST /events,63.100000,0.000000,71,74,77,78,82,87,95,100,1300,1300,1300,4430,0,71,76.00999850998937,45.09280005004257,1904.4567999662831,80.0
1790845502,100,,Aggregated,79.900000,0.100000,74,79,86,660,940,1100,1200,1300,3500,3500,3500,5509,1,73,233.94996191657575,45.09280005004257,3483.8943000067957,79.21655472862588
1790845503,100,GET,GET /inventory/{product_id},16.300000,0.100000,930,1000,1100,1100,1200,1300,1400,1400,3500,3500,3500,1094,1,880,883.8769022844731,479.81559997424483,3483.8943000067957,76.0
1790845503,100,POST,POST /events,63.100000,0.000000,71,75,77,78,82,87,100,130,1300,1300,1300,4488,0,71,76.00664284742288,45.09280005004257,1904.4567999662831,80.0
1790845503,100,,Aggregated,79.400000,0.100000,74,80,86,610,950,1100,1200,1300,3500,3500,3500,5582,1,73,234.33879329961437,45.09280005004257,3483.8943000067957,79.2160515944106
1790845504,100,GET,GET /inventory/{product_id},16.600000,0.100000,950,1000,1100,1100,1200,1200,1300,1400,1400,1400,1400,1117,1,880,885.0356438667756,479.81559997424483,3483.8943000067957,76.0
1790845504,100,POST,POST /events,62.700000,0.000000,71,74,77,78,82,86,95,130,1300,1300,1300,4546,0,71,75.91502606671355,45.09280005004257,1904.4567999662831,80.0
1790845504,100,,Aggregated,79.300000,0.100000,74,79,86,680,980,1100,1200,1300,1400,1400,1400,5663,1,73,235.5102459294487,45.09280005004257,3483.8943000067957,79.21101889457884
1790845505,100,GET,GET /inventory/{product_id},16.200000,0.100000,960,1000,1100,1100,1200,1200,1300,1400,1400,1400,1400,1131,1,880,885.6124889471891,479.81559997424483,3483.8943000067957,76.0
1790845505,100,POST,POST /events,62.800000,0.000000,71,75,77,78,82,86,95,110,150,150,150,4607,0,71,75.85511849342075,45.09280005004257,1904.4567999662831,80.0
1790845505,100,,Aggregated,79.000000,0.100000,74,79,85,660,980,1100,1200,1200,1400,1400,1400,5738,1,73,235.46396930959574,45.09280005004257,3483.8943000067957,79.21157197629836
1790845506,100,GET,GET /inventory/{product_id},16.800000,0.100000,970,1000,1100,1100,1200,1200,1300,1400,1400,1400,1400,1149,1,890,887.3223382066242,479.81559997424483,3483.8943000067957,76.0
1790845506,100,POST,POST /events,62.200000,0.000000,71,75,77,78,82,86,95,110,150,150,150,4667,0,71,75.80123190471575,45.09280005004257,1904.4567999662831,80.0
1790845506,100,,Aggregated,79.000000,0.100000,74,80,86,680,980,1100,1200,1200,1400,1400,1400,5816,1,73,236.12409145438784,45.09280005004257,3483.8943000067957,79.20976616231087
1790845507,100,GET,GET /inventory/{product_id},16.500000,0.000000,970,1000,1100,1100,1200,1200,1300,1400,1400,1400,1400,1170,1,890,888.4288257259565,479.81559997424483,3483.8943000067957,76.0
1790845507,100,POST,POST /events,62.300000,0.000000,71,75,77,78,82,86,95,110,150,150,150,4728,0,71,75.7277596234149,45.09280005004257,1904.4567999662831,80.0
1790845507,100,,Aggregated,78.800000,0.000000,74,79,87,680,980,1100,1200,1200,1400,1400,1400,5898,1,73,236.9451633772253,45.09280005004257,3483.8943000067957,79.20651068158698
1790845508,100,GET,GET /inventory/{product_id},16.400000,0.000000,980,1000,1100,1100,1200,1200,1300,1400,1400,1400,1400,1181,1,890,889.4085019469461,479.81559997424483,3483.8943000067957,76.0
1790845508,100,POST,POST /events,62.100000,0.000000,71,75,77,78,82,87,95,110,150,150,150,4791,0,71,75.65618069287522,45.09280005004257,1904.4567999662831,80.0
1790845508,100,,Aggregated,78.500000,0.000000,74,79,86,670,980,1100,1200,1200,1400,1400,1400,5972,1,73,236.58074388796192,45.09280005004257,3483.8943000067957,79.20897521768252
1790845509,100,GET,GET /inventory/{product_id},16.900000,0.000000,980,1000,1100,1100,1200,1200,1200,1400,3500,3500,3500,1198,2,890,893.2441056754404,479.81559997424483,3541.4863000041805,76.0
1790845509,100,POST,POST /events,62.500000,0.000000,71,75,77,78,83,87,95,110,150,150,150,4857,0,71,75.59799890868294,45.09280005004257,1904.4567999662831,80.0
1790845509,100,,Aggregated,79.400000,0.000000,74,79,87,680,990,1100,1200,1200,3500,3500,3500,6055,2,73,237.3717455489101,45.09280005004257,3541.4863000041805,79.20858794384806
1790845510,100,GET,GET /inventory/{product_id},16.100000,0.000000,980,1000,1100,1100,1200,1200,1300,1400,3500,3500,3500,1212,2,890,894.5313429037492,479.81559997424483,3541.4863000041805,76.0
1790845510,100,POST,POST /events,63.000000,0.000000,71,75,77,78,84,87,95,130,1300,1300,1300,4930,0,71,75.76244845831697,45.09280005004257,1904.4567999662831,80.0
1790845510,100,,Aggregated,79.100000,0.000000,74,79,86,670,990,1100,1200,1200,3500,3500,3500,6142,2,73,237.3299997555921,45.09280005004257,3541.4863000041805,79.21068056007815
1790845511,100,GET,GET /inventory/{product_id},16.200000,0.100000,990,1000,1100,1100,1200,1200,1300,1400,3500,3500,3500,1225,2,890,895.066097632041,479.81559997424483,3541.4863000041805,76.0
1790845511,100,POST,POST /events,62.500000,0.000000,71,74,76,78,84,87,93,130,1300,1300,1300,4999,0,71,75.71816331259397,45.09280005004257,1904.4567999662831,80.0
1790845511,100,,Aggregated,78.700000,0.100000,74,79,86,680,990,1100,1200,1200,3500,3500,3500,6224,2,73,236.9812127247602,45.09280005004257,3541.4863000041805,79.21272493573265
1790845512,100,GET,GET /inventory/{product_id},16.100000,0.100000,990,1000,1100,1100,1200,1200,1300,1400,3500,3500,3500,1238,2,890,895.9456599347676,479.81559997424483,3541.4863000041805,76.0
1790845512,100,POST,POST /events,62.600000,0.000000,71,74,76,78,83,86,91,93,1300,1300,1300,5062,0,71,75.65079197941712,45.09280005004257,1904.4567999662831,80.0
1790845512,100,,Aggregated,78.700000,0.100000,73,79,86,670,990,1100,1200,1200,3500,3500,3500,6300,2,73,236.8452438093733,45.09280005004257,3541.4863000041805,79.21396825396826
1790845513,100,GET,GET /inventory/{product_id},15.800000,0.100000,980,1100,1100,1100,1200,1200,1300,1300,3500,3500,3500,1257,2,900,897.1635084322805,479.81559997424483,3541.4863000041805,76.0
1790845513,100,POST,POST /events,62.900000,0.000000,71,74,76,78,83,86,91,93,1300,1300,1300,5131,0,71,75.5744695380094,45.09280005004257,1904.4567999662831,80.0
1790845513,100,,Aggregated,78.700000,0.100000,73,79,85,93,980,1100,1200,1200,3500,3500,3500,6388,2,73,237.2428198652008,45.09280005004257,3541.4863000041805,79.2128991859737
1790845514,100,GET,GET /inventory/{product_id},15.900000,0.100000,980,1100,1100,1100,1200,1300,1300,1300,3500,3500,3500,1268,2,900,897.3134712139637,479.81559997424483,3541.4863000041805,76.0
1790845514,100,POST,POST /events,62.800000,0.000000,70,74,76,78,83,86,91,93,1300,1300,1300,5194,0,71,75.50376763556436,45.09280005004257,1904.4567999662831,80.0
1790845514,100,,Aggregated,78.700000,0.100000,73,79,85,93,980,1100,1200,1300,3500,3500,3500,6462,2,73,236.76262002451674,45.09280005004257,3541.4863000041805,79.21510368307025
1790845515,100,GET,GET /inventory/{product_id},16.500000,0.100000,1000,1100,1100,1100,1200,1300,1300,1400,3500,3500,3500,1288,2,900,898.8089134310816,479.81559997424483,3541.4863000041805,76.0
1790845515,100,POST,POST /events,63.300000,0.000000,70,74,76,78,83,86,91,93,1300,1300,1300,5260,0,71,75.45537709107113,45.09280005004257,1904.4567999662831,80.0
1790845515,100,,Aggregated,79.800000,0.100000,73,79,85,93,990,1100,1200,1300,3500,3500,3500,6548,2,73,237.41007391543482,45.09280005004257,3541.4863000041805,79.21319486866219
1790845516,100,GET,GET /inventory/{product_id},15.100000,0.100000,990,1000,1100,1100,1200,1300,1300,1400,3500,3500,3500,1302,2,900,899.4134878642254,479.81559997424483,3541.4863000041805,76.0
1790845516,100,POST,POST /events,64.300000,0.000000,70,74,76,78,84,87,91,93,1300,1300,1300,5325,0,71,75.41186133312158,45.09280005004257,1904.4567999662831,80.0
1790845516,100,,Aggregated,79.400000,0.100000,73,79,85,91,980,1100,1200,1300,3500,3500,3500,6627,2,73,237.30262906263678,45.09280005004257,3541.4863000041805,79.21412403802626
1790845517,100,GET,GET /inventory/{product_id},15.800000,0.100000,1000,1000,1100,1100,1200,1300,1300,1400,3500,3500,3500,1320,2,900,900.2200862872114,479.81559997424483,3541.4863000041805,76.0
1790845517,100,POST,POST /events,64.900000,0.000000,71,74,77,79,84,87,92,100,1300,1300,1300,5381,0,71,75.58458046802895,45.09280005004257,1904.4567999662831,80.0
1790845517,100,,Aggregated,80.700000,0.100000,73,80,86,110,1000,1100,1200,1300,3500,3500,3500,6701,2,73,238.02583814319993,45.09280005004257,3541.4863000041805,79.21205790180571
1790845518,100,GET,GET /inventory/{product_id},15.000000,0.100000,990,1000,1100,1100,1200,1300,1300,1300,1400,1400,1400,1335,2,900,901.1892607484854,479.81559997424483,3541.4863000041805,76.0
1790845518,100,POST,POST /events,65.300000,0.000000,71,75,77,79,84,87,92,98,1300,1300,1300,5446,0,71,75.53912794690183,45.09280005004257,1904.4567999662831,80.0
1790845518,100,,Aggregated,80.300000,0.100000,73,79,86,97,990,1100,1200,1300,1400,1400,1400,6781,2,73,238.08785634833436,45.09280005004257,3541.4863000041805,79.2125055301578
1790845519,100,GET,GET /inventory/{product_id},15.300000,0.100000,980,1000,1100,1100,1200,1300,1300,1300,1400,1400,1400,1351,2,900,901.992637157057,479.81559997424483,3541.4863000041805,76.0
1790845519,100,POST,POST /events,64.800000,0.000000,72,75,78,79,84,87,91,97,1100,1100,1100,5515,0,71,75.52712085196227,45.09280005004257,1904.4567999662831,80.0
1790845519,100,,Aggregated,80.100000,0.100000,74,80,86,97,980,1100,1200,1300,1400,1400,1400,6866,2,73,238.14799363497752,45.09280005004257,3541.4863000041805,79.2129332944946
1790845520,100,GET,GET /inventory/{product_id},15.500000,0.100000,980,1000,1100,1100,1200,1300,1300,1300,1400,1400,1400,1367,2,900,902.236543013331,479.81559997424483,3541.4863000041805,76.0
1790845520,100,POST,POST /events,65.000000,0.000000,72,75,78,79,84,87,91,98,1100,1100,1100,5578,0,71,75.48849166338537,45.09280005004257,1904.4567999662831,80.0
1790845520,100,,Aggregated,80.500000,0.100000,74,80,86,110,980,1100,1200,1300,1400,1400,1400,6945,2,74,238.21917362096286,45.09280005004257,3541.4863000041805,79.2126709863211
1790845521,100,GET,GET /inventory/{product_id},15.400000,0.000000,980,1000,1100,1100,1200,1300,1300,1300,1400,1400,1400,1384,2,900,902.6565299851122,479.81559997424483,3541.4863000041805,76.0
1790845521,100,POST,POST /events,65.200000,0.000000,72,75,78,80,84,87,91,100,1100,1100,1100,5642,0,71,75.43837504404418,45.09280005004257,1904.4567999662831,80.0
1790845521,100,,Aggregated,80.600000,0.000000,75,80,86,610,980,1100,1200,1300,1400,1400,1400,7026,2,74,238.3859876882853,45.09280005004257,3541.4863000041805,79.21206945630516
1790845522,100,GET,GET /inventory/{product_id},15.300000,0.000000,980,1000,1100,1100,1200,1300,1300,1300,1400,1400,1400,1398,2,900,903.7332947777974,479.81559997424483,3541.4863000041805,76.0
1790845522,100,POST,POST /events,65.000000,0.000000,72,75,78,79,84,87,92,100,1100,1100,1100,5708,0,71,75.39282979997152,45.09280005004257,1904.4567999662831,80.0
1790845522,100,,Aggregated,80.300000,0.000000,75,80,86,110,980,1100,1200,1300,1400,1400,1400,7106,2,74,238.35651823777064,45.09280005004257,3541.4863000041805,79.213059386434
1790845523,100,GET,GET /inventory/{product_id},15.700000,0.000000,1000,1000,1100,1100,1200,1200,1300,1300,1400,1400,1400,1415,2,900,905.4219261480268,479.81559997424483,3541.4863000041805,76.0
1790845523,100,POST,POST /events,64.800000,0.000000,72,76,78,79,84,87,92,110,1100,1100,1100,5773,0,71,75.38079459522814,45.09280005004257,1904.4567999662831,80.0
1790845523,100,,Aggregated,80.500000,0.000000,75,80,86,640,1000,1100,1200,1200,1400,1400,1400,7188,2,74,238.77926442650391,45.09280005004257,3541.4863000041805,79.21257651641625
1790845524,100,GET,GET /inventory/{product_id},15.800000,0.000000,1000,1000,1100,1100,1200,1200,1300,1300,1300,1300,1300,1429,2,900,906.0033347092352,479.81559997424483,3541.4863000041805,76.0
1790845524,100,POST,POST /events,64.300000,0.000000,72,76,78,79,84,87,91,99,1100,1100,1100,5845,0,71,75.31248316480686,45.09280005004257,1904.4567999662831,80.0
1790845524,100,,Aggregated,80.100000,0.000000,75,80,85,110,1000,1100,1200,1200,1300,1300,1300,7274,2,73,238.50429329087066,45.09280005004257,3541.4863000041805,79.2141875171845
1790845525,100,GET,GET /inventory/{product_id},15.800000,0.000000,1000,1000,1100,1100,1200,1200,1300,1300,1300,1300,1300,1442,2,910,907.2847558248752,479.81559997424483,3541.4863000041805,76.0
1790845525,100,POST,POST /events,64.200000,0.000000,72,76,78,79,84,87,92,100,1100,1100,1100,5919,0,71,75.248252356508,45.09280005004257,1904.4567999662831,80.0
1790845525,100,,Aggregated,80.000000,0.000000,75,80,86,110,1000,1100,1200,1200,1300,1300,1300,7361,2,73,238.24195402766483,45.09280005004257,3541.4863000041805,79.21641081374813
1790845526,100,GET,GET /inventory/{product_id},16.000000,0.000000,1000,1000,1100,1100,1200,1200,1300,1300,1300,1300,1300,1453,2,910,907.2735047484482,479.81559997424483,3541.4863000041805,76.0
1790845526,100,POST,POST /events,64.000000,0.000000,72,76,78,79,83,87,91,97,350,350,350,5980,0,71,75.19041351146839,45.09280005004257,1904.4567999662831,80.0
1790845526,100,,Aggregated,80.000000,0.000000,74,79,84,89,970,1100,1200,1200,1300,1300,1300,7433,2,73,237.84569826423734,45.09280005004257,3541.4863000041805,79.21808152831966
1790845527,100,GET,GET /inventory/{product_id},15.300000,0.000000,1000,1100,1100,1100,1200,1200,1300,1300,1400,1400,1400,1475,2,910,909.2248677964307,479.81559997424483,3541.4863000041805,76.0
1790845527,100,POST,POST /events,64.300000,0.000000,71,75,78,79,83,87,92,95,350,350,350,6034,0,71,75.17587649962026,45.09280005004257,1904.4567999662831,80.0
1790845527,100,,Aggregated,79.600000,0.000000,74,80,85,97,990,1100,1200,1200,1400,1400,1400,7509,2,73,239.00891181228445,45.09280005004257,3541.4863000041805,79.21427620189107
1790845528,100,GET,GET /inventory/{product_id},15.400000,0.000000,1000,1100,1100,1100,1200,1200,1300,1400,1400,1400,1400,1492,2,910,911.0785754689408,479.81559997424483,3541.4863000041805,76.0
1790845528,100,POST,POST /events,65.000000,0.000000,71,75,78,79,83,87,92,95,350,350,350,6101,0,71,75.1365258643418,45.09280005004257,1904.4567999662831,80.0
1790845528,100,,Aggregated,80.400000,0.000000,74,80,84,97,1000,1100,1200,1200,1400,1400,1400,7593,2,74,239.39644131410628,45.09280005004257,3541.4863000041805,79.21401290662452
1790845529,100,GET,GET /inventory/{product_id},14.500000,0.000000,1000,1100,1100,1200,1200,1300,1300,1400,1400,1400,1400,1501,2,910,911.5710329779158,479.81559997424483,3541.4863000041805,76.0
1790845529,100,POST,POST /events,64.300000,0.000000,71,75,77,79,82,87,92,95,1800,1800,1800,6174,0,71,75.36540950729868,45.09280005004257,1904.4567999662831,80.0
1790845529,100,,Aggregated,78.800000,0.000000,73,79,84,93,1000,1100,1200,1300,1800,1800,1800,7675,2,73,238.90217052741548,45.09280005004257,3541.4863000041805,79.21771986970684
1790845530,100,GET,GET /inventory/{product_id},15.300000,0.000000,1000,1100,1100,1200,1200,1300,1400,1400,2300,2300,2300,1517,2,910,913.970421291877,479.81559997424483,3541.4863000041805,76.0
1790845530,100,POST,POST /events,63.500000,0.000000,71,75,78,79,83,87,93,97,1800,1800,1800,6233,0,71,75.33164394316363,45.09280005004257,1904.4567999662831,80.0
1790845530,100,,Aggregated,78.800000,0.000000,73,79,84,94,1000,1100,1200,1300,2300,2300,2300,7750,2,73,239.48842139322792,45.09280005004257,3541.4863000041805,79.21703225806452
1790845531,100,GET,GET /inventory/{product_id},15.000000,0.000000,1000,1100,1200,1200,1200,1300,1400,1400,2300,2300,2300,1535,2,910,915.7814073613359,479.81559997424483,3541.4863000041805,76.0
1790845531,100,POST,POST /events,64.100000,0.000000,70,75,77,79,83,87,93,97,1800,1800,1800,6294,0,71,75.28716979627795,45.09280005004257,1904.4567999662831,80.0
1790845531,100,,Aggregated,79.100000,0.000000,73,79,85,97,1000,1100,1200,1300,2300,2300,2300,7829,2,73,240.07943632614945,45.09280005004257,3541.4863000041805,79.21573636479755
1790845532,100,GET,GET /inventory/{product_id},14.600000,0.000000,1000,1100,1100,1200,1200,1300,1400,1400,2300,2300,2300,1544,2,910,916.1577900256985,479.81559997424483,3541.4863000041805,76.0
1790845532,100,POST,POST /events,64.400000,0.000000,71,75,77,79,84,87,93,99,1800,1800,1800,6357,0,71,75.43164903224732,45.09280005004257,1904.4567999662831,80.0
1790845532,100,,Aggregated,79.000000,0.000000,73,79,85,93,1000,1100,1200,1300,2300,2300,2300,7901,2,73,239.72492351571634,45.09280005004257,3541.4863000041805,79.2183267940767
1790845533,100,GET,GET /inventory/{product_id},14.200000,0.000000,1000,1100,1100,1200,1200,1300,1400,1400,2300,2300,2300,1567,2,920,916.877989533973,479.81559997424483,3541.4863000041805,76.0
1790845533,100,POST,POST /events,64.500000,0.000000,71,75,77,79,84,87,94,99,1800,1800,1800,6416,0,71,75.3940423001358,45.09280005004257,1904.4567999662831,80.0
1790845533,100,,Aggregated,78.700000,0.000000,74,80,86,100,1000,1100,1200,1300,2300,2300,2300,7983,2,74,240.57071088530716,45.09280005004257,3541.4863000041805,79.21483151697358
1790845534,100,GET,GET /inventory/{product_id},14.900000,0.000000,1000,1100,1100,1200,1200,1300,1400,1400,2300,2300,2300,1579,2,920,917.1037058896126,479.81559997424483,3541.4863000041805,76.0
1790845534,100,POST,POST /events,63.800000,0.000000,71,75,77,79,83,87,94,98,1800,1800,1800,6481,0,71,75.33276960313674,45.09280005004257,1904.4567999662831,80.0
1790845534,100,,Aggregated,78.700000,0.000000,74,80,85,97,1000,1100,1200,1300,2300,2300,2300,8060,2,73,240.24050017340292,45.09280005004257,3541.4863000041805,79.21637717121588
1790845535,100,GET,GET /inventory/{product_id},14.600000,0.000000,1000,1100,1100,1200,1300,1300,1400,1400,2300,2300,2300,1599,2,920,918.1488988742092,479.81559997424483,3541.4863000041805,76.0
1790845535,100,POST,POST /events,64.200000,0.000000,71,75,77,78,83,86,93,98,1800,1800,1800,6543,0,71,75.28192057128847,45.09280005004257,1904.4567999662831,80.0
1790845535,100,,Aggregated,78.800000,0.000000,74,80,86,660,1000,1100,1300,1300,2300,2300,2300,8142,2,73,240.81180245612882,45.09280005004257,3541.4863000041805,79.2144436256448
1790845536,100,GET,GET /inventory/{product_id},14.900000,0.000000,1000,1100,1100,1200,1300,1300,1400,1400,2300,2300,2300,1615,2,920,918.4769893497597,479.81559997424483,3541.4863000041805,76.0
1790845536,100,POST,POST /events,64.200000,0.000000,71,74,77,78,83,87,93,100,1800,1800,1800,6603,0,71,75.23518512764906,45.09280005004257,1904.4567999662831,80.0
1790845536,100,,Aggregated,79.100000,0.000000,74,79,86,700,1000,1200,1300,1300,2300,2300,2300,8218,2,73,240.94892494496577,45.09280005004257,3541.4863000041805,79.21392066196155
1790845537,100,GET,GET /inventory/{product_id},15.500000,0.000000,1000,1100,1100,1200,1300,1300,1400,1400,2300,2300,2300,1631,2,920,919.154313427305,479.81559997424483,3541.4863000041805,76.0
1790845537,100,POST,POST /events,63.800000,0.000000,71,74,77,78,83,86,91,97,1800,1800,1800,6670,0,71,75.2026782756304,45.09280005004257,1904.4567999662831,80.0
1790845537,100,,Aggregated,79.300000,0.000000,73,79,86,100,1000,1100,1300,1300,2300,2300,2300,8301,2,73,241.02428012268274,45.09280005004257,3541.4863000041805,79.21407059390435
1790845538,100,GET,GET /inventory/{product_id},15.700000,0.000000,1000,1100,1200,1200,1300,1300,1400,1400,2300,2300,2300,1646,2,920,920.7055207776451,479.81559997424483,3541.4863000041805,76.0
1790845538,100,POST,POST /events,62.500000,0.000000,71,75,77,78,84,87,93,98,1800,1800,1800,6737,0,71,75.17243578722938,45.09280005004257,1904.4567999662831,80.0
1790845538,100,,Aggregated,78.200000,0.000000,74,79,86,580,1000,1200,1300,1300,2300,2300,2300,8383,2,74,241.19265025630062,45.09280005004257,3541.4863000041805,79.21460097817011
1790845539,100,GET,GET /inventory/{product_id},16.700000,0.000000,1000,1100,1100,1200,1300,1300,1400,1400,1400,1400,1400,1657,2,920,921.4625750150134,479.81559997424483,3541.4863000041805,76.0
1790845539,100,POST,POST /events,63.200000,0.000000,71,75,77,78,84,87,92,96,1100,1100,1100,6805,0,71,75.12575077124947,45.09280005004257,1904.4567999662831,80.0
1790845539,100,,Aggregated,79.900000,0.000000,74,80,86,580,1000,1100,1300,1300,1400,1400,1400,8462,2,73,240.85254322834197,45.09280005004257,3541.4863000041805,79.21673363271094
1790845540,100,GET,GET /inventory/{product_id},15.600000,0.000000,1000,1100,1100,1200,1300,1300,1400,1400,1400,1400,1400,1674,2,920,922.8513157704518,479.81559997424483,3541.4863000041805,76.0
1790845540,100,POST,POST /events,64.500000,0.000000,71,74,76,78,83,87,92,97,1100,1100,1100,6876,0,71,75.07311593928229,45.09280005004257,1904.4567999662831,80.0
1790845540,100,,Aggregated,80.100000,0.000000,73,79,86,640,1000,1100,1300,1300,1400,1400,1400,8550,2,73,241.05916348517442,45.09280005004257,3541.4863000041805,79.21684210526315
1790845541,100,GET,GET /inventory/{product_id},15.600000,0.000000,1000,1100,1100,1200,1300,1300,1400,1400,1400,1400,1400,1685,2,920,923.1162037387786,479.81559997424483,3541.4863000041805,76.0
1790845541,100,POST,POST /events,64.000000,0.000000,71,74,76,78,82,86,91,96,140,140,140,6943,0,71,75.03091531013808,45.09280005004257,1904.4567999662831,80.0
1790845541,100,,Aggregated,79.600000,0.000000,73,78,85,95,1000,1100,1300,1300,1400,1400,1400,8628,2,73,240.6572146845307,45.09280005004257,3541.4863000041805,79.21882243857209
1790845542,100,GET,GET /inventory/{product_id},16.000000,0.000000,1000,1100,1100,1200,1300,1300,1400,1400,1500,1500,1500,1703,2,920,923.763063358645,479.81559997424483,3541.4863000041805,76.0
1790845542,100,POST,POST /events,63.900000,0.000000,71,75,77,78,82,86,90,95,140,140,140,7003,0,71,75.01835409089489,45.09280005004257,1904.4567999662831,80.0
1790845542,100,,Aggregated,79.900000,0.000000,74,79,85,96,1000,1100,1300,1300,1500,1500,1500,8706,2,74,241.04319212018257,45.09280005004257,3541.4863000041805,79.21755111417413
1790845543,100,GET,GET /inventory/{product_id},15.900000,0.000000,1000,1100,1100,1200,1300,1300,1400,1400,1500,1500,1500,1722,2,920,924.5678887338946,479.81559997424483,3541.4863000041805,76.0
1790845543,100,POST,POST /events,64.400000,0.000000,71,75,77,79,82,86,91,95,140,140,140,7063,0,71,74.98389987241742,45.09280005004257,1904.4567999662831,80.0
1790845543,100,,Aggregated,80.300000,0.000000,74,79,86,120,1000,1100,1300,1300,1500,1500,1500,8785,2,74,241.51590087634045,45.09280005004257,3541.4863000041805,79.21593625498008
1790845544,100,GET,GET /inventory/{product_id},15.400000,0.000000,1000,1100,1100,1200,1300,1300,1400,1400,1500,1500,1500,1735,2,920,925.2972745819363,479.81559997424483,3541.4863000041805,76.0
1790845544,100,POST,POST /events,64.600000,0.000000,71,75,77,79,83,87,92,95,140,140,140,7135,0,71,74.93469168872754,45.09280005004257,1904.4567999662831,80.0
1790845544,100,,Aggregated,80.000000,0.000000,74,79,85,93,1000,1100,1300,1300,1500,1500,1500,8870,2,74,241.26829724901134,45.09280005004257,3541.4863000041805,79.21758737316799
1790845545,100,GET,GET /inventory/{product_id},15.700000,0.000000,1000,1100,1200,1200,1300,1300,1400,1400,1500,1500,1500,1748,2,930,926.5156148167516,479.81559997424483,3541.4863000041805,76.0
1790845545,100,POST,POST /events,63.800000,0.000000,71,75,77,79,83,87,92,95,140,140,140,7207,0,71,74.89787130553285,45.09280005004257,1904.4567999662831,80.0
1790845545,100,,Aggregated,79.500000,0.000000,74,79,85,92,1000,1100,1300,1300,1500,1500,1500,8955,2,74,241.13213324384782,45.09280005004257,3541.4863000041805,79.21920714684533
1790845546,100,GET,GET /inventory/{product_id},15.400000,0.000000,1000,1100,1200,1200,1300,1300,1400,1400,1500,1500,1500,1757,2,930,927.9618749002302,479.81559997424483,3541.4863000041805,76.0
1790845546,100,POST,POST /events,64.300000,0.000000,71,75,77,79,84,87,92,95,140,140,140,7275,0,71,74.85467927132756,45.09280005004257,1904.4567999662831,80.0
1790845546,100,,Aggregated,79.700000,0.000000,74,79,84,88,1000,1200,1300,1300,1500,1500,1500,9032,2,74,240.8100980844345,45.09280005004257,3541.4863000041805,79.22187776793622
1790845547,100,GET,GET /inventory/{product_id},14.800000,0.000000,1000,1100,1200,1200,1300,1300,1400,1400,1500,1500,1500,1773,2,930,929.2687495204673,479.81559997424483,3541.4863000041805,76.0
1790845547,100,POST,POST /events,64.700000,0.000000,71,74,77,78,82,86,90,95,140,140,140,7331,0,71,74.81944420936252,45.09280005004257,1904.4567999662831,80.0
1790845547,100,,Aggregated,79.500000,0.000000,73,78,83,88,1000,1200,1300,1300,1500,1500,1500,9104,2,73,241.22307100160646,45.09280005004257,3541.4863000041805,79.22100175746924
1790845548,100,GET,GET /inventory/{product_id},14.600000,0.000000,1100,1100,1200,1200,1300,1300,1400,1400,1500,1500,1500,1794,2,930,931.0078629317985,479.81559997424483,3541.4863000041805,76.0
1790845548,100,POST,POST /events,66.200000,0.000000,71,74,77,78,82,86,91,98,140,140,140,7386,0,71,74.79111735703086,45.09280005004257,1904.4567999662831,80.0
1790845548,100,,Aggregated,80.800000,0.000000,73,79,84,92,1000,1200,1300,1300,1500,1500,1500,9180,2,73,242.11713495628283,45.09280005004257,3541.4863000041805,79.21830065359477
1790845549,100,GET,GET /inventory/{product_id},13.300000,0.000000,1100,1100,1200,1200,1300,1300,1400,1500,1500,1500,1500,1812,2,930,931.7967384655882,479.81559997424483,3541.4863000041805,76.0
1790845549,100,POST,POST /events,66.500000,0.000000,71,75,77,79,83,86,90,93,120,120,120,7453,0,71,74.77597054863358,45.09280005004257,1904.4567999662831,80.0
1790845549,100,,Aggregated,79.800000,0.000000,74,79,85,97,1000,1200,1300,1300,1500,1500,1500,9265,2,74,242.38758754437256,45.09280005004257,3541.4863000041805,79.21770102536428
1790845550,100,GET,GET /inventory/{product_id},14.300000,0.000000,1000,1100,1200,1200,1300,1400,1500,1500,2100,2100,2100,1825,2,930,932.7125255888238,479.81559997424483,3541.4863000041805,76.0
1790845550,100,POST,POST /events,65.300000,0.000000,71,75,77,79,83,86,91,97,120,120,120,7519,0,71,74.73933645416633,45.09280005004257,1904.4567999662831,80.0
1790845550,100,,Aggregated,79.600000,0.000000,74,79,85,98,1000,1200,1300,1400,2100,2100,2100,9344,2,74,242.31222495702914,45.09280005004257,3541.4863000041805,79.21875
1790845551,100,GET,GET /inventory/{product_id},14.200000,0.000000,1100,1100,1200,1200,1300,1300,1400,1500,2100,2100,2100,1841,2,930,933.3873714826493,479.81559997424483,3541.4863000041805,76.0
1790845551,100,POST,POST /events,64.400000,0.000000,71,74,77,78,83,85,91,96,110,110,110,7584,0,71,74.70045683007254,45.09280005004257,1904.4567999662831,80.0
1790845551,100,,Aggregated,78.600000,0.000000,73,79,85,97,1100,1200,1300,1300,2100,2100,2100,9425,2,74,242.42911570279338,45.09280005004257,3541.4863000041805,79.21867374005305
1790845552,100,GET,GET /inventory/{product_id},15.200000,0.000000,1100,1100,1200,1200,1300,1400,1400,1500,2100,2100,2100,1857,2,930,934.550785891042,479.81559997424483,3541.4863000041805,76.0
1790845552,100,POST,POST /events,64.100000,0.000000,71,75,77,79,84,86,92,97,1100,1100,1100,7650,0,71,74.93782950317932,45.09280005004257,1904.4567999662831,80.0
1790845552,100,,Aggregated,79.300000,0.000000,73,79,85,93,1100,1200,1300,1400,2100,2100,2100,9507,2,74,242.8458194066463,45.09280005004257,3541.4863000041805,79.21868097191543
1790845553,100,GET,GET /inventory/{product_id},15.200000,0.000000,1100,1200,1200,1200,1300,1400,1400,1500,2100,2100,2100,1872,2,930,935.4417405980696,479.81559997424483,3541.4863000041805,76.0
1790845553,100,POST,POST /events,63.500000,0.000000,71,74,77,78,83,86,93,97,1100,1100,1100,7717,0,71,74.90069993514977,45.09280005004257,1904.4567999662831,80.0
1790845553,100,,Aggregated,78.700000,0.000000,73,79,85,97,1100,1200,1300,1400,2100,2100,2100,9589,2,74,242.8987005734839,45.09280005004257,3541.4863000041805,79.21910522473668
1790845554,100,GET,GET /inventory/{product_id},15.100000,0.000000,1100,1100,1200,1200,1300,1400,1400,1500,2100,2100,2100,1885,2,930,936.1057451456805,479.81559997424483,3541.4863000041805,76.0
1790845554,100,POST,POST /events,63.500000,0.000000,71,74,77,78,83,86,93,97,1100,1100,1100,7775,0,71,74.87762631504823,45.09280005004257,1904.4567999662831,80.0
1790845554,100,,Aggregated,78.600000,0.000000,73,79,85,98,1100,1200,1300,1400,2100,2100,2100,9660,2,74,242.93300975146042,45.09280005004257,3541.4863000041805,79.21946169772256
1790845555,100,GET,GET /inventory/{product_id},14.800000,0.000000,1100,1100,1200,1200,1300,1400,1500,1500,2100,2100,2100,1902,2,940,937.4142482121914,479.81559997424483,3541.4863000041805,76.0
1790845555,100,POST,POST /events,64.100000,0.000000,71,74,77,79,83,86,93,97,1100,1100,1100,7836,0,71,74.84944836644377,45.09280005004257,1904.4567999662831,80.0
1790845555,100,,Aggregated,78.900000,0.000000,74,79,85,710,1100,1200,1300,1400,2100,2100,2100,9738,2,74,243.3232878926927,45.09280005004257,3541.4863000041805,79.21873074553297
1790845556,100,GET,GET /inventory/{product_id},15.200000,0.000000,1100,1100,1200,1200,1300,1400,1400,1500,2100,2100,2100,1919,2,940,939.0199988533659,479.81559997424483,3541.4863000041805,76.0
1790845556,100,POST,POST /events,64.300000,0.000000,71,75,77,78,83,87,93,97,1100,1100,1100,7898,0,71,74.81751570008588,45.09280005004257,1904.4567999662831,80.0
1790845556,100,,Aggregated,79.500000,0.000000,74,79,86,740,1100,1200,1300,1400,2100,2100,2100,9817,2,74,243.74942617896377,45.09280005004257,3541.4863000041805,79.21809106651726
1790845557,100,GET,GET /inventory/{product_id},15.000000,0.000000,1100,1100,1200,1200,1300,1400,1400,1500,2100,2100,2100,1935,2,940,939.7958551935409,479.81559997424483,3541.4863000041805,76.0
1790845557,100,POST,POST /events,63.300000,0.000000,71,75,77,79,84,87,93,97,1100,1100,1100,7954,0,71,74.79649874270955,45.09280005004257,1904.4567999662831,80.0
1790845557,100,,Aggregated,78.300000,0.000000,74,80,86,710,1100,1200,1300,1400,2100,2100,2100,9889,2,74,244.05261713004484,45.09280005004257,3541.4863000041805,79.21731216503186
1790845558,100,GET,GET /inventory/{product_id},15.800000,0.000000,1100,1100,1200,1200,1300,1400,1400,1500,2100,2100,2100,1958,2,940,941.0918360058823,479.81559997424483,3541.4863000041805,76.0
1790845558,100,POST,POST /events,62.100000,0.000000,71,75,78,79,84,87,93,97,1100,1100,1100,8011,0,71,74.77101411804809,45.09280005004257,1904.4567999662831,80.0
1790845558,100,,Aggregated,77.900000,0.000000,75,81,88,760,1100,1200,1300,1400,2100,2100,2100,9969,2,74,244.92410562736492,45.09280005004257,3541.4863000041805,79.21436453004313
1790845559,100,GET,GET /inventory/{product_id},16.200000,0.000000,1100,1100,1200,1200,1300,1400,1400,1500,2100,2100,2100,1972,2,940,941.9438008110499,479.81559997424483,3541.4863000041805,76.0
1790845559,100,POST,POST /events,61.900000,0.000000,71,75,77,79,83,87,91,96,1100,1100,1100,8075,0,71,74.74322916404994,45.09280005004257,1904.4567999662831,80.0
1790845559,100,,Aggregated,78.100000,0.000000,74,80,86,720,1100,1200,1300,1400,2100,2100,2100,10047,2,74,244.95518569713283,45.09280005004257,3541.4863000041805,79.21489001692048
1790845560,100,GET,GET /inventory/{product_id},16.200000,0.000000,1100,1100,1200,1200,1300,1400,1500,1500,1900,1900,1900,1988,2,940,943.8764228870492,479.81559997424483,3541.4863000041805,76.0
1790845560,100,POST,POST /events,61.500000,0.000000,71,75,77,79,83,88,93,98,1100,1100,1100,8134,0,71,74.71878985736787,45.09280005004257,1904.4567999662831,80.0
1790845560,100,,Aggregated,77.700000,0.000000,74,80,88,770,1100,1200,1300,1400,1900,1900,1900,10122,2,74,245.42471501672435,45.09280005004257,3541.4863000041805,79.21438450899032
1790845561,100,GET,GET /inventory/{product_id},16.700000,0.000000,1100,1200,1200,1300,1400,1500,1500,1700,1900,1900,1900,2004,2,940,947.1907941115351,479.81559997424483,3541.4863000041805,76.0
1790845561,100,POST,POST /events,61.800000,0.000000,71,75,77,79,83,87,91,94,110,110,110,8194,0,71,74.67822550644465,45.09280005004257,1904.4567999662831,80.0
1790845561,100,,Aggregated,78.500000,0.000000,74,80,88,780,1100,1300,1400,1500,1900,1900,1900,10198,2,74,246.134902059161,45.09280005004257,3541.4863000041805,79.21396352225926
1790845562,100,GET,GET /inventory/{product_id},16.000000,0.000000,1100,1200,1300,1300,1400,1500,1600,1800,1900,1900,1900,2019,2,940,949.6936373944925,479.81559997424483,3541.4863000041805,76.0
1790845562,100,POST,POST /events,60.800000,0.000000,71,75,77,79,83,88,94,98,160,160,160,8256,0,71,74.69473605863803,45.09280005004257,1904.4567999662831,80.0
1790845562,100,,Aggregated,76.800000,0.000000,74,80,88,800,1100,1300,1400,1500,1900,1900,1900,10275,2,74,246.62882674448622,45.09280005004257,3541.4863000041805,79.21401459854015
1790845563,100,GET,GET /inventory/{product_id},15.900000,0.000000,1100,1200,1300,1300,1400,1500,1700,1900,1900,1900,1900,2035,2,940,951.825339066097,479.81559997424483,3541.4863000041805,76.0
1790845563,100,POST,POST /events,60.500000,0.000000,71,75,77,79,84,88,94,98,160,160,160,8312,0,71,74.6649964990363,45.09280005004257,1904.4567999662831,80.0
1790845563,100,,Aggregated,76.400000,0.000000,74,81,88,830,1100,1300,1400,1500,1900,1900,1900,10347,2,74,247.18082689663643,45.09280005004257,3541.4863000041805,79.2132985406398
1790845564,100,GET,GET /inventory/{product_id},16.300000,0.000000,1100,1200,1300,1300,1400,1500,1700,1900,1900,1900,1900,2051,2,950,953.3284837150456,479.81559997424483,3541.4863000041805,76.0
1790845564,100,POST,POST /events,60.700000,0.000000,71,75,77,79,84,88,94,98,160,160,160,8383,0,71,74.64477388761446,45.09280005004257,1904.4567999662831,80.0
1790845564,100,,Aggregated,77.000000,0.000000,74,81,88,840,1100,1300,1400,1500,1900,1900,1900,10434,2,74,247.36667237870716,45.09280005004257,3541.4863000041805,79.21372436266053
1790845565,100,GET,GET /inventory/{product_id},16.300000,0.000000,1100,1200,1300,1300,1400,1500,1700,1900,1900,1900,1900,2063,2,950,953.2755557923095,479.81559997424483,3541.4863000041805,76.0
1790845565,100,POST,POST /events,61.000000,0.000000,71,75,78,79,84,88,94,100,160,160,160,8449,0,71,74.61531111369219,45.09280005004257,1904.4567999662831,80.0
1790845565,100,,Aggregated,77.300000,0.000000,74,81,88,800,1100,1300,1400,1500,1900,1900,1900,10512,2,74,247.05405585988584,45.09280005004257,3541.4863000041805,79.21499238964992
1790845566,100,GET,GET /inventory/{product_id},15.900000,0.000000,1100,1200,1300,1300,1400,1500,1700,1900,1900,1900,1900,2080,2,950,954.3346059133071,479.81559997424483,3541.4863000041805,76.0
1790845566,100,POST,POST /events,60.100000,0.000000,71,75,78,79,84,88,94,100,160,160,160,8511,0,71,74.59095937019666,45.09280005004257,1904.4567999662831,80.0
1790845566,100,,Aggregated,76.000000,0.000000,74,81,88,800,1100,1300,1400,1500,1900,1900,1900,10591,2,74,247.36659763000873,45.09280005004257,3541.4863000041805,79.2144273439713
1790845567,100,GET,GET /inventory/{product_id},16.600000,0.000000,1100,1200,1300,1400,1400,1500,1700,1900,1900,1900,1900,2096,2,950,955.5238337306946,479.81559997424483,3541.4863000041805,76.0
1790845567,100,POST,POST /events,60.400000,0.000000,71,75,78,79,84,88,94,100,160,160,160,8576,0,71,74.56911752563686,45.09280005004257,1904.4567999662831,80.0
1790845567,100,,Aggregated,77.000000,0.000000,74,80,87,690,1100,1300,1400,1500,1900,1900,1900,10672,2,74,247.59020871433637,45.09280005004257,3541.4863000041805,79.2143928035982
1790845568,100,GET,GET /inventory/{product_id},15.800000,0.000000,1200,1200,1300,1400,1400,1500,1800,1900,1900,1900,1900,2108,2,950,956.0365799334112,479.81559997424483,3541.4863000041805,76.0
1790845568,100,POST,POST /events,61.100000,0.000000,71,75,77,79,84,88,94,100,160,160,160,8637,0,71,74.54696631932227,45.09280005004257,1904.4567999662831,80.0
1790845568,100,,Aggregated,76.900000,0.000000,74,80,86,130,1100,1300,1400,1500,1900,1900,1900,10745,2,74,247.4813642251854,45.09280005004257,3541.4863000041805,79.21526291298278
1790845569,100,GET,GET /inventory/{product_id},16.300000,0.000000,1200,1300,1300,1400,1400,1500,1800,1900,1900,1900,1900,2126,2,950,958.4415681089981,479.81559997424483,3541.4863000041805,76.0
1790845569,100,POST,POST /events,61.400000,0.000000,71,75,78,79,84,88,94,100,160,160,160,8686,0,71,74.51910137001794,45.09280005004257,1904.4567999662831,80.0
1790845569,100,,Aggregated,77.700000,0.000000,74,80,86,150,1200,1300,1400,1500,1900,1900,1900,10812,2,74,248.32775511466016,45.09280005004257,3541.4863000041805,79.21346651868295
1790845570,100,GET,GET /inventory/{product_id},15.400000,0.000000,1200,1300,1400,1400,1500,1600,1800,1900,3600,3600,3600,2146,3,950,963.1273738581723,479.81559997424483,3588.875300018117,76.0
1790845570,100,POST,POST /events,61.700000,0.000000,71,75,78,80,84,88,94,100,160,160,160,8754,0,71,74.48925381537894,45.09280005004257,1904.4567999662831,80.0
1790845570,100,,Aggregated,77.100000,0.000000,75,81,87,760,1200,1400,1500,1600,3600,3600,3600,10900,3,74,249.44497910086835,45.09280005004257,3588.875300018117,79.21247706422018
1790845571,100,GET,GET /inventory/{product_id},15.200000,0.000000,1200,1200,1400,1400,1500,1600,1900,2000,3600,3600,3600,2159,3,950,964.5587725334271,479.81559997424483,3588.875300018117,76.0
1790845571,100,POST,POST /events,61.100000,0.000000,71,75,78,79,84,87,94,100,1100,1100,1100,8822,0,71,74.57377626385386,45.09280005004257,1904.4567999662831,80.0
1790845571,100,,Aggregated,76.300000,0.000000,74,80,86,160,1200,1400,1500,1600,3600,3600,3600,10981,3,74,249.55580039152971,45.09280005004257,3588.875300018117,79.21355067844459
1790845572,100,GET,GET /inventory/{product_id},15.300000,0.000000,1100,1200,1300,1400,1400,1600,1800,2000,3600,3600,3600,2175,3,950,964.972225747007,479.81559997424483,3588.875300018117,76.0
1790845572,100,POST,POST /events,61.600000,0.000000,70,75,78,79,83,87,90,95,1100,1100,1100,8881,0,71,74.54259586753429,45.09280005004257,1904.4567999662831,80.0
1790845572,100,,Aggregated,76.900000,0.000000,74,80,86,650,1100,1300,1400,1600,3600,3600,3600,11056,3,74,249.71304132591465,45.09280005004257,3588.875300018117,79.2130969609262
1790845573,100,GET,GET /inventory/{product_id},15.700000,0.100000,1100,1200,1300,1400,1400,1600,1700,2000,3600,3600,3600,2192,3,960,965.8008894616116,479.81559997424483,3588.875300018117,76.0
1790845573,100,POST,POST /events,61.700000,0.000000,70,75,78,79,83,86,89,95,1100,1100,1100,8939,0,71,74.51092821339948,45.09280005004257,1904.4567999662831,80.0
1790845573,100,,Aggregated,77.400000,0.100000,74,80,86,740,1100,1300,1400,1600,3600,3600,3600,11131,3,74,250.03043185692488,45.09280005004257,3588.875300018117,79.21229000089839
1790845574,100,GET,GET /inventory/{product_id},15.300000,0.100000,1100,1200,1400,1400,1500,1600,1800,2000,3600,3600,3600,2202,3,960,967.4243682560705,479.81559997424483,3588.875300018117,76.0
1790845574,100,POST,POST /events,61.900000,0.000000,71,75,78,79,83,87,90,100,1100,1100,1100,8989,0,71,74.5093233618458,45.09280005004257,1904.4567999662831,80.0
1790845574,100,,Aggregated,77.200000,0.100000,74,80,85,650,1100,1400,1500,1600,3600,3600,3600,11191,3,74,250.2039823607809,45.09280005004257,3588.875300018117,79.21293896881423
1790845575,100,GET,GET /inventory/{product_id},15.500000,0.100000,1200,1300,1400,1400,1600,1800,2000,2100,3600,3600,3600,2215,3,960,970.9300873588253,479.81559997424483,3588.875300018117,76.0
1790845575,100,POST,POST /events,61.500000,0.000000,71,76,79,81,86,100,140,180,1100,1100,1100,9027,0,71,74.69247119746058,45.09280005004257,1904.4567999662831,80.0
1790845575,100,,Aggregated,77.000000,0.100000,75,83,100,760,1200,1400,1600,1800,3600,3600,3600,11242,3,74,251.2772710371175,45.09280005004257,3588.875300018117,79.21188400640456
1790845576,100,GET,GET /inventory/{product_id},15.600000,0.100000,1300,1400,1600,1600,1900,2100,2100,2400,3600,3600,3600,2240,3,960,980.2777557588603,479.81559997424483,3588.875300018117,76.0
1790845576,100,POST,POST /events,60.600000,0.000000,72,77,79,81,87,130,210,1500,2000,2000,2000,9072,0,71,76.09059711194438,45.09280005004257,2002.0611999789253,80.0
1790845576,100,,Aggregated,76.200000,0.100000,76,83,150,960,1400,1600,2000,2100,3600,3600,3600,11312,3,74,255.13755922024455,45.09280005004257,3588.875300018117,79.20792079207921
1790845577,100,GET,GET /inventory/{product_id},14.900000,0.100000,1300,1400,1600,1700,1900,2100,2100,2400,3600,3600,3600,2252,3,960,982.0631904084061,479.81559997424483,3588.875300018117,76.0
1790845577,100,POST,POST /events,59.400000,0.000000,72,76,80,82,89,150,1900,1900,2000,2000,2000,9140,0,71,77.90020120345949,45.09280005004257,2002.0611999789253,80.0
1790845577,100,,Aggregated,74.300000,0.100000,76,84,180,1000,1400,1800,2000,2100,3600,3600,3600,11392,3,74,256.6374775104767,45.09280005004257,3588.875300018117,79.20926966292134
1790845578,100,GET,GET /inventory/{product_id},15.200000,0.100000,1300,1400,1600,1700,2000,2100,2200,2600,3600,3600,3600,2268,3,960,983.3424416224606,479.81559997424483,3588.875300018117,76.0
1790845578,100,POST,POST /events,56.400000,0.000000,72,77,79,82,89,150,1800,1900,2000,2000,2000,9201,0,71,77.86380691222932,45.09280005004257,2002.0611999789253,80.0
1790845578,100,,Aggregated,71.600000,0.100000,76,84,180,1000,1400,1800,2000,2100,3600,3600,3600,11469,3,74,256.9226214141741,45.09280005004257,3588.875300018117,79.20899816897725
1790845579,100,GET,GET /inventory/{product_id},15.500000,0.100000,1300,1400,1600,1700,2000,2100,2400,3500,3600,3600,3600,2283,4,970,985.6854685938861,479.81559997424483,3588.875300018117,76.0
1790845579,100,POST,POST /events,55.000000,0.000000,72,76,79,82,90,150,1900,1900,2000,2000,2000,9257,0,71,77.82333126278478,45.09280005004257,2002.0611999789253,80.0
1790845579,100,,Aggregated,70.500000,0.100000,76,84,170,970,1400,1800,2000,2100,3600,3600,3600,11540,4,74,257.42898633444025,45.09280005004257,3588.875300018117,79.20866551126517
1790845580,100,GET,GET /inventory/{product_id},15.600000,0.100000,1200,1400,1600,1700,2000,2100,2200,2600,3500,3500,3500,2300,4,970,986.3885802173298,479.81559997424483,3588.875300018117,76.0
1790845580,100,POST,POST /events,55.500000,0.000000,72,76,79,82,89,150,1800,1900,2000,2000,2000,9323,0,71,77.88335936927471,45.09280005004257,2002.0611999789253,80.0
1790845580,100,,Aggregated,71.100000,0.100000,76,84,180,940,1400,1800,2000,2100,3500,3500,3500,11623,4,74,257.66155845303336,45.09280005004257,3588.875300018117,79.20846597264045
1790845581,100,GET,GET /inventory/{product_id},15.700000,0.100000,1200,1400,1600,1700,2000,2100,2400,2600,3500,3500,3500,2312,4,970,987.1829859861036,479.81559997424483,3588.875300018117,76.0
1790845581,100,POST,POST /events,56.500000,0.000000,72,76,79,81,88,150,1800,1900,2000,2000,2000,9390,0,71,77.83095677312825,45.09280005004257,2002.0611999789253,80.0
1790845581,100,,Aggregated,72.200000,0.100000,75,83,150,930,1400,1800,2000,2100,3500,3500,3500,11702,4,74,257.4944238334939,45.09280005004257,3588.875300018117,79.20970774226627
1790845582,100,GET,GET /inventory/{product_id},15.200000,0.200000,1200,1400,1600,1700,2000,2100,2400,2600,3500,3500,3500,2328,4,970,988.1062672679617,479.81559997424483,3588.875300018117,76.0
1790845582,100,POST,POST /events,56.900000,0.000000,72,76,79,80,88,150,1800,1900,2000,2000,2000,9450,0,71,77.76674428571597,45.09280005004257,2002.0611999789253,80.0
1790845582,100,,Aggregated,72.100000,0.200000,75,83,150,950,1400,1800,2000,2100,3500,3500,3500,11778,4,74,257.70140292917563,45.09280005004257,3588.875300018117,79.2093734080489
1790845583,100,GET,GET /inventory/{product_id},15.700000,0.100000,1200,1400,1600,1600,1900,2100,2200,2600,3500,3500,3500,2345,4,970,988.8593252452124,479.81559997424483,3588.875300018117,76.0
1790845583,100,POST,POST /events,56.800000,0.000000,73,76,79,81,88,140,1800,1900,2000,2000,2000,9512,0,71,77.74116647394958,45.09280005004257,2002.0611999789253,80.0
1790845583,100,,Aggregated,72.500000,0.100000,76,83,150,940,1400,1800,2000,2100,3500,3500,3500,11857,4,74,257.93616371765467,45.09280005004257,3588.875300018117,79.20890613139917
1790845584,100,GET,GET /inventory/{product_id},15.500000,0.100000,1200,1400,1500,1600,1900,2100,2200,2600,3500,3500,3500,2359,4,970,990.1049326832973,479.81559997424483,3588.875300018117,76.0
1790845584,100,POST,POST /events,56.900000,0.000000,72,76,79,80,86,110,1800,1900,2000,2000,2000,9580,0,71,77.69669959291117,45.09280005004257,2002.0611999789253,80.0
1790845584,100,,Aggregated,72.400000,0.100000,75,82,100,920,1300,1700,2000,2100,3500,3500,3500,11939,4,74,257.9773781975029,45.09280005004257,3588.875300018117,79.20964904933412
1790845585,100,GET,GET /inventory/{product_id},15.100000,0.100000,1200,1300,1400,1500,1700,2000,2400,3500,3600,3600,3600,2373,5,970,991.911497724292,479.81559997424483,3588.875300018117,76.0
1790845585,100,POST,POST /events,56.700000,0.000000,72,75,78,80,85,90,1600,1900,2000,2000,2000,9652,0,71,77.64512977619749,45.09280005004257,2002.0611999789253,80.0
1790845585,100,,Aggregated,71.800000,0.100000,74,80,87,870,1300,1600,1900,2000,3600,3600,3600,12025,5,74,258.0654284157674,45.09280005004257,3588.875300018117,79.21064449064448
1790845586,100,GET,GET /inventory/{product_id},15.400000,0.100000,1100,1200,1300,1300,1500,1600,2600,3500,3600,3600,3600,2380,5,970,992.142485504155,479.81559997424483,3588.875300018117,76.0
1790845586,100,POST,POST /events,57.800000,0.000000,71,75,77,79,83,87,97,1900,2000,2000,2000,9724,0,71,77.6954918037907,45.09280005004257,2002.0611999789253,80.0
1790845586,100,,Aggregated,73.200000,0.100000,74,79,84,94,1100,1300,1500,1900,3600,3600,3600,12104,5,74,257.50248494712076,45.09280005004257,3588.875300018117,79.21348314606742
1790845587,100,GET,GET /inventory/{product_id},15.400000,0.100000,1100,1200,1300,1300,1400,1500,2600,3500,3600,3600,3600,2395,5,970,992.8234963256396,479.81559997424483,3588.875300018117,76.0
1790845587,100,POST,POST /events,59.200000,0.000000,71,75,77,79,83,86,91,94,1200,1200,1200,9790,0,71,77.65750699695955,45.09280005004257,2002.0611999789253,80.0
1790845587,100,,Aggregated,74.600000,0.100000,74,79,84,90,1100,1300,1400,1500,3600,3600,3600,12185,5,74,257.5362550020632,45.09280005004257,3588.875300018117,79.21378744357817
1790845588,100,GET,GET /inventory/{product_id},15.500000,0.200000,1100,1200,1300,1300,1400,1500,1700,3500,3600,3600,3600,2409,5,970,993.1853031547984,479.81559997424483,3588.875300018117,76.0
1790845588,100,POST,POST /events,62.900000,0.000000,71,75,77,79,83,87,92,95,1200,1200,1200,9857,0,71,77.62840310440751,45.09280005004257,2002.0611999789253,80.0
1790845588,100,,Aggregated,78.400000,0.200000,74,79,84,90,1100,1300,1400,1500,3600,3600,3600,12266,5,74,257.44061345997505,45.09280005004257,3588.875300018117,79.21441382683841
1790845589,100,GET,GET /inventory/{product_id},13.900000,0.200000,1100,1200,1300,1300,1400,1500,1600,1600,3600,3600,3600,2419,5,970,993.3621409259293,479.81559997424483,3588.875300018117,76.0
1790845589,100,POST,POST /events,65.300000,0.000000,71,75,78,79,83,87,92,95,1200,1200,1200,9928,0,71,77.5893377820446,45.09280005004257,2002.0611999789253,80.0
1790845589,100,,Aggregated,79.200000,0.200000,74,79,84,89,1100,1200,1400,1500,3600,3600,3600,12347,5,74,257.00574750141425,45.09280005004257,3588.875300018117,79.21632785291973
1790845590,100,GET,GET /inventory/{product_id},14.100000,0.200000,1100,1200,1200,1300,1400,1500,1600,1600,3600,3600,3600,2433,5,970,993.8376370323004,479.81559997424483,3588.875300018117,76.0
1790845590,100,POST,POST /events,65.200000,0.000000,72,76,78,80,84,87,92,94,1000,1000,1000,9996,0,71,77.56446126449973,45.09280005004257,2002.0611999789253,80.0
1790845590,100,,Aggregated,79.300000,0.200000,74,80,83,88,1100,1200,1400,1500,3600,3600,3600,12429,5,74,256.92664942469435,45.09280005004257,3588.875300018117,79.21699251749939
1790845591,100,GET,GET /inventory/{product_id},13.700000,0.200000,1100,1200,1300,1300,1400,1500,1600,1600,3600,3600,3600,2447,5,970,994.764746137983,479.81559997424483,3588.875300018117,76.0
1790845591,100,POST,POST /events,65.500000,0.000000,71,75,78,80,83,87,92,95,1000,1000,1000,10062,0,71,77.51175726496665,45.09280005004257,2002.0611999789253,80.0
1790845591,100,,Aggregated,79.200000,0.200000,74,79,83,89,1100,1200,1400,1500,3600,3600,3600,12509,5,74,256.94401114395544,45.09280005004257,3588.875300018117,79.21752338316412
1790845592,100,GET,GET /inventory/{product_id},14.000000,0.100000,1100,1200,1200,1300,1400,1500,1600,1600,3600,3600,3600,2460,5,980,995.6376220729737,479.81559997424483,3588.875300018117,76.0
1790845592,100,POST,POST /events,66.400000,0.000000,72,75,78,80,83,87,92,95,1000,1000,1000,10125,0,71,77.4715818370244,45.09280005004257,2002.0611999789253,80.0
1790845592,100,,Aggregated,80.400000,0.100000,74,80,83,88,1100,1200,1400,1400,3600,3600,3600,12585,5,74,256.9462309415485,45.09280005004257,3588.875300018117,79.2181168057211
1790845593,100,GET,GET /inventory/{product_id},13.100000,0.100000,1100,1200,1200,1300,1400,1400,1500,1600,3600,3600,3600,2475,5,980,996.0582328887158,479.81559997424483,3588.875300018117,76.0
1790845593,100,POST,POST /events,66.600000,0.000000,71,75,78,80,84,87,92,95,1000,1000,1000,10187,0,71,77.43040922740471,45.09280005004257,2002.0611999789253,80.0
1790845593,100,,Aggregated,79.700000,0.100000,73,79,83,88,1100,1200,1300,1400,3600,3600,3600,12662,5,74,256.99160521237906,45.09280005004257,3588.875300018117,79.21813299636709
1790845594,100,GET,GET /inventory/{product_id},13.300000,0.100000,1100,1200,1200,1300,1400,1400,1500,3600,3600,3600,3600,2494,6,980,997.4100329990824,479.81559997424483,3605.411699973047,76.0
1790845594,100,POST,POST /events,66.700000,0.000000,71,75,78,79,83,87,92,94,1000,1000,1000,10252,0,71,77.38766797687862,45.09280005004257,2002.0611999789253,80.0
1790845594,100,,Aggregated,80.000000,0.100000,73,79,83,88,1100,1200,1300,1400,3600,3600,3600,12746,6,74,257.4077353207807,45.09280005004257,3605.411699973047,79.21732308175113
1790845595,100,GET,GET /inventory/{product_id},13.000000,0.100000,1100,1200,1200,1300,1400,1400,1500,1700,3600,3600,3600,2503,6,980,997.919641789741,479.81559997424483,3605.411699973047,76.0
1790845595,100,POST,POST /events,67.300000,0.000000,71,75,78,79,84,87,92,94,1000,1000,1000,10321,0,71,77.34600030026289,45.09280005004257,2002.0611999789253,80.0
1790845595,100,,Aggregated,80.300000,0.100000,73,79,83,88,1000,1200,1300,1400,3600,3600,3600,12824,6,74,257.0244020975308,45.09280005004257,3605.411699973047,79.21927635683095
1790845596,100,GET,GET /inventory/{product_id},13.000000,0.100000,1100,1200,1200,1300,1300,1400,1500,1700,3600,3600,3600,2519,6,980,998.3595213178547,479.81559997424483,3605.411699973047,76.0
1790845596,100,POST,POST /events,67.300000,0.000000,71,75,78,79,83,87,90,93,120,120,120,10385,0,71,77.30635731331587,45.09280005004257,2002.0611999789253,80.0
1790845596,100,,Aggregated,80.300000,0.100000,73,79,84,89,1100,1200,1300,1400,3600,3600,3600,12904,6,74,257.1058706523916,45.09280005004257,3605.411699973047,79.21915685058896
1790845597,100,GET,GET /inventory/{product_id},13.600000,0.200000,1100,1200,1200,1300,1400,1500,1600,1700,3600,3600,3600,2535,6,980,999.1262633135107,479.81559997424483,3605.411699973047,76.0
1790845597,100,POST,POST /events,67.200000,0.000000,71,75,77,79,83,87,92,93,120,120,120,10451,0,71,77.25963703939016,45.09280005004257,2002.0611999789253,80.0
1790845597,100,,Aggregated,80.800000,0.200000,73,79,84,89,1100,1200,1300,1400,3600,3600,3600,12986,6,74,257.21742986280736,45.09280005004257,3605.411699973047,79.21915909440936
1790845598,100,GET,GET /inventory/{product_id},13.200000,0.100000,1100,1200,1200,1300,1400,1400,1600,1700,3600,3600,3600,2544,6,980,999.4971269652696,479.81559997424483,3605.411699973047,76.0
1790845598,100,POST,POST /events,66.600000,0.000000,71,75,77,79,83,86,90,93,120,120,120,10515,0,71,77.2236322585586,45.09280005004257,2002.0611999789253,80.0
1790845598,100,,Aggregated,79.800000,0.100000,73,79,83,88,1100,1200,1300,1400,3600,3600,3600,13059,6,74,256.8900516271069,45.09280005004257,3605.411699973047,79.22076728692855
1790845599,100,GET,GET /inventory/{product_id},14.100000,0.100000,1100,1200,1200,1300,1300,1400,1600,1700,3600,3600,3600,2557,6,980,999.6817046537392,479.81559997424483,3605.411699973047,76.0
1790845599,100,POST,POST /events,65.600000,0.000000,71,74,77,79,83,86,91,94,120,120,120,10584,0,71,77.19600498852397,45.09280005004257,2002.0611999789253,80.0
1790845599,100,,Aggregated,79.700000,0.100000,73,79,84,88,1000,1200,1300,1400,3600,3600,3600,13141,6,74,256.6949726503423,45.09280005004257,3605.411699973047,79.2216726276539
1790845600,100,GET,GET /inventory/{product_id},14.100000,0.100000,1100,1200,1300,1300,1400,1400,1600,1700,3600,3600,3600,2572,6,980,1000.896231259513,479.81559997424483,3605.411699973047,76.0
1790845600,100,POST,POST /events,66.100000,0.000000,71,74,77,78,83,86,90,94,120,120,120,10655,0,71,77.14217812281669,45.09280005004257,2002.0611999789253,80.0
1790845600,100,,Aggregated,80.200000,0.100000,73,78,83,87,1100,1200,1400,1400,3600,3600,3600,13227,6,74,256.7668416646314,45.09280005004257,3605.411699973047,79.22219702124443
1790845601,100,GET,GET /inventory/{product_id},13.600000,0.100000,1100,1200,1300,1300,1400,1500,1600,1700,3600,3600,3600,2581,6,980,1001.6684029831158,479.81559997424483,3605.411699973047,76.0
1790845601,100,POST,POST /events,66.300000,0.000000,71,75,77,79,83,86,90,93,110,110,110,10720,0,71,77.11019328349151,45.09280005004257,2002.0611999789253,80.0
1790845601,100,,Aggregated,79.900000,0.100000,73,78,83,86,1000,1200,1300,1400,3600,3600,3600,13301,6,74,256.5166092848997,45.09280005004257,3605.411699973047,79.2238177580633
1790845602,100,GET,GET /inventory/{product_id},13.500000,0.100000,1100,1200,1300,1300,1400,1500,1600,1700,3600,3600,3600,2602,6,980,1003.2052156416274,479.81559997424483,3605.411699973047,76.0
1790845602,100,POST,POST /events,65.100000,0.000000,71,75,77,79,83,86,91,93,110,110,110,10779,0,71,77.08554096844472,45.09280005004257,2002.0611999789253,80.0
1790845602,100,,Aggregated,78.600000,0.100000,73,79,84,90,1100,1200,1400,1500,3600,3600,3600,13381,6,74,257.1739793138316,45.09280005004257,3605.411699973047,79.22218070398326
1790845603,100,GET,GET /inventory/{product_id},13.700000,0.100000,1100,1200,1300,1300,1400,1500,1600,1700,3600,3600,3600,2616,6,980,1003.5260544723551,479.81559997424483,3605.411699973047,76.0
1790845603,100,POST,POST /events,65.200000,0.000000,71,74,77,79,83,86,91,94,110,110,110,10842,0,71,77.03694308233459,45.09280005004257,2002.0611999789253,80.0
1790845603,100,,Aggregated,78.900000,0.100000,73,79,84,90,1100,1200,1400,1500,3600,3600,3600,13458,6,74,257.13023446265066,45.09280005004257,3605.411699973047,79.2224699063754
1790845604,100,GET,GET /inventory/{product_id},13.500000,0.100000,1100,1200,1300,1300,1400,1500,1600,1600,1700,1700,1700,2635,6,980,1004.348449980879,479.81559997424483,3605.411699973047,76.0
1790845604,100,POST,POST /events,65.400000,0.000000,71,74,77,78,83,86,91,94,110,110,110,10902,0,71,76.99432912300543,45.09280005004257,2002.0611999789253,80.0
1790845604,100,,Aggregated,78.900000,0.100000,73,79,84,90,1100,1300,1400,1500,1700,1700,1700,13537,6,74,257.50538094102245,45.09280005004257,3605.411699973047,79.2213932185861
1790845605,100,GET,GET /inventory/{product_id},14.400000,0.100000,1100,1200,1300,1300,1400,1500,1500,1600,1600,1600,1600,2650,6,980,1005.0791349054867,479.81559997424483,3605.411699973047,76.0
1790845605,100,POST,POST /events,64.700000,0.000000,71,74,77,78,83,86,91,93,100,100,100,10957,0,71,76.9672460435311,45.09280005004257,2002.0611999789253,80.0
1790845605,100,,Aggregated,79.100000,0.100000,73,79,85,91,1100,1300,1400,1500,1600,1600,1600,13607,6,74,257.71954305861027,45.09280005004257,3605.411699973047,79.22098919673698
1790845606,100,GET,GET /inventory/{product_id},14.000000,0.100000,1200,1200,1300,1300,1400,1500,1500,1600,1600,1600,1600,2664,6,980,1006.2555046544304,479.81559997424483,3605.411699973047,76.0
1790845606,100,POST,POST /events,64.400000,0.000000,71,75,77,78,83,86,91,93,100,100,100,11019,0,71,76.93006657580588,45.09280005004257,2002.0611999789253,80.0
1790845606,100,,Aggregated,78.400000,0.100000,73,79,85,92,1100,1300,1400,1500,1600,1600,1600,13683,6,74,257.8642891177525,45.09280005004257,3605.411699973047,79.22122341591756
1790845607,100,GET,GET /inventory/{product_id},13.900000,0.000000,1200,1300,1300,1400,1500,1500,1800,1800,3600,3600,3600,2682,7,990,1009.5770693883109,479.81559997424483,3605.411699973047,76.0
1790845607,100,POST,POST /events,64.200000,0.000000,71,75,77,79,83,86,91,93,100,100,100,11077,0,71,76.91330978594179,45.09280005004257,2002.0611999789253,80.0
1790845607,100,,Aggregated,78.100000,0.000000,74,79,85,93,1200,1300,1400,1500,3600,3600,3600,13759,7,74,258.7146182570192,45.09280005004257,3605.411699973047,79.22029217239626
1790845608,100,GET,GET /inventory/{product_id},14.400000,0.000000,1200,1300,1400,1400,1500,1600,1800,1900,3600,3600,3600,2690,7,990,1011.1411918956981,479.81559997424483,3605.411699973047,76.0
1790845608,100,POST,POST /events,63.000000,0.000000,71,75,77,79,83,86,92,95,1100,1100,1100,11133,0,71,76.96921778486545,45.09280005004257,2002.0611999789253,80.0
1790845608,100,,Aggregated,77.400000,0.000000,74,79,85,99,1200,1400,1500,1600,3600,3600,3600,13823,7,74,258.76207102642945,45.09280005004257,3605.411699973047,79.22158720972293
1790845609,100,GET,GET /inventory/{product_id},14.300000,0.000000,1200,1400,1400,1500,1700,1800,2100,2200,3600,3600,3600,2702,7,990,1014.5171013690931,479.81559997424483,3605.411699973047,76.0
1790845609,100,POST,POST /events,62.400000,0.000000,71,75,77,79,83,86,91,94,1100,1100,1100,11176,0,71,76.94982202031359,45.09280005004257,2002.0611999789253,80.0
1790845609,100,,Aggregated,76.700000,0.000000,74,79,85,95,1200,1400,1700,1800,3600,3600,3600,13878,7,74,259.49102311560125,45.09280005004257,3605.411699973047,79.22121343133016
1790845610,100,GET,GET /inventory/{product_id},14.600000,0.100000,1300,1400,1500,1500,1800,2200,2700,3500,3600,3600,3600,2711,8,990,1018.8305530059979,479.81559997424483,3605.411699973047,76.0
1790845610,100,POST,POST /events,61.500000,0.000000,71,75,77,79,83,86,92,94,1100,1100,1100,11219,0,71,76.93132534978857,45.09280005004257,2002.0611999789253,80.0
1790845610,100,,Aggregated,76.100000,0.100000,74,79,85,100,1300,1500,1800,2200,3600,3600,3600,13930,8,74,260.23992593672205,45.09280005004257,3605.411699973047,79.22153625269203
1790845611,100,GET,GET /inventory/{product_id},14.500000,0.100000,1400,1500,1800,1900,2600,3000,3500,3600,3600,3600,3600,2732,11,990,1031.0562549046947,479.81559997424483,3605.411699973047,76.0
1790845611,100,POST,POST /events,60.200000,0.000000,71,75,77,79,83,86,93,94,1100,1100,1100,11266,0,71,76.91004666245469,45.09280005004257,2002.0611999789253,80.0
1790845611,100,,Aggregated,74.700000,0.100000,74,80,86,930,1400,1800,2600,3000,3600,3600,3600,13998,11,74,263.1314669309073,45.09280005004257,3605.411699973047,79.21931704529219
1790845612,100,GET,GET /inventory/{product_id},14.400000,0.100000,1500,1800,2200,2300,2900,3500,3500,3600,3700,3700,3700,2757,16,990,1043.0810728327115,479.81559997424483,3688.8277999823913,76.0
1790845612,100,POST,POST /events,58.400000,0.000000,71,75,77,79,83,88,93,100,1300,1300,1300,11314,0,71,77.10914834709047,45.09280005004257,2002.0611999789253,80.0
1790845612,100,,Aggregated,72.800000,0.100000,74,81,90,1000,1500,2200,3000,3500,3700,3700,3700,14071,16,74,266.3767622911497,45.09280005004257,3688.8277999823913,79.21626039371758
1790845614,100,GET,GET /inventory/{product_id},13.900000,0.200000,1700,1900,2300,2500,3000,3500,3600,3600,3700,3700,3700,2767,16,990,1044.598429743293,479.81559997424483,3688.8277999823913,76.0
1790845614,100,POST,POST /events,56.300000,0.000000,71,75,78,80,84,89,96,1100,1300,1300,1300,11369,0,71,77.35605221208229,45.09280005004257,2002.0611999789253,80.0
1790845614,100,,Aggregated,70.200000,0.200000,75,82,91,1100,1800,2400,3000,3500,3700,3700,3700,14136,16,74,266.6853998796587,45.09280005004257,3688.8277999823913,79.21703452178834
1790845615,100,GET,GET /inventory/{product_id},15.200000,1.000000,1800,2000,2300,2600,3000,3500,3600,3700,3700,3700,3700,2779,17,990,1047.8504403741163,479.81559997424483,3688.8277999823913,76.0
1790845615,100,POST,POST /events,53.000000,0.000000,71,76,79,80,84,89,100,1200,1300,1300,1300,11424,0,71,77.53799278703728,45.09280005004257,2002.0611999789253,80.0
1790845615,100,,Aggregated,68.200000,1.000000,75,82,90,1200,1800,2400,3000,3500,3700,3700,3700,14203,17,74,267.39212866287284,45.09280005004257,3688.8277999823913,79.21734844751109
1790845616,100,GET,GET /inventory/{product_id},14.900000,1.000000,1800,2200,2500,2600,3000,3500,3600,3700,3700,3700,3700,2801,17,1000,1055.0232764725583,479.81559997424483,3688.8277999823913,76.0
1790845616,100,POST,POST /events,52.500000,0.000000,72,76,79,81,85,90,110,1200,1300,1300,1300,11481,0,71,77.6033094241633,45.09280005004257,2002.0611999789253,80.0
1790845616,100,,Aggregated,67.400000,1.000000,75,83,96,1300,1900,2600,3000,3500,3700,3700,3700,14282,17,74,269.2958824323242,45.09280005004257,3688.8277999823913,79.21551603416889
1790845617,100,GET,GET /inventory/{product_id},14.400000,1.100000,1800,2200,2500,2600,3000,3500,3600,3700,3700,3700,3700,2814,17,1000,1056.6606562898512,479.81559997424483,3688.8277999823913,76.0
1790845617,100,POST,POST /events,51.600000,0.000000,71,75,79,80,85,90,110,1200,1300,1300,1300,11539,0,71,77.57507355046585,45.09280005004257,2002.0611999789253,80.0
1790845617,100,,Aggregated,66.000000,1.100000,75,82,94,1300,1900,2600,3000,3500,3700,3700,3700,14353,17,74,269.53123810342555,45.09280005004257,3688.8277999823913,79.21577370584546
1790845618,100,GET,GET /inventory/{product_id},14.800000,1.100000,1800,2200,2400,2600,3000,3500,3600,3700,3700,3700,3700,2826,17,1000,1057.4159791577088,479.81559997424483,3688.8277999823913,76.0
1790845618,100,POST,POST /events,51.500000,0.000000,71,76,79,80,85,90,100,1200,1300,1300,1300,11604,0,71,77.53967113916856,45.09280005004257,2002.0611999789253,80.0
1790845618,100,,Aggregated,66.300000,1.100000,75,82,94,1300,1900,2500,3000,3500,3700,3700,3700,14430,17,74,269.44060297980576,45.09280005004257,3688.8277999823913,79.21663201663202
1790845619,100,GET,GET /inventory/{product_id},14.900000,1.100000,1800,2200,2400,2600,3000,3500,3600,3700,3700,3700,3700,2838,17,1000,1058.4838244184507,479.81559997424483,3688.8277999823913,76.0
1790845619,100,POST,POST /events,51.800000,0.000000,71,75,78,80,85,89,100,1200,1300,1300,1300,11661,0,71,77.50195296276674,45.09280005004257,2002.0611999789253,80.0
1790845619,100,,Aggregated,66.700000,1.100000,75,81,91,1200,1800,2500,3000,3500,3700,3700,3700,14499,17,74,269.51702649826785,45.09280005004257,3688.8277999823913,79.21704945168632
1790845620,100,GET,GET /inventory/{product_id},14.300000,1.000000,1700,2000,2300,2500,2900,3500,3600,3700,3700,3700,3700,2855,17,1000,1062.5014132047977,479.81559997424483,3688.8277999823913,76.0
1790845620,100,POST,POST /events,52.400000,0.000000,71,75,78,80,85,89,98,1100,1300,1300,1300,11723,0,71,77.46971043238769,45.09280005004257,2002.0611999789253,80.0
1790845620,100,,Aggregated,66.700000,1.000000,75,81,92,1300,1800,2400,3000,3500,3700,3700,3700,14578,17,74,270.3813246054725,45.09280005004257,3688.8277999823913,79.216627795308
1790845621,100,GET,GET /inventory/{product_id},14.800000,1.000000,1600,1800,1900,2000,2600,2900,3500,3700,3700,3700,3700,2873,17,1000,1065.7941714235146,479.81559997424483,3688.8277999823913,76.0
1790845621,100,POST,POST /events,52.500000,0.000000,71,75,78,80,85,89,98,1100,1300,1300,1300,11789,0,71,77.43115717183453,45.09280005004257,2002.0611999789253,80.0
1790845621,100,,Aggregated,67.300000,1.000000,75,81,89,1200,1600,2000,2600,2900,3700,3700,3700,14662,17,74,271.0996157685524,45.09280005004257,3688.8277999823913,79.21620515618606
1790845622,100,GET,GET /inventory/{product_id},15.100000,1.000000,1500,1700,1800,1900,2200,2400,2700,2800,3700,3700,3700,2883,17,1000,1065.9606947622826,479.81559997424483,3688.8277999823913,76.0
1790845622,100,POST,POST /events,54.500000,0.000000,71,75,78,80,84,88,95,1000,1300,1300,1300,11861,0,71,77.39765893254,45.09280005004257,2002.0611999789253,80.0
1790845622,100,,Aggregated,69.600000,1.000000,74,80,85,96,1400,1800,2100,2400,3700,3700,3700,14744,17,74,270.6984750134643,45.09280005004257,3688.8277999823913,79.21785132935432
1790845623,100,GET,GET /inventory/{product_id},16.100000,0.900000,1400,1600,1800,1900,2200,2400,2700,2800,3700,3700,3700,2895,17,1000,1066.34719999986,479.81559997424483,3688.8277999823913,76.0
1790845623,100,POST,POST /events,56.300000,0.000000,71,75,78,80,85,89,96,110,1300,1300,1300,11925,0,71,77.3904962682378,45.09280005004257,2002.0611999789253,80.0
1790845623,100,,Aggregated,72.400000,0.900000,74,80,86,99,1400,1700,2100,2400,3700,3700,3700,14820,17,74,270.57738272593326,45.09280005004257,3688.8277999823913,79.21862348178138
1790845624,100,GET,GET /inventory/{product_id},15.000000,0.600000,1400,1500,1700,1800,2000,2300,2600,2700,2800,2800,2800,2912,17,1000,1066.8750936468484,479.81559997424483,3688.8277999823913,76.0
1790845624,100,POST,POST /events,59.000000,0.000000,71,75,78,80,85,88,95,100,1100,1100,1100,11991,0,71,77.36166830113713,45.09280005004257,2002.0611999789253,80.0
1790845624,100,,Aggregated,74.000000,0.600000,74,80,86,98,1400,1700,2000,2300,2800,2800,2800,14903,17,74,270.7095240755927,45.09280005004257,3688.8277999823913,79.21841240018789
1790845625,100,GET,GET /inventory/{product_id},13.600000,0.100000,1300,1400,1500,1600,1900,2100,2300,2400,2600,2600,2600,2922,17,1000,1067.4296350101104,479.81559997424483,3688.8277999823913,76.0
1790845625,100,POST,POST /events,60.800000,0.000000,71,75,78,79,85,87,93,99,140,140,140,12061,0,71,77.32775497878656,45.09280005004257,2002.0611999789253,80.0
1790845625,100,,Aggregated,74.400000,0.100000,74,79,85,90,1300,1500,1800,2000,2600,2600,2600,14983,17,74,270.4184373155368,45.09280005004257,3688.8277999823913,79.21991590469199
1790845626,100,GET,GET /inventory/{product_id},14.300000,0.100000,1300,1400,1500,1600,1800,1900,2200,2300,2400,2400,2400,2933,17,1000,1068.2928415614365,479.81559997424483,3688.8277999823913,76.0
1790845626,100,POST,POST /events,61.800000,0.000000,71,75,78,80,85,88,93,100,140,140,140,12113,0,71,77.31020542385998,45.09280005004257,2002.0611999789253,80.0
1790845626,100,,Aggregated,76.100000,0.100000,74,80,85,90,1300,1400,1700,1900,2400,2400,2400,15046,17,74,270.4879318489239,45.09280005004257,3688.8277999823913,79.2202578758474
1790845627,100,GET,GET /inventory/{product_id},14.100000,0.000000,1300,1400,1500,1500,1700,1900,2200,2300,2400,2400,2400,2955,17,1000,1069.246076886517,479.81559997424483,3688.8277999823913,76.0
1790845627,100,POST,POST /events,63.000000,0.000000,71,75,78,80,85,88,95,100,140,140,140,12166,0,71,77.29345460295511,45.09280005004257,2002.0611999789253,80.0
1790845627,100,,Aggregated,77.100000,0.000000,74,81,86,97,1300,1400,1700,1900,2400,2400,2400,15121,17,74,271.1443903114351,45.09280005004257,3688.8277999823913,79.21830566761457
1790845628,100,GET,GET /inventory/{product_id},13.400000,0.000000,1300,1400,1500,1600,1700,1900,2200,2300,2400,2400,2400,2970,17,1000,1071.0254235352077,479.81559997424483,3688.8277999823913,76.0
1790845628,100,POST,POST /events,63.200000,0.000000,71,76,79,81,85,88,95,100,140,140,140,12224,0,71,77.27144923099436,45.09280005004257,2002.0611999789253,80.0
1790845628,100,,Aggregated,76.600000,0.000000,75,81,87,100,1300,1500,1700,1900,2400,2400,2400,15194,17,74,271.5224235421378,45.09280005004257,3688.8277999823913,79.21811241279453
1790845629,100,GET,GET /inventory/{product_id},14.100000,0.000000,1300,1400,1500,1500,1700,1800,2000,2100,2300,2300,2300,2988,17,1000,1073.5717221885589,479.81559997424483,3688.8277999823913,76.0
1790845629,100,POST,POST /events,62.200000,0.000000,72,76,79,81,85,89,95,100,140,140,140,12285,0,71,77.24164557584199,45.09280005004257,2002.0611999789253,80.0
1790845629,100,,Aggregated,76.300000,0.000000,74,82,87,100,1300,1500,1700,1800,2300,2300,2300,15273,17,74,272.1630276827495,45.09280005004257,3688.8277999823913,79.21744254566883
1790845630,100,GET,GET /inventory/{product_id},14.200000,0.000000,1300,1300,1400,1500,1600,1700,1700,1800,1900,1900,1900,3003,17,1000,1074.8340478852326,479.81559997424483,3688.8277999823913,76.0
1790845630,100,POST,POST /events,61.800000,0.000000,72,76,79,81,85,88,95,100,140,140,140,12353,0,71,77.21033207309591,45.09280005004257,2002.0611999789253,80.0
1790845630,100,,Aggregated,76.000000,0.000000,74,81,86,96,1300,1400,1600,1700,1900,1900,1900,15356,17,74,272.30436818822005,45.09280005004257,3688.8277999823913,79.21776504297995
1790845631,100,GET,GET /inventory/{product_id},14.600000,0.000000,1300,1400,1400,1500,1600,1700,1700,1800,1900,1900,1900,3011,17,1000,1075.4055472930647,479.81559997424483,3688.8277999823913,76.0
1790845631,100,POST,POST /events,62.100000,0.000000,72,75,78,80,85,88,95,100,140,140,140,12417,0,71,77.17802751862855,45.09280005004257,2002.0611999789253,80.0
1790845631,100,,Aggregated,76.700000,0.000000,74,81,86,97,1300,1400,1600,1700,1900,1900,1900,15428,17,74,271.9967377883219,45.09280005004257,3688.8277999823913,79.219341457091
1790845632,100,GET,GET /inventory/{product_id},14.800000,0.000000,1300,1400,1400,1500,1600,1700,1700,1800,1900,1900,1900,3027,17,1000,1076.7898557646017,479.81559997424483,3688.8277999823913,76.0
1790845632,100,POST,POST /events,62.600000,0.000000,71,75,78,79,85,87,92,95,120,120,120,12469,0,71,77.14393404433432,45.09280005004257,2002.0611999789253,80.0
1790845632,100,,Aggregated,77.400000,0.000000,74,81,86,100,1300,1400,1600,1700,1900,1900,1900,15496,17,74,272.4155012260102,45.09280005004257,3688.8277999823913,79.21863706763035
1790845633,100,GET,GET /inventory/{product_id},13.800000,0.000000,1300,1400,1500,1600,1700,1800,2000,2100,2200,2200,2200,3036,17,1000,1078.8876601447762,479.81559997424483,3688.8277999823913,76.0
1790845633,100,POST,POST /events,62.100000,0.000000,71,74,77,79,84,86,92,96,120,120,120,12519,0,71,77.11995188903683,45.09280005004257,2002.0611999789253,80.0
1790845633,100,,Aggregated,75.900000,0.000000,73,80,85,96,1300,1500,1700,1800,2200,2200,2200,15555,17,74,272.6433695852389,45.09280005004257,3688.8277999823913,79.21928640308582
1790845634,100,GET,GET /inventory/{product_id},14.300000,0.000000,1400,1500,1600,1700,2000,2100,2300,2400,2800,2800,2800,3048,17,1000,1082.975173457851,479.81559997424483,3688.8277999823913,76.0
1790845634,100,POST,POST /events,60.200000,0.000000,71,74,77,79,84,86,92,96,120,120,120,12569,0,71,77.0900948841315,45.09280005004257,2002.0611999789253,80.0
1790845634,100,,Aggregated,74.500000,0.000000,73,80,85,120,1400,1600,2000,2100,2800,2800,2800,15617,17,74,273.41062504310526,45.09280005004257,3688.8277999823913,79.2193122878914
1790845635,100,GET,GET /inventory/{product_id},14.100000,0.000000,1500,1700,1900,2000,2300,2400,2900,2900,3500,3500,3500,3076,18,1000,1093.0996669699866,479.81559997424483,3688.8277999823913,76.0
1790845635,100,POST,POST /events,59.000000,0.000000,71,74,78,80,84,90,120,210,250,250,250,12619,0,71,77.16926762014644,45.09280005004257,2002.0611999789253,80.0
1790845635,100,,Aggregated,73.100000,0.000000,74,81,92,1100,1500,2000,2300,2400,3500,3500,3500,15695,18,74,276.27738539014354,45.09280005004257,3688.8277999823913,79.21605606881172
1790845636,100,GET,GET /inventory/{product_id},13.800000,0.000000,1500,1700,2000,2100,2300,2600,2900,3400,3500,3500,3500,3090,19,1000,1094.538808931935,479.81559997424483,3688.8277999823913,76.0
1790845636,100,POST,POST /events,57.600000,0.000000,71,74,77,79,84,89,130,210,250,250,250,12672,0,71,77.14848868361037,45.09280005004257,2002.0611999789253,80.0
1790845636,100,,Aggregated,71.400000,0.000000,74,81,89,1000,1600,2000,2300,2600,3500,3500,3500,15762,19,74,276.59881792909414,45.09280005004257,3688.8277999823913,79.21583555386373
1790845637,100,GET,GET /inventory/{product_id},15.100000,0.100000,1500,1700,2000,2000,2300,2400,2900,3400,3500,3500,3500,3109,19,1000,1095.2551432292819,479.81559997424483,3688.8277999823913,76.0
1790845637,100,POST,POST /events,56.300000,0.000000,71,74,77,79,85,90,140,230,1300,1300,1300,12733,0,71,77.32653804279286,45.09280005004257,2002.0611999789253,80.0
1790845637,100,,Aggregated,71.400000,0.100000,74,81,91,1000,1500,2000,2300,2600,3500,3500,3500,15842,19,74,277.0955087235649,45.09280005004257,3688.8277999823913,79.2149981062997
1790845638,100,GET,GET /inventory/{product_id},15.600000,0.200000,1400,1700,2000,2000,2300,2400,2900,3400,3500,3500,3500,3128,19,1000,1096.3042648656153,479.81559997424483,3688.8277999823913,76.0
1790845638,100,POST,POST /events,55.500000,0.000000,71,75,78,80,85,90,140,230,1300,1300,1300,12787,0,71,77.30384764205989,45.09280005004257,2002.0611999789253,80.0
1790845638,100,,Aggregated,71.100000,0.200000,74,81,97,1100,1500,2000,2300,2600,3500,3500,3500,15915,19,74,277.58240906683375,45.09280005004257,3688.8277999823913,79.21382343700911
1790845639,100,GET,GET /inventory/{product_id},15.000000,0.200000,1400,1700,2000,2000,2300,2400,2900,3400,3500,3500,3500,3145,19,1000,1097.6807725912483,479.81559997424483,3688.8277999823913,76.0
1790845639,100,POST,POST /events,56.600000,0.000000,70,74,77,79,83,90,140,230,1300,1300,1300,12848,0,71,77.26182037664582,45.09280005004257,2002.0611999789253,80.0
1790845639,100,,Aggregated,71.600000,0.200000,74,81,100,1100,1500,2000,2300,2600,3500,3500,3500,15993,19,74,277.92571112352994,45.09280005004257,3688.8277999823913,79.21340586506597
1790845640,100,GET,GET /inventory/{product_id},15.500000,0.200000,1400,1700,1900,2000,2300,2400,2900,3400,3500,3500,3500,3157,19,1000,1098.7310383906872,479.81559997424483,3688.8277999823913,76.0
1790845640,100,POST,POST /events,55.500000,0.000000,71,74,77,79,85,91,140,230,1300,1300,1300,12907,0,71,77.2397525295895,45.09280005004257,2002.0611999789253,80.0
1790845640,100,,Aggregated,71.000000,0.200000,74,81,110,1100,1500,2000,2300,2600,3500,3500,3500,16064,19,74,277.9897518736806,45.09280005004257,3688.8277999823913,79.21389442231076
1790845641,100,GET,GET /inventory/{product_id},15.300000,0.200000,1500,1700,1900,2000,2300,2400,2900,3400,3500,3500,3500,3172,19,1000,1100.5100873263527,479.81559997424483,3688.8277999823913,76.0
1790845641,100,POST,POST /events,55.700000,0.000000,71,75,78,80,86,94,140,230,1300,1300,1300,12958,0,71,77.22096158351513,45.09280005004257,2002.0611999789253,80.0
1790845641,100,,Aggregated,71.000000,0.200000,75,81,120,1200,1600,2000,2300,2600,3500,3500,3500,16130,19,74,278.4530202850819,45.09280005004257,3688.8277999823913,79.2133911965282
1790845642,100,GET,GET /inventory/{product_id},15.300000,0.200000,1500,1700,2000,2000,2300,2400,2900,3400,3500,3500,3500,3185,19,1000,1103.3462128725876,479.81559997424483,3688.8277999823913,76.0
1790845642,100,POST,POST /events,54.800000,0.000000,71,75,78,79,86,93,140,230,1300,1300,1300,13010,0,71,77.19856387388221,45.09280005004257,2002.0611999789253,80.0
1790845642,100,,Aggregated,70.100000,0.200000,75,82,130,1200,1600,2000,2300,2600,3500,3500,3500,16195,19,74,279.0065454769,45.09280005004257,3688.8277999823913,79.21333744983019
1790845643,100,GET,GET /inventory/{product_id},15.700000,0.200000,1500,1600,1800,2000,2200,2400,2900,3400,3500,3500,3500,3203,19,1000,1106.672976802696,479.81559997424483,3688.8277999823913,76.0
1790845643,100,POST,POST /events,54.200000,0.000000,71,75,78,79,86,93,140,230,1300,1300,1300,13063,0,71,77.17720280940985,45.09280005004257,2002.0611999789253,80.0
1790845643,100,,Aggregated,69.900000,0.200000,75,83,140,1200,1600,1900,2300,2400,3500,3500,3500,16266,19,74,279.89913592760024,45.09280005004257,3688.8277999823913,79.2123447682282
1790845644,100,GET,GET /inventory/{product_id},15.800000,0.200000,1400,1600,1700,1800,2000,2100,2300,2500,3400,3400,3400,3222,19,1000,1109.845396213223,479.81559997424483,3688.8277999823913,76.0
1790845644,100,POST,POST /events,54.300000,0.000000,71,75,77,79,85,88,97,110,1300,1300,1300,13127,0,71,77.22777134907699,45.09280005004257,2002.0611999789253,80.0
1790845644,100,,Aggregated,70.100000,0.200000,75,81,93,1100,1500,1800,2000,2100,3400,3400,3400,16349,19,74,280.7322050950103,45.09280005004257,3688.8277999823913,79.21169490488715
1790845645,100,GET,GET /inventory/{product_id},16.500000,0.200000,1400,1600,1600,1800,1900,2000,2100,2400,2500,2500,2500,3238,19,1000,1111.0166441318613,479.81559997424483,3688.8277999823913,76.0
1790845645,100,POST,POST /events,53.700000,0.000000,71,75,77,79,85,88,95,100,1300,1300,1300,13187,0,71,77.20199074840208,45.09280005004257,2002.0611999789253,80.0
1790845645,100,,Aggregated,70.200000,0.200000,75,80,91,1100,1500,1700,1900,2000,2500,2500,2500,16425,19,74,281.00666944889673,45.09280005004257,3688.8277999823913,79.21144596651446
1790845646,100,GET,GET /inventory/{product_id},16.900000,0.200000,1500,1600,1600,1800,1900,2000,2100,2400,2500,2500,2500,3250,19,1000,1111.3601212920262,479.81559997424483,3688.8277999823913,76.0
1790845646,100,POST,POST /events,54.200000,0.000000,71,75,77,79,85,88,96,110,1100,1100,1100,13241,0,71,77.20870847363493,45.09280005004257,2002.0611999789253,80.0
1790845646,100,,Aggregated,71.100000,0.200000,74,80,91,1100,1500,1700,1900,2000,2500,2500,2500,16491,19,74,281.0163666908296,45.09280005004257,3688.8277999823913,79.21169122551694
1790845647,100,GET,GET /inventory/{product_id},16.100000,0.100000,1400,1600,1600,1700,1900,2000,2100,2400,2500,2500,2500,3269,19,1000,1112.7812184151992,479.81559997424483,3688.8277999823913,76.0
1790845647,100,POST,POST /events,55.500000,0.000000,71,75,77,79,84,88,96,110,1100,1100,1100,13297,0,71,77.18439509657296,45.09280005004257,2002.0611999789253,80.0
1790845647,100,,Aggregated,71.600000,0.100000,74,80,91,1100,1500,1600,1900,2000,2500,2500,2500,16566,19,74,281.54066791008097,45.09280005004257,3688.8277999823913,79.21067246166848
1790845648,100,GET,GET /inventory/{product_id},15.800000,0.000000,1500,1600,1600,1800,1900,2000,2100,2400,2500,2500,2500,3285,19,1000,1114.1489883103548,479.81559997424483,3688.8277999823913,76.0
1790845648,100,POST,POST /events,56.300000,0.000000,72,75,77,79,85,88,96,110,1100,1100,1100,13360,0,71,77.15725349544681,45.09280005004257,2002.0611999789253,80.0
1790845648,100,,Aggregated,72.100000,0.000000,75,81,91,1100,1500,1700,1900,2000,2500,2500,2500,16645,19,74,281.81437869021744,45.09280005004257,3688.8277999823913,79.21057374586962
1790845649,100,GET,GET /inventory/{product_id},15.700000,0.000000,1400,1600,1600,1800,1900,2000,2100,2400,2500,2500,2500,3297,19,1000,1114.578908522751,479.81559997424483,3688.8277999823913,76.0
1790845649,100,POST,POST /events,56.200000,0.000000,72,75,78,79,85,88,96,98,1100,1100,1100,13423,0,71,77.13269024803598,45.09280005004257,2002.0611999789253,80.0
1790845649,100,,Aggregated,71.900000,0.000000,75,80,88,1000,1500,1700,1900,2000,2500,2500,2500,16720,19,74,281.70566761955024,45.09280005004257,3688.8277999823913,79.21124401913876
1790845650,100,GET,GET /inventory/{product_id},15.900000,0.000000,1400,1600,1600,1800,1900,2000,2100,2400,2500,2500,2500,3316,19,1000,1115.4445068153036,479.81559997424483,3688.8277999823913,76.0
1790845650,100,POST,POST /events,57.600000,0.000000,72,75,78,79,85,88,95,98,1100,1100,1100,13485,0,71,77.10992485719215,45.09280005004257,2002.0611999789253,80.0
1790845650,100,,Aggregated,73.500000,0.000000,75,81,88,1000,1400,1700,1900,2000,2500,2500,2500,16801,19,74,282.0451950061758,45.09280005004257,3688.8277999823913,79.21052318314386
1790845651,100,GET,GET /inventory/{product_id},15.600000,0.000000,1400,1500,1600,1600,1800,2000,2100,2400,2500,2500,2500,3329,19,1000,1115.9902255029997,479.81559997424483,3688.8277999823913,76.0
1790845651,100,POST,POST /events,57.500000,0.000000,72,75,78,79,84,88,95,98,1100,1100,1100,13544,0,71,77.08041122260836,45.09280005004257,2002.0611999789253,80.0
1790845651,100,,Aggregated,73.100000,0.000000,75,81,88,980,1400,1600,1800,2000,2500,2500,2500,16873,19,74,282.0546761274501,45.09280005004257,3688.8277999823913,79.21081017009423
1790845652,100,GET,GET /inventory/{product_id},15.400000,0.000000,1300,1400,1500,1600,1700,1900,2100,2400,2500,2500,2500,3347,19,1000,1117.2239165520434,479.81559997424483,3688.8277999823913,76.0
1790845652,100,POST,POST /events,57.500000,0.000000,72,75,78,79,84,88,95,98,1100,1100,1100,13605,0,71,77.05257345082612,45.09280005004257,2002.0611999789253,80.0
1790845652,100,,Aggregated,72.900000,0.000000,74,80,88,880,1400,1500,1700,1900,2500,2500,2500,16952,19,74,282.4238267165023,45.09280005004257,3688.8277999823913,79.21024067956583
1790845653,100,GET,GET /inventory/{product_id},15.900000,0.000000,1300,1400,1500,1500,1600,1700,1800,2000,2000,2000,2000,3358,19,1000,1117.833476890934,479.81559997424483,3688.8277999823913,76.0
1790845653,100,POST,POST /events,57.800000,0.000000,72,75,78,79,83,87,93,97,290,290,290,13668,0,71,77.02006671774886,45.09280005004257,2002.0611999789253,80.0
1790845653,100,,Aggregated,73.700000,0.000000,74,80,86,650,1300,1500,1600,1700,2000,2000,2000,17026,19,74,282.297373857507,45.09280005004257,3688.8277999823913,79.21108892282392
1790845654,100,GET,GET /inventory/{product_id},16.100000,0.000000,1300,1400,1500,1500,1600,1700,1800,1800,2000,2000,2000,3376,19,1000,1118.9075703790602,479.81559997424483,3688.8277999823913,76.0
1790845654,100,POST,POST /events,58.700000,0.000000,72,75,77,79,83,87,95,97,290,290,290,13726,0,71,76.99911814061306,45.09280005004257,2002.0611999789253,80.0
1790845654,100,,Aggregated,74.800000,0.000000,74,80,86,810,1300,1500,1600,1700,2000,2000,2000,17102,19,74,282.6758188046856,45.09280005004257,3688.8277999823913,79.2103847503216
1790845655,100,GET,GET /inventory/{product_id},15.600000,0.000000,1300,1400,1500,1500,1600,1700,1800,1800,2000,2000,2000,3390,19,1000,1119.5891607078863,479.81559997424483,3688.8277999823913,76.0
1790845655,100,POST,POST /events,60.400000,0.000000,72,76,78,79,83,87,91,97,140,140,140,13796,0,71,76.98290560292726,45.09280005004257,2002.0611999789253,80.0
1790845655,100,,Aggregated,76.000000,0.000000,74,80,86,680,1300,1500,1600,1700,2000,2000,2000,17186,19,74,282.6407203827356,45.09280005004257,3688.8277999823913,79.2109856860235
1790845656,100,GET,GET /inventory/{product_id},15.400000,0.000000,1300,1400,1500,1500,1600,1700,1800,1800,2000,2000,2000,3402,19,1000,1119.702468665451,479.81559997424483,3688.8277999823913,76.0
1790845656,100,POST,POST /events,61.200000,0.000000,72,75,78,79,83,87,91,96,110,110,110,13867,0,71,76.94785561391804,45.09280005004257,2002.0611999789253,80.0
1790845656,100,,Aggregated,76.600000,0.000000,74,80,85,98,1300,1500,1600,1700,2000,2000,2000,17269,19,74,282.3709370663061,45.09280005004257,3688.8277999823913,79.21199837859749
1790845657,100,GET,GET /inventory/{product_id},15.700000,0.000000,1300,1400,1500,1500,1600,1700,1700,1800,2000,2000,2000,3410,19,1000,1119.977707038067,479.81559997424483,3688.8277999823913,76.0
1790845657,100,POST,POST /events,60.800000,0.000000,72,75,78,79,83,87,92,96,110,110,110,13937,0,71,76.91263303421714,45.09280005004257,2002.0611999789253,80.0
1790845657,100,,Aggregated,76.500000,0.000000,74,79,84,90,1200,1400,1500,1600,2000,2000,2000,17347,19,74,281.9539602004766,45.09280005004257,3688.8277999823913,79.21369689283449
1790845658,100,GET,GET /inventory/{product_id},15.300000,0.000000,1300,1400,1500,1500,1600,1700,1800,1900,2000,2000,2000,3422,19,1000,1120.752111805925,479.81559997424483,3688.8277999823913,76.0
1790845658,100,POST,POST /events,61.900000,0.000000,72,75,78,79,83,87,94,96,250,250,250,13999,0,71,76.90888845616954,45.09280005004257,2002.0611999789253,80.0
1790845658,100,,Aggregated,77.200000,0.000000,74,79,85,92,1300,1400,1500,1600,2000,2000,2000,17421,19,74,281.9505915904809,45.09280005004257,3688.8277999823913,79.21428161414384
1790845659,100,GET,GET /inventory/{product_id},14.500000,0.000000,1300,1400,1500,1500,1600,1700,1800,1900,2000,2000,2000,3446,19,1000,1121.8979322402256,479.81559997424483,3688.8277999823913,76.0
1790845659,100,POST,POST /events,62.900000,0.000000,72,76,78,79,83,87,95,97,250,250,250,14054,0,71,76.89125281754797,45.09280005004257,2002.0611999789253,80.0
1790845659,100,,Aggregated,77.400000,0.000000,74,80,86,96,1300,1500,1600,1700,2000,2000,2000,17500,19,74,282.6679966627204,45.09280005004257,3688.8277999823913,79.21234285714286
1790845660,100,GET,GET /inventory/{product_id},13.600000,0.000000,1300,1400,1500,1500,1600,1700,1800,1900,2000,2000,2000,3462,19,1000,1122.2145822067341,479.81559997424483,3688.8277999823913,76.0
1790845660,100,POST,POST /events,62.200000,0.000000,71,75,78,79,83,87,93,96,250,250,250,14111,0,71,76.86717121379714,45.09280005004257,2002.0611999789253,80.0
1790845660,100,,Aggregated,75.800000,0.000000,74,80,85,95,1300,1500,1600,1700,2000,2000,2000,17573,19,74,282.80769001295045,45.09280005004257,3688.8277999823913,79.21197291299153
1790845661,100,GET,GET /inventory/{product_id},14.500000,0.000000,1300,1400,1500,1500,1600,1700,1700,1700,1900,1900,1900,3477,19,1000,1122.5042749783356,479.81559997424483,3688.8277999823913,76.0
1790845661,100,POST,POST /events,61.700000,0.000000,71,76,78,80,83,87,95,98,250,250,250,14168,0,71,76.84979374634497,45.09280005004257,2002.0611999789253,80.0
1790845661,100,,Aggregated,76.200000,0.000000,74,80,85,95,1200,1400,1600,1600,1900,1900,1900,17645,19,74,282.89913527332743,45.09280005004257,3688.8277999823913,79.21178804193822
1790845662,100,GET,GET /inventory/{product_id},14.500000,0.000000,1200,1300,1400,1500,1600,1700,1700,1700,1900,1900,1900,3492,19,1000,1123.2456714489447,479.81559997424483,3688.8277999823913,76.0
1790845662,100,POST,POST /events,61.800000,0.000000,72,76,78,80,84,87,95,100,250,250,250,14233,0,71,76.83908875838623,45.09280005004257,2002.0611999789253,80.0
1790845662,100,,Aggregated,76.300000,0.000000,75,81,86,98,1200,1400,1600,1600,1900,1900,1900,17725,19,74,282.9915167840789,45.09280005004257,3688.8277999823913,79.21196050775741
1790845663,100,GET,GET /inventory/{product_id},14.700000,0.000000,1200,1300,1400,1500,1600,1600,1700,1700,1900,1900,1900,3503,19,1000,1123.597049528894,479.81559997424483,3688.8277999823913,76.0
1790845663,100,POST,POST /events,62.400000,0.000000,72,76,79,80,84,88,95,100,250,250,250,14296,0,71,76.81081999844685,45.09280005004257,2002.0611999789253,80.0
1790845663,100,,Aggregated,77.100000,0.000000,75,81,86,96,1200,1400,1500,1600,1900,1900,1900,17799,19,74,282.8275716162415,45.09280005004257,3688.8277999823913,79.21276476206529
1790845664,100,GET,GET /inventory/{product_id},14.300000,0.000000,1200,1300,1400,1500,1600,1600,1700,1700,1900,1900,1900,3519,19,1100,1124.0187745381415,479.81559997424483,3688.8277999823913,76.0
1790845664,100,POST,POST /events,62.700000,0.000000,71,75,78,80,83,87,95,100,250,250,250,14354,0,71,76.78920954422524,45.09280005004257,2002.0611999789253,80.0
1790845664,100,,Aggregated,77.000000,0.000000,74,80,85,95,1200,1400,1600,1600,1900,1900,1900,17873,19,74,282.97736146128244,45.09280005004257,3688.8277999823913,79.21244335030492
1790845665,100,GET,GET /inventory/{product_id},14.300000,0.000000,1200,1300,1400,1500,1600,1700,1700,1700,1900,1900,1900,3540,19,1100,1124.7052544067083,479.81559997424483,3688.8277999823913,76.0
1790845665,100,POST,POST /events,62.700000,0.000000,71,76,78,80,84,88,95,100,250,250,250,14409,0,71,76.77600718976501,45.09280005004257,2002.0611999789253,80.0
1790845665,100,,Aggregated,77.000000,0.000000,74,81,87,250,1200,1400,1600,1600,1900,1900,1900,17949,19,74,283.45434777408457,45.09280005004257,3688.8277999823913,79.2110981113154
1790845666,100,GET,GET /inventory/{product_id},14.500000,0.000000,1200,1300,1400,1500,1600,1600,1700,1700,1900,1900,1900,3557,19,1100,1125.3998301939182,479.81559997424483,3688.8277999823913,76.0
1790845666,100,POST,POST /events,62.100000,0.000000,72,76,79,80,85,88,95,100,250,250,250,14473,0,71,76.75742213758025,45.09280005004257,2002.0611999789253,80.0
1790845666,100,,Aggregated,76.600000,0.000000,75,81,89,870,1300,1400,1600,1600,1900,1900,1900,18030,19,74,283.63601589555924,45.09280005004257,3688.8277999823913,79.21087077093733
1790845667,100,GET,GET /inventory/{product_id},14.300000,0.000000,1200,1300,1400,1500,1600,1600,1700,1700,1700,1700,1700,3569,19,1100,1126.0468086018398,479.81559997424483,3688.8277999823913,76.0
1790845667,100,POST,POST /events,61.700000,0.000000,72,76,78,80,83,88,93,100,120,120,120,14540,0,71,76.72752918824223,45.09280005004257,2002.0611999789253,80.0
1790845667,100,,Aggregated,76.000000,0.000000,75,81,88,860,1300,1400,1600,1600,1700,1700,1700,18109,19,74,283.53190868059943,45.09280005004257,3688.8277999823913,79.21166270915015
1790845668,100,GET,GET /inventory/{product_id},14.900000,0.000000,1200,1300,1400,1400,1600,1600,1700,1700,1700,1700,1700,3581,19,1100,1126.3672177324283,479.81559997424483,3688.8277999823913,76.0
1790845668,100,POST,POST /events,60.800000,0.000000,72,75,78,80,83,88,92,100,120,120,120,14605,0,71,76.70459232434713,45.09280005004257,2002.0611999789253,80.0
1790845668,100,,Aggregated,75.700000,0.000000,75,80,86,120,1200,1400,1600,1600,1700,1700,1700,18186,19,74,283.3933562958805,45.09280005004257,3688.8277999823913,79.21236115693391
1790845669,100,GET,GET /inventory/{product_id},15.800000,0.000000,1200,1300,1400,1400,1600,1600,1700,1700,1700,1700,1700,3599,19,1100,1126.9537909974679,479.81559997424483,3688.8277999823913,76.0
1790845669,100,POST,POST /events,60.200000,0.000000,72,76,78,80,83,89,93,99,120,120,120,14660,0,71,76.69290078423998,45.09280005004257,2002.0611999789253,80.0
1790845669,100,,Aggregated,76.000000,0.000000,75,80,87,820,1200,1400,1600,1600,1700,1700,1700,18259,19,74,283.70801354383104,45.09280005004257,3688.8277999823913,79.2115668985158
1790845670,100,GET,GET /inventory/{product_id},16.100000,0.000000,1300,1300,1400,1400,1600,1600,1700,1700,1700,1700,1700,3614,19,1100,1127.2916256225403,479.81559997424483,3688.8277999823913,76.0
1790845670,100,POST,POST /events,61.000000,0.000000,72,76,78,79,83,88,92,99,110,110,110,14718,0,71,76.67916849414104,45.09280005004257,2002.0611999789253,80.0
1790845670,100,,Aggregated,77.100000,0.000000,75,80,86,100,1200,1400,1600,1600,1700,1700,1700,18332,19,74,283.79860009254844,45.09280005004257,3688.8277999823913,79.21143355880427
1790845671,100,GET,GET /inventory/{product_id},15.300000,0.000000,1300,1400,1400,1500,1600,1600,1800,1800,1900,1900,1900,3632,19,1100,1129.3077870318864,479.81559997424483,3688.8277999823913,76.0
1790845671,100,POST,POST /events,61.400000,0.000000,72,76,78,79,83,89,92,99,130,130,130,14774,0,71,76.67092898989897,45.09280005004257,2002.0611999789253,80.0
1790845671,100,,Aggregated,76.700000,0.000000,75,80,88,870,1300,1400,1600,1600,1900,1900,1900,18406,19,74,284.384558698063,45.09280005004257,3688.8277999823913,79.21069216559818
1790845672,100,GET,GET /inventory/{product_id},15.500000,0.000000,1300,1400,1500,1500,1600,1700,1900,2100,2100,2100,2100,3645,19,1100,1131.1501968997743,479.81559997424483,3688.8277999823913,76.0
1790845672,100,POST,POST /events,60.700000,0.000000,72,76,78,79,83,88,91,96,130,130,130,14832,0,71,76.64700889946714,45.09280005004257,2002.0611999789253,80.0
1790845672,100,,Aggregated,76.200000,0.000000,75,80,88,900,1300,1500,1600,1800,2100,2100,2100,18477,19,74,284.6712617684982,45.09280005004257,3688.8277999823913,79.21091086215294
1790845673,100,GET,GET /inventory/{product_id},14.900000,0.000000,1300,1500,1500,1600,1700,1900,2200,2200,2900,2900,2900,3661,19,1100,1133.7148540288906,479.81559997424483,3688.8277999823913,76.0
1790845673,100,POST,POST /events,60.100000,0.000000,72,76,78,79,83,87,91,93,130,130,130,14884,0,71,76.62062602101405,45.09280005004257,2002.0611999789253,80.0
1790845673,100,,Aggregated,75.000000,0.000000,75,80,87,900,1300,1600,1800,1900,2900,2900,2900,18545,19,74,285.303395971772,45.09280005004257,3688.8277999823913,79.21035319493124
1790845674,100,GET,GET /inventory/{product_id},15.100000,0.000000,1400,1500,1600,1600,1800,1900,2200,2200,2900,2900,2900,3670,19,1100,1134.7166566756948,479.81559997424483,3688.8277999823913,76.0
1790845674,100,POST,POST /events,58.500000,0.000000,72,76,78,80,83,87,91,94,130,130,130,14938,0,71,76.60025881624807,45.09280005004257,2002.0611999789253,80.0
1790845674,100,,Aggregated,73.600000,0.000000,75,80,86,820,1400,1600,1800,1900,2900,2900,2900,18608,19,74,285.28938070705533,45.09280005004257,3688.8277999823913,79.21109200343938
1790845675,100,GET,GET /inventory/{product_id},15.500000,0.000000,1400,1600,1700,1800,2000,2200,2800,2900,2900,2900,2900,3690,19,1100,1139.3753167208527,479.81559997424483,3688.8277999823913,76.0
1790845675,100,POST,POST /events,57.700000,0.000000,72,75,78,79,83,87,92,96,130,130,130,14986,0,71,76.58652207372857,45.09280005004257,2002.0611999789253,80.0
1790845675,100,,Aggregated,73.200000,0.000000,75,80,87,1000,1500,1700,2000,2200,2900,2900,2900,18676,19,74,286.57209994093034,45.09280005004257,3688.8277999823913,79.2096808738488
1790845676,100,GET,GET /inventory/{product_id},15.300000,0.000000,1500,1700,1800,1800,2100,2300,2800,2900,2900,2900,2900,3707,19,1100,1141.9683300242564,479.81559997424483,3688.8277999823913,76.0
1790845676,100,POST,POST /events,57.300000,0.000000,72,76,79,80,84,87,92,99,140,140,140,15046,0,71,76.57516416301199,45.09280005004257,2002.0611999789253,80.0
1790845676,100,,Aggregated,72.600000,0.000000,75,81,87,1100,1500,1800,2100,2300,2900,2900,2900,18753,19,74,287.17679941324417,45.09280005004257,3688.8277999823913,79.20929984535807
1790845677,100,GET,GET /inventory/{product_id},14.900000,0.000000,1500,1700,1800,1800,2100,2300,2800,2900,2900,2900,2900,3721,19,1100,1143.5862239451303,479.81559997424483,3688.8277999823913,76.0
1790845677,100,POST,POST /events,57.100000,0.000000,72,76,78,80,83,87,92,99,140,140,140,15103,0,71,76.55265400892505,45.09280005004257,2002.0611999789253,80.0
1790845677,100,,Aggregated,72.000000,0.000000,75,81,87,1100,1500,1800,2100,2300,2900,2900,2900,18824,19,74,287.47657632791095,45.09280005004257,3688.8277999823913,79.20930726731832
1790845678,100,GET,GET /inventory/{product_id},14.900000,0.000000,1500,1700,1800,1800,2100,2300,2800,2900,2900,2900,2900,3738,19,1100,1144.7665831727502,479.81559997424483,3688.8277999823913,76.0
1790845678,100,POST,POST /events,57.000000,0.000000,71,76,78,79,83,86,90,99,140,140,140,15168,0,71,76.52152583707093,45.09280005004257,2002.0611999789253,80.0
1790845678,100,,Aggregated,71.900000,0.000000,75,81,87,1100,1600,1800,2100,2300,2900,2900,2900,18906,19,74,287.7296092138157,45.09280005004257,3688.8277999823913,79.20913995556965
1790845679,100,GET,GET /inventory/{product_id},14.900000,0.000000,1600,1700,1800,1900,2100,2300,2800,2900,2900,2900,2900,3749,19,1100,1145.605135022618,479.81559997424483,3688.8277999823913,76.0
1790845679,100,POST,POST /events,56.400000,0.000000,71,76,78,80,83,86,94,96,140,140,140,15231,0,71,76.50952328784258,45.09280005004257,2002.0611999789253,80.0
1790845679,100,,Aggregated,71.300000,0.000000,75,81,86,1100,1600,1800,2100,2300,2900,2900,2900,18980,19,74,287.6812539724389,45.09280005004257,3688.8277999823913,79.20990516332982
1790845680,100,GET,GET /inventory/{product_id},15.300000,0.000000,1600,1700,1800,1800,2100,2300,2800,2900,2900,2900,2900,3765,19,1100,1146.0975677821934,479.81559997424483,3688.8277999823913,76.0
1790845680,100,POST,POST /events,56.100000,0.000000,71,75,78,79,83,86,92,95,140,140,140,15295,0,71,76.48245669154242,45.09280005004257,2002.0611999789253,80.0
1790845680,100,,Aggregated,71.400000,0.000000,74,81,86,1100,1600,1800,2100,2300,2900,2900,2900,19060,19,74,287.7679180376215,45.09280005004257,3688.8277999823913,79.20986358866736
1790845681,100,GET,GET /inventory/{product_id},15.500000,0.000000,1500,1700,1800,1800,2100,2300,2800,2900,2900,2900,2900,3778,19,1100,1146.4701886447813,479.81559997424483,3688.8277999823913,76.0
1790845681,100,POST,POST /events,56.400000,0.000000,71,75,78,79,83,87,91,95,140,140,140,15358,0,71,76.46310355495777,45.09280005004257,2002.0611999789253,80.0
1790845681,100,,Aggregated,71.900000,0.000000,74,80,86,810,1500,1800,2100,2300,2900,2900,2900,19136,19,74,287.7134572061552,45.09280005004257,3688.8277999823913,79.21028428093645
1790845682,100,GET,GET /inventory/{product_id},15.000000,0.000000,1500,1600,1700,1800,2000,2300,2800,2900,2900,2900,2900,3794,19,1100,1147.1700970743232,479.81559997424483,3688.8277999823913,76.0
1790845682,100,POST,POST /events,57.600000,0.000000,71,75,77,79,83,87,94,110,140,140,140,15414,0,71,76.44565506663557,45.09280005004257,2002.0611999789253,80.0
1790845682,100,,Aggregated,72.600000,0.000000,74,80,86,860,1500,1700,2000,2300,2900,2900,2900,19208,19,74,287.9371447051782,45.09280005004257,3688.8277999823913,79.20991253644316
1790845683,100,GET,GET /inventory/{product_id},15.100000,0.000000,1500,1600,1700,1800,2000,2300,2600,2800,2900,2900,2900,3807,19,1100,1148.0832901497167,479.81559997424483,3688.8277999823913,76.0
1790845683,100,POST,POST /events,58.300000,0.000000,71,75,78,79,84,87,94,110,140,140,140,15474,0,71,76.4259621944429,45.09280005004257,2002.0611999789253,80.0
1790845683,100,,Aggregated,73.400000,0.000000,74,80,86,130,1500,1700,2000,2200,2900,2900,2900,19281,19,74,288.0228424146436,45.09280005004257,3688.8277999823913,79.21020693947409
1790845684,100,GET,GET /inventory/{product_id},15.100000,0.000000,1400,1600,1700,1700,1900,2000,2300,2400,2900,2900,2900,3829,19,1100,1150.2521565160807,479.81559997424483,3688.8277999823913,76.0
1790845684,100,POST,POST /events,59.200000,0.000000,71,76,78,80,85,88,96,120,140,140,140,15535,0,71,76.4211027419655,45.09280005004257,2002.0611999789253,80.0
1790845684,100,,Aggregated,74.300000,0.000000,75,81,87,920,1500,1700,1900,2000,2900,2900,2900,19364,19,74,288.75838351562015,45.09280005004257,3688.8277999823913,79.20904771741375
1790845685,100,GET,GET /inventory/{product_id},14.500000,0.000000,1400,1500,1600,1700,1800,1900,2200,2300,2400,2400,2400,3836,19,1100,1150.4443551094766,479.81559997424483,3688.8277999823913,76.0
1790845685,100,POST,POST /events,59.000000,0.000000,71,75,78,80,85,88,110,130,160,160,160,15602,0,71,76.41286327368911,45.09280005004257,2002.0611999789253,80.0
1790845685,100,,Aggregated,73.500000,0.000000,74,80,86,130,1400,1600,1800,1900,2400,2400,2400,19438,19,74,288.3680439858016,45.09280005004257,3688.8277999823913,79.21061837637617
1790845686,100,GET,GET /inventory/{product_id},15.100000,0.000000,1400,1500,1600,1600,1700,1800,1900,1900,2200,2200,2200,3856,19,1100,1150.9731484699184,479.81559997424483,3688.8277999823913,76.0
1790845686,100,POST,POST /events,59.400000,0.000000,71,75,77,79,85,88,110,130,160,160,160,15659,0,71,76.40164832977796,45.09280005004257,2002.0611999789253,80.0
1790845686,100,,Aggregated,74.500000,0.000000,74,80,86,160,1400,1600,1700,1800,2200,2200,2200,19515,19,74,288.7279462821399,45.09280005004257,3688.8277999823913,79.20963361516782
1790845687,100,GET,GET /inventory/{product_id},15.100000,0.000000,1400,1500,1500,1600,1700,1700,1900,1900,2200,2200,2200,3872,19,1100,1151.6127080578328,479.81559997424483,3688.8277999823913,76.0
1790845687,100,POST,POST /events,60.200000,0.000000,71,75,77,79,85,89,120,140,160,160,160,15721,0,71,76.39702885922645,45.09280005004257,2002.0611999789253,80.0
1790845687,100,,Aggregated,75.300000,0.000000,74,80,87,160,1300,1500,1700,1700,2200,2200,2200,19593,19,74,288.88287124461755,45.09280005004257,3688.8277999823913,79.20951360179656
1790845688,100,GET,GET /inventory/{product_id},14.900000,0.000000,1300,1400,1500,1600,1700,1700,1900,1900,2200,2200,2200,3887,19,1100,1152.2404851813817,479.81559997424483,3688.8277999823913,76.0
1790845688,100,POST,POST /events,60.300000,0.000000,71,75,78,80,85,90,130,160,180,180,180,15787,0,71,76.39540725253217,45.09280005004257,2002.0611999789253,80.0
1790845688,100,,Aggregated,75.200000,0.000000,74,80,88,160,1300,1500,1700,1700,2200,2200,2200,19674,19,74,288.950546924658,45.09280005004257,3688.8277999823913,79.20971841008438
1790845689,100,GET,GET /inventory/{product_id},14.900000,0.000000,1400,1500,1500,1600,1700,1700,1900,1900,2200,2200,2200,3899,19,1100,1152.5585948704916,479.81559997424483,3688.8277999823913,76.0
1790845689,100,POST,POST /events,59.800000,0.000000,71,75,77,79,85,90,130,160,180,180,180,15857,0,71,76.3818820013694,45.09280005004257,2002.0611999789253,80.0
1790845689,100,,Aggregated,74.700000,0.000000,74,80,87,160,1300,1500,1700,1700,2200,2200,2200,19756,19,74,288.7737125073764,45.09280005004257,3688.8277999823913,79.21056894108119
1790845690,100,GET,GET /inventory/{product_id},14.500000,0.000000,1400,1400,1500,1600,1700,1700,1900,1900,2200,2200,2200,3911,19,1100,1153.036005139341,479.81559997424483,3688.8277999823913,76.0
1790845690,100,POST,POST /events,60.100000,0.000000,72,76,78,80,85,91,130,160,180,180,180,15916,0,71,76.37519504874052,45.09280005004257,2002.0611999789253,80.0
1790845690,100,,Aggregated,74.600000,0.000000,75,80,87,160,1300,1500,1700,1700,2200,2200,2200,19827,19,74,288.75328695696186,45.09280005004257,3688.8277999823913,79.21097493317194
1790845691,100,GET,GET /inventory/{product_id},14.600000,0.000000,1300,1400,1500,1500,1700,1700,1900,1900,2200,2200,2200,3923,19,1100,1153.3427122355404,479.81559997424483,3688.8277999823913,76.0
1790845691,100,POST,POST /events,59.800000,0.000000,72,76,79,80,86,110,150,160,180,180,180,15985,0,71,76.38166621182472,45.09280005004257,2002.0611999789253,80.0
1790845691,100,,Aggregated,74.400000,0.000000,75,80,87,150,1300,1500,1700,1700,2200,2200,2200,19908,19,74,288.6037971918833,45.09280005004257,3688.8277999823913,79.21177416114125
1790845692,100,GET,GET /inventory/{product_id},14.800000,0.000000,1400,1400,1500,1600,1700,1700,1900,1900,2200,2200,2200,3937,19,1100,1154.1962681737589,479.81559997424483,3688.8277999823913,76.0
1790845692,100,POST,POST /events,60.600000,0.000000,72,76,79,81,86,110,160,160,180,180,180,16047,0,71,76.38670710389579,45.09280005004257,2002.0611999789253,80.0
1790845692,100,,Aggregated,75.400000,0.000000,75,81,89,160,1300,1500,1700,1700,2200,2200,2200,19984,19,74,288.7233885456504,45.09280005004257,3688.8277999823913,79.21196957566053
1790845693,100,GET,GET /inventory/{product_id},14.200000,0.000000,1300,1400,1500,1500,1600,1700,1700,1800,1900,1900,1900,3950,19,1100,1154.8389019746942,479.81559997424483,3688.8277999823913,76.0
1790845693,100,POST,POST /events,61.500000,0.000000,72,76,79,81,86,120,160,160,180,180,180,16109,0,71,76.38100143995302,45.09280005004257,2002.0611999789253,80.0
1790845693,100,,Aggregated,75.700000,0.000000,75,81,88,140,1300,1500,1600,1600,1900,1900,1900,20059,19,74,288.74994840202487,45.09280005004257,3688.8277999823913,79.21232364524653
1790845694,100,GET,GET /inventory/{product_id},14.400000,0.000000,1300,1400,1500,1500,1600,1600,1700,1700,1800,1800,1800,3965,19,1100,1155.4993958133725,479.81559997424483,3688.8277999823913,76.0
1790845694,100,POST,POST /events,61.800000,0.000000,72,76,79,81,87,120,160,160,180,180,180,16159,0,71,76.37956675514127,45.09280005004257,2002.0611999789253,80.0
1790845694,100,,Aggregated,76.200000,0.000000,75,81,89,160,1300,1500,1600,1600,1800,1800,1800,20124,19,74,288.9968457362514,45.09280005004257,3688.8277999823913,79.21188630490956
1790845695,100,GET,GET /inventory/{product_id},14.400000,0.000000,1300,1400,1500,1500,1600,1600,1700,1700,1800,1800,1800,3983,19,1100,1156.1711475772115,479.81559997424483,3688.8277999823913,76.0
1790845695,100,POST,POST /events,63.000000,0.000000,72,76,79,81,87,120,150,160,180,180,180,16213,0,71,76.36734032544122,45.09280005004257,2002.0611999789253,80.0
1790845695,100,,Aggregated,77.400000,0.000000,75,81,91,160,1300,1500,1600,1600,1800,1800,1800,20196,19,74,289.323300133511,45.09280005004257,3688.8277999823913,79.21113091701326
1790845696,100,GET,GET /inventory/{product_id},13.900000,0.000000,1300,1400,1500,1500,1600,1700,1700,1800,1800,1800,1800,4001,19,1100,1157.2031778555393,479.81559997424483,3688.8277999823913,76.0
1790845696,100,POST,POST /events,62.800000,0.000000,72,76,79,81,87,120,150,160,180,180,180,16275,0,71,76.37637993831906,45.09280005004257,2002.0611999789253,80.0
1790845696,100,,Aggregated,76.700000,0.000000,75,81,91,160,1300,1500,1600,1700,1800,1800,1800,20276,19,74,289.6525694464457,45.09280005004257,3688.8277999823913,79.21069244426909
1790845697,100,GET,GET /inventory/{product_id},14.200000,0.000000,1300,1400,1500,1500,1600,1700,1800,1800,1800,1800,1800,4019,19,1100,1158.0629105249873,479.81559997424483,3688.8277999823913,76.0
1790845697,100,POST,POST /events,62.600000,0.000000,72,76,79,81,87,130,150,160,180,180,180,16336,0,71,76.37648142729762,45.09280005004257,2002.0611999789253,80.0
1790845697,100,,Aggregated,76.800000,0.000000,75,81,110,160,1300,1500,1600,1700,1800,1800,1800,20355,19,74,289.95043173648855,45.09280005004257,3688.8277999823913,79.2102186195038
1790845698,100,GET,GET /inventory/{product_id},14.200000,0.000000,1300,1400,1500,1500,1600,1700,1800,1800,1800,1800,1800,4029,19,1100,1158.2591941175897,479.81559997424483,3688.8277999823913,76.0
1790845698,100,POST,POST /events,61.500000,0.000000,72,76,79,81,87,130,150,160,180,180,180,16390,0,71,76.36879466115292,45.09280005004257,2002.0611999789253,80.0
1790845698,100,,Aggregated,75.700000,0.000000,75,81,95,160,1300,1500,1600,1700,1800,1800,1800,20419,19,74,289.8433242370359,45.09280005004257,3688.8277999823913,79.21073509966207
1790845699,100,GET,GET /inventory/{product_id},14.500000,0.000000,1400,1500,1500,1600,1700,1800,1900,2100,2100,2100,2100,4037,19,1100,1159.6326299726934,479.81559997424483,3688.8277999823913,76.0
1790845699,100,POST,POST /events,61.700000,0.000000,72,76,78,81,88,130,150,160,180,180,180,16445,0,71,76.3770054178345,45.09280005004257,2002.0611999789253,80.0
1790845699,100,,Aggregated,76.200000,0.000000,75,81,95,160,1300,1500,1700,1800,2100,2100,2100,20482,19,74,289.88657266360826,45.09280005004257,3688.8277999823913,79.21160042964554
1790845700,100,GET,GET /inventory/{product_id},14.700000,0.000000,1400,1500,1600,1800,2100,2200,2500,2500,2600,2600,2600,4060,19,1100,1164.9980902954799,479.81559997424483,3688.8277999823913,76.0
1790845700,100,POST,POST /events,60.500000,0.000000,72,76,79,81,89,130,150,160,180,180,180,16502,0,71,76.37333208072907,45.09280005004257,2002.0611999789253,80.0
1790845700,100,,Aggregated,75.200000,0.000000,75,82,130,910,1400,1700,2100,2400,2600,2600,2600,20562,19,74,291.3240430209031,45.09280005004257,3688.8277999823913,79.21019356093765
1790845701,100,GET,GET /inventory/{product_id},14.000000,0.000000,1400,1600,1800,1900,2100,2200,2500,2500,2600,2600,2600,4075,19,1100,1167.1125850060994,479.81559997424483,3688.8277999823913,76.0
1790845701,100,POST,POST /events,60.200000,0.000000,72,76,78,80,88,120,150,160,180,180,180,16557,0,71,76.3631392218549,45.09280005004257,2002.0611999789253,80.0
1790845701,100,,Aggregated,74.200000,0.000000,75,82,120,910,1500,1800,2100,2400,2600,2600,2600,20632,19,74,291.79567080244664,45.09280005004257,3688.8277999823913,79.209965102753
1790845702,100,GET,GET /inventory/{product_id},13.900000,0.000000,1500,1600,1800,1900,2100,2200,2500,2500,2600,2600,2600,4084,19,1100,1167.727188344702,479.81559997424483,3688.8277999823913,76.0
1790845702,100,POST,POST /events,58.400000,0.000000,72,76,78,80,88,120,140,150,170,170,170,16614,0,71,76.34897772335431,45.09280005004257,2002.0611999789253,80.0
1790845702,100,,Aggregated,72.300000,0.000000,75,82,120,920,1500,1800,2100,2400,2600,2600,2600,20698,19,74,291.6929052611624,45.09280005004257,3688.8277999823913,79.21074499951686
1790845703,100,GET,GET /inventory/{product_id},15.100000,0.000000,1600,1700,1900,2000,2200,2300,2500,2500,2600,2600,2600,4103,19,1100,1170.771267487142,479.81559997424483,3688.8277999823913,76.0
1790845703,100,POST,POST /events,56.500000,0.000000,73,76,79,81,87,120,150,150,170,170,170,16661,0,71,76.3518997836683,45.09280005004257,2002.0611999789253,80.0
1790845703,100,,Aggregated,71.600000,0.000000,76,82,130,1000,1600,1900,2200,2400,2600,2600,2600,20764,19,74,292.61093781522885,45.09280005004257,3688.8277999823913,79.20959352725872
1790845704,100,GET,GET /inventory/{product_id},14.700000,0.000000,1600,1800,1900,2000,2200,2400,2500,2600,2600,2600,2600,4117,19,1100,1173.216498518268,479.81559997424483,3688.8277999823913,76.0
1790845704,100,POST,POST /events,56.200000,0.000000,73,76,79,81,87,120,150,150,170,170,170,16724,0,71,76.34405554269172,45.09280005004257,2002.0611999789253,80.0
1790845704,100,,Aggregated,70.900000,0.000000,76,82,120,1100,1700,2000,2200,2400,2600,2600,2600,20841,19,74,293.0238620649516,45.09280005004257,3688.8277999823913,79.20982678374358
1790845705,100,GET,GET /inventory/{product_id},14.800000,0.000000,1700,1800,2000,2000,2200,2400,2500,2600,2600,2600,2600,4136,19,1100,1175.6229710347213,479.81559997424483,3688.8277999823913,76.0
1790845705,100,POST,POST /events,55.400000,0.000000,72,76,78,80,86,110,150,150,170,170,170,16781,0,71,76.32855305382311,45.09280005004257,2002.0611999789253,80.0
1790845705,100,,Aggregated,70.200000,0.000000,75,82,120,1100,1700,2000,2200,2400,2600,2600,2600,20917,19,74,293.69632628941935,45.09280005004257,3688.8277999823913,79.20906439738012
1790845706,100,GET,GET /inventory/{product_id},14.800000,0.000000,1700,1900,2000,2100,2200,2400,2500,2600,2600,2600,2600,4143,19,1100,1176.1020659424512,479.81559997424483,3688.8277999823913,76.0
1790845706,100,POST,POST /events,55.000000,0.000000,72,76,78,80,86,95,140,150,170,170,170,16844,0,71,76.30888206459947,45.09280005004257,2002.0611999789253,80.0
1790845706,100,,Aggregated,69.800000,0.000000,75,81,89,160,1700,2000,2200,2400,2600,2600,2600,20987,19,74,293.41676603114604,45.09280005004257,3688.8277999823913,79.21036832324772
1790845707,100,GET,GET /inventory/{product_id},14.800000,0.000000,1700,1900,2000,2100,2200,2400,2500,2600,2600,2600,2600,4163,19,1100,1177.9807023539327,479.81559997424483,3688.8277999823913,76.0
1790845707,100,POST,POST /events,55.100000,0.000000,72,76,78,81,86,97,130,150,170,170,170,16908,0,71,76.30206638255743,45.09280005004257,2002.0611999789253,80.0
1790845707,100,,Aggregated,69.900000,0.000000,75,81,92,170,1700,2000,2200,2400,2600,2600,2600,21071,19,74,293.96084677023777,45.09280005004257,3688.8277999823913,79.20971951971904
1790845708,100,GET,GET /inventory/{product_id},14.900000,0.000000,1700,1900,2000,2100,2200,2400,2500,2600,2600,2600,2600,4175,19,1100,1178.8336760477807,479.81559997424483,3688.8277999823913,76.0
1790845708,100,POST,POST /events,55.800000,0.000000,72,76,78,80,86,93,130,150,170,170,170,16971,0,71,76.29200725922487,45.09280005004257,2002.0611999789253,80.0
1790845708,100,,Aggregated,70.700000,0.000000,75,81,89,910,1700,2000,2200,2400,2600,2600,2600,21146,19,74,293.9743806249771,45.09280005004257,3688.8277999823913,79.21025253002932
1790845709,100,GET,GET /inventory/{product_id},14.100000,0.000000,1700,1800,1900,2000,2200,2300,2500,2600,2600,2600,2600,4189,19,1100,1179.037113869533,479.81559997424483,3688.8277999823913,76.0
1790845709,100,POST,POST /events,56.600000,0.000000,72,76,78,80,86,92,130,150,170,170,170,17029,0,71,76.27598258830807,45.09280005004257,2002.0611999789253,80.0
1790845709,100,,Aggregated,70.700000,0.000000,75,81,89,780,1700,1900,2200,2300,2600,2600,2600,21218,19,74,293.9904881466561,45.09280005004257,3688.8277999823913,79.21029314732775
1790845710,100,GET,GET /inventory/{product_id},14.500000,0.000000,1600,1700,1800,1800,2000,2200,2300,2500,2600,2600,2600,4205,19,1100,1179.5198804754925,479.81559997424483,3688.8277999823913,76.0
1790845710,100,POST,POST /events,57.200000,0.000000,71,75,78,80,86,92,120,140,170,170,170,17090,0,71,76.26661534793824,45.09280005004257,2002.0611999789253,80.0
1790845710,100,,Aggregated,71.700000,0.000000,74,81,88,150,1600,1800,2000,2200,2600,2600,2600,21295,19,74,294.11963154241323,45.09280005004257,3688.8277999823913,79.21014322610941
1790845711,100,GET,GET /inventory/{product_id},14.400000,0.000000,1600,1700,1800,1800,2000,2200,2300,2500,2600,2600,2600,4218,19,1100,1179.9568560216953,479.81559997424483,3688.8277999823913,76.0
1790845711,100,POST,POST /events,58.300000,0.000000,71,75,78,80,85,91,120,140,170,170,170,17149,0,71,76.25071453706423,45.09280005004257,2002.0611999789253,80.0
1790845711,100,,Aggregated,72.700000,0.000000,74,81,88,150,1600,1800,1900,2100,2600,2600,2600,21367,19,74,294.1302720220718,45.09280005004257,3688.8277999823913,79.21037113305565
1790845712,100,GET,GET /inventory/{product_id},14.700000,0.000000,1600,1700,1800,1800,1900,2100,2300,2500,2600,2600,2600,4234,19,1100,1181.043495913919,479.81559997424483,3688.8277999823913,76.0
1790845712,100,POST,POST /events,58.700000,0.000000,71,75,78,80,85,92,120,140,170,170,170,17211,0,71,76.24440030769692,45.09280005004257,2002.0611999789253,80.0
1790845712,100,,Aggregated,73.400000,0.000000,74,81,89,170,1600,1700,1900,2100,2600,2600,2600,21445,19,74,294.37074075053823,45.09280005004257,3688.8277999823913,79.21025880158545
1790845713,100,GET,GET /inventory/{product_id},14.300000,0.000000,1500,1600,1700,1700,1800,1900,2100,2200,2600,2600,2600,4249,19,1100,1181.8852121203886,479.81559997424483,3688.8277999823913,76.0
1790845713,100,POST,POST /events,59.500000,0.000000,71,75,78,80,85,91,120,130,170,170,170,17271,0,71,76.22702162559924,45.09280005004257,2002.0611999789253,80.0
1790845713,100,,Aggregated,73.800000,0.000000,74,81,88,150,1500,1700,1800,1900,2600,2600,2600,21520,19,74,294.53286044587543,45.09280005004257,3688.8277999823913,79.21022304832714
1790845714,100,GET,GET /inventory/{product_id},14.500000,0.000000,1400,1600,1600,1700,1800,1900,2000,2000,2100,2100,2100,4259,19,1100,1182.2651838693084,479.81559997424483,3688.8277999823913,76.0
1790845714,100,POST,POST /events,59.700000,0.000000,71,75,78,80,85,91,110,130,170,170,170,17344,0,71,76.21478044832176,45.09280005004257,2002.0611999789253,80.0
1790845714,100,,Aggregated,74.200000,0.000000,74,80,88,110,1400,1600,1800,1900,2100,2100,2100,21603,19,74,294.27100727653874,45.09280005004257,3688.8277999823913,79.21140582326528
1790845715,100,GET,GET /inventory/{product_id},14.700000,0.000000,1400,1500,1600,1600,1700,1800,2000,2000,2000,2000,2000,4272,19,1100,1182.5211652854064,479.81559997424483,3688.8277999823913,76.0
1790845715,100,POST,POST /events,60.600000,0.000000,72,75,77,80,85,90,100,130,170,170,170,17398,0,71,76.20400790869232,45.09280005004257,2002.0611999789253,80.0
1790845715,100,,Aggregated,75.300000,0.000000,74,80,87,98,1400,1600,1700,1800,2000,2000,2000,21670,19,74,294.3021572540227,45.09280005004257,3688.8277999823913,79.21144439317028
1790845716,100,GET,GET /inventory/{product_id},14.600000,0.000000,1400,1500,1600,1600,1700,1800,2000,2000,2000,2000,2000,4286,19,1100,1183.2619797712096,479.81559997424483,3688.8277999823913,76.0
1790845716,100,POST,POST /events,61.500000,0.000000,72,75,77,79,84,89,95,120,170,170,170,17456,0,71,76.18058202309528,45.09280005004257,2002.0611999789253,80.0
1790845716,100,,Aggregated,76.100000,0.000000,74,80,87,98,1400,1600,1700,1800,2000,2000,2000,21742,19,74,294.4195145384299,45.09280005004257,3688.8277999823913,79.21148008462883
1790845717,100,GET,GET /inventory/{product_id},14.300000,0.000000,1400,1500,1600,1600,1700,2000,2000,2100,2300,2300,2300,4305,19,1100,1185.8611419975532,479.81559997424483,3688.8277999823913,76.0
1790845717,100,POST,POST /events,61.600000,0.000000,72,75,78,79,84,89,95,100,160,160,160,17514,0,71,76.16560813034556,45.09280005004257,2002.0611999789253,80.0
1790845717,100,,Aggregated,75.900000,0.000000,74,80,87,97,1400,1600,1700,1900,2300,2300,2300,21819,19,74,295.1141975844138,45.09280005004257,3688.8277999823913,79.21077959576516
1790845718,100,GET,GET /inventory/{product_id},13.700000,0.000000,1400,1600,1600,1700,1800,1900,2000,2100,2300,2300,2300,4318,19,1100,1186.518619754394,479.81559997424483,3688.8277999823913,76.0
1790845718,100,POST,POST /events,61.500000,0.000000,72,75,77,79,84,89,95,100,130,130,130,17577,0,71,76.14429008334737,45.09280005004257,2002.0611999789253,80.0
1790845718,100,,Aggregated,75.200000,0.000000,74,80,87,110,1400,1600,1800,1900,2300,2300,2300,21895,19,74,295.1256262568832,45.09280005004257,3688.8277999823913,79.21114409682576
1790845719,100,GET,GET /inventory/{product_id},14.500000,0.000000,1400,1600,1700,1700,1800,2000,2000,2100,2300,2300,2300,4333,19,1100,1187.6097460418782,479.81559997424483,3688.8277999823913,76.0
1790845719,100,POST,POST /events,60.700000,0.000000,72,75,77,79,84,89,94,100,120,120,120,17638,0,71,76.13202542779165,45.09280005004257,2002.0611999789253,80.0
1790845719,100,,Aggregated,75.200000,0.000000,74,80,87,100,1400,1600,1800,1900,2300,2300,2300,21971,19,74,295.3315595145796,45.09280005004257,3688.8277999823913,79.21114195985618
1790845720,100,GET,GET /inventory/{product_id},14.000000,0.000000,1400,1600,1700,1700,1800,2000,2000,2100,2300,2300,2300,4346,19,1100,1188.3265616887877,479.81559997424483,3688.8277999823913,76.0
1790845720,100,POST,POST /events,61.000000,0.000000,71,75,77,79,84,88,94,100,120,120,120,17697,0,71,76.11544840342462,45.09280005004257,2002.0611999789253,80.0
1790845720,100,,Aggregated,75.000000,0.000000,74,80,85,97,1400,1600,1800,1900,2300,2300,2300,22043,19,74,295.3990984664,45.09280005004257,3688.8277999823913,79.21135961529737
1790845721,100,GET,GET /inventory/{product_id},14.500000,0.000000,1400,1600,1700,1700,1800,2000,2000,2100,2300,2300,2300,4357,19,1100,1189.0453189119487,479.81559997424483,3688.8277999823913,76.0
1790845721,100,POST,POST /events,60.300000,0.000000,72,75,77,79,84,88,94,100,150,150,150,17754,0,71,76.10359084686931,45.09280005004257,2002.0611999789253,80.0
1790845721,100,,Aggregated,74.800000,0.000000,74,80,85,94,1400,1700,1800,2000,2300,2300,2300,22111,19,74,295.4101400386531,45.09280005004257,3688.8277999823913,79.2117950341459
1790845722,100,GET,GET /inventory/{product_id},14.300000,0.000000,1500,1600,1700,1800,1900,2000,2200,2200,2300,2300,2300,4371,19,1100,1190.8786641270683,479.81559997424483,3688.8277999823913,76.0
1790845722,100,POST,POST /events,60.700000,0.000000,72,75,77,79,83,87,92,100,150,150,150,17812,0,71,76.08816212077754,45.09280005004257,2002.0611999789253,80.0
1790845722,100,,Aggregated,75.000000,0.000000,74,80,85,98,1400,1700,1900,2000,2300,2300,2300,22183,19,74,295.7495823195549,45.09280005004257,3688.8277999823913,79.21182887796962
1790845723,100,GET,GET /inventory/{product_id},14.000000,0.000000,1500,1700,1800,1800,2000,2100,2300,2300,2300,2300,2300,4388,19,1100,1193.5696101867295,479.81559997424483,3688.8277999823913,76.0
1790845723,100,POST,POST /events,60.300000,0.000000,72,75,77,79,83,87,92,100,150,150,150,17870,0,71,76.07077046979695,45.09280005004257,2002.0611999789253,80.0
1790845723,100,,Aggregated,74.300000,0.000000,74,79,85,98,1500,1800,2000,2100,2300,2300,2300,22258,19,74,296.3773976904764,45.09280005004257,3688.8277999823913,79.21142959834667
1790845724,100,GET,GET /inventory/{product_id},13.200000,0.000000,1600,1700,1800,1900,2000,2100,2300,2300,2300,2300,2300,4399,19,1100,1194.6806323480828,479.81559997424483,3688.8277999823913,76.0
1790845724,100,POST,POST /events,60.000000,0.000000,72,74,77,79,82,86,94,100,150,150,150,17926,0,71,76.06475756417437,45.09280005004257,2002.0611999789253,80.0
1790845724,100,,Aggregated,73.200000,0.000000,74,79,84,100,1600,1800,2000,2100,2300,2300,2300,22325,19,74,296.4809382214823,45.09280005004257,3688.8277999823913,79.21182530795073
1790845725,100,GET,GET /inventory/{product_id},14.000000,0.000000,1700,1800,1900,1900,2100,2200,2300,2400,2600,2600,2600,4410,19,1100,1196.6597998184382,479.81559997424483,3688.8277999823913,76.0
1790845725,100,POST,POST /events,58.500000,0.000000,72,75,78,80,83,87,95,100,150,150,150,17977,0,71,76.06411036299468,45.09280005004257,2002.0611999789253,80.0
1790845725,100,,Aggregated,72.500000,0.000000,74,80,85,110,1600,1900,2100,2200,2600,2600,2600,22387,19,74,296.80949788693675,45.09280005004257,3688.8277999823913,79.21204270335463
1790845726,100,GET,GET /inventory/{product_id},13.800000,0.000000,1700,1900,2000,2000,2200,2400,2700,2700,2900,2900,2900,4425,19,1100,1200.3877191410756,479.81559997424483,3688.8277999823913,76.0
1790845726,100,POST,POST /events,58.200000,0.000000,72,76,78,80,84,88,95,100,150,150,150,18026,0,71,76.05606211004901,45.09280005004257,2002.0611999789253,80.0
1790845726,100,,Aggregated,72.000000,0.000000,74,80,86,100,1700,1900,2200,2400,2900,2900,2900,22451,19,74,297.65721940203053,45.09280005004257,3688.8277999823913,79.21161640906864
1790845727,100,GET,GET /inventory/{product_id},13.600000,0.000000,1800,1900,2000,2100,2400,2600,2900,3500,3700,3700,3700,4440,21,1100,1204.0363554953267,479.81559997424483,3688.8277999823913,76.0
1790845727,100,POST,POST /events,57.300000,0.000000,72,76,78,80,84,88,94,98,150,150,150,18077,0,71,76.05033467918769,45.09280005004257,2002.0611999789253,80.0
1790845727,100,,Aggregated,70.900000,0.000000,75,80,86,110,1800,2000,2400,2600,3700,3700,3700,22517,21,74,298.4715245545547,45.09280005004257,3688.8277999823913,79.21126260158991
1790845728,100,GET,GET /inventory/{product_id},13.700000,0.000000,1900,2000,2100,2200,2500,2800,2900,3500,3700,3700,3700,4457,21,1100,1207.810176329245,479.81559997424483,3688.8277999823913,76.0
1790845728,100,POST,POST /events,56.700000,0.000000,72,76,78,80,85,88,95,100,1300,1300,1300,18133,0,71,76.09979171651783,45.09280005004257,2002.0611999789253,80.0
1790845728,100,,Aggregated,70.400000,0.000000,75,81,87,1100,1900,2100,2500,2800,3700,3700,3700,22590,21,74,299.38589991567267,45.09280005004257,3688.8277999823913,79.2108012394865
1790845729,100,GET,GET /inventory/{product_id},13.300000,0.000000,1900,2000,2100,2200,2500,2800,2900,3500,3700,3700,3700,4468,21,1100,1209.2700424573384,479.81559997424483,3688.8277999823913,76.0
1790845729,100,POST,POST /events,56.400000,0.000000,73,76,79,80,85,88,98,110,1300,1300,1300,18190,0,71,76.15065245714152,45.09280005004257,2002.0611999789253,80.0
1790845729,100,,Aggregated,69.700000,0.000000,75,81,87,1100,1900,2100,2500,2800,3700,3700,3700,22658,21,74,299.5939146391904,45.09280005004257,3688.8277999823913,79.21122782240268
1790845730,100,GET,GET /inventory/{product_id},13.500000,0.200000,1900,2000,2100,2200,2500,2800,2900,3500,3700,3700,3700,4482,21,1100,1211.0645882417255,479.81559997424483,3688.8277999823913,76.0
1790845730,100,POST,POST /events,55.400000,0.000000,73,76,79,80,85,88,95,99,1300,1300,1300,18245,0,71,76.1393322496778,45.09280005004257,2002.0611999789253,80.0
1790845730,100,,Aggregated,68.900000,0.200000,75,81,87,1100,1900,2100,2500,2800,3700,3700,3700,22727,21,74,299.95835796166523,45.09280005004257,3688.8277999823913,79.2111585339024
1790845731,100,GET,GET /inventory/{product_id},13.800000,0.200000,1900,2100,2100,2200,2500,2800,2900,3500,3700,3700,3700,4498,21,1100,1213.5181604711943,479.81559997424483,3688.8277999823913,76.0
1790845731,100,POST,POST /events,54.900000,0.000000,73,77,79,80,84,88,95,100,1300,1300,1300,18301,0,71,76.12955367442899,45.09280005004257,2002.0611999789253,80.0
1790845731,100,,Aggregated,68.700000,0.200000,76,81,88,1400,1900,2200,2500,2800,3700,3700,3700,22799,21,74,300.52421806198276,45.09280005004257,3688.8277999823913,79.21084258081495
1790845732,100,GET,GET /inventory/{product_id},13.700000,0.200000,1900,2100,2200,2300,2500,2800,2900,3500,3700,3700,3700,4510,21,1100,1215.6232448335913,479.81559997424483,3688.8277999823913,76.0
1790845732,100,POST,POST /events,54.600000,0.000000,73,77,79,80,84,88,95,99,1300,1300,1300,18353,0,71,76.11458891166386,45.09280005004257,2002.0611999789253,80.0
1790845732,100,,Aggregated,68.300000,0.200000,76,81,87,1300,1900,2200,2500,2800,3700,3700,3700,22863,21,74,300.8962902722849,45.09280005004257,3688.8277999823913,79.21095219350042
1790845733,100,GET,GET /inventory/{product_id},13.400000,0.200000,1900,2100,2200,2400,2600,2800,2900,3500,3700,3700,3700,4522,21,1100,1218.1397971250678,479.81559997424483,3688.8277999823913,76.0
1790845733,100,POST,POST /events,54.500000,0.000000,73,77,79,80,85,88,95,99,1300,1300,1300,18401,0,71,76.10153592715844,45.09280005004257,2002.0611999789253,80.0
1790845733,100,,Aggregated,67.900000,0.200000,76,81,88,1300,1900,2200,2600,2800,3700,3700,3700,22923,21,74,301.3904168387727,45.09280005004257,3688.8277999823913,79.21092352658901
1790845734,100,GET,GET /inventory/{product_id},14.200000,0.200000,2000,2100,2300,2400,2600,2900,3500,3500,3700,3700,3700,4536,22,1100,1221.2466233465052,479.81559997424483,3688.8277999823913,76.0
1790845734,100,POST,POST /events,53.600000,0.000000,73,76,78,80,85,88,94,95,1300,1300,1300,18445,0,71,76.09320715073936,45.09280005004257,2002.0611999789253,80.0
1790845734,100,,Aggregated,67.800000,0.200000,76,81,88,1500,2000,2300,2700,2900,3700,3700,3700,22981,22,74,302.12409770658905,45.09280005004257,3688.8277999823913,79.2104782211392
1790845735,100,GET,GET /inventory/{product_id},13.600000,0.200000,2000,2200,2400,2400,2800,2900,3500,3500,3700,3700,3700,4544,23,1100,1223.5422070642153,479.81559997424483,3688.8277999823913,76.0
1790845735,100,POST,POST /events,53.700000,0.000000,72,76,78,80,85,88,94,99,1300,1300,1300,18490,0,71,76.08327420742634,45.09280005004257,2002.0611999789253,80.0
1790845735,100,,Aggregated,67.300000,0.200000,75,81,88,1400,2100,2400,2800,2900,3700,3700,3700,23034,23,74,302.446623643097,45.09280005004257,3688.8277999823913,79.2109056177824
1790845736,100,GET,GET /inventory/{product_id},13.400000,0.200000,2100,2300,2400,2500,2800,3500,3500,3700,3700,3700,3700,4561,26,1100,1229.0809784696146,479.81559997424483,3712.6682000234723,76.0
1790845736,100,POST,POST /events,53.200000,0.000000,72,76,78,80,84,88,95,100,1300,1300,1300,18535,0,71,76.14023874806554,45.09280005004257,2002.0611999789253,80.0
1790845736,100,,Aggregated,66.600000,0.200000,75,81,88,1500,2100,2400,2900,3500,3700,3700,3700,23096,26,74,303.82307187371407,45.09280005004257,3712.6682000234723,79.21007966747489
1790845737,100,GET,GET /inventory/{product_id},13.900000,0.400000,2200,2400,2600,2700,2900,3500,3500,3700,3700,3700,3700,4584,29,1100,1236.327767582917,479.81559997424483,3712.6682000234723,76.0
1790845737,100,POST,POST /events,51.700000,0.000000,71,76,78,80,84,88,99,1100,1300,1300,1300,18583,0,71,76.29963289541936,45.09280005004257,2002.0611999789253,80.0
1790845737,100,,Aggregated,65.600000,0.400000,75,81,92,1600,2200,2600,2900,3500,3700,3700,3700,23167,29,74,305.8316814734606,45.09280005004257,3712.6682000234723,79.20852937367808
1790845738,100,GET,GET /inventory/{product_id},13.300000,0.500000,2100,2300,2600,2700,2900,3500,3500,3700,3700,3700,3700,4601,30,1100,1238.993017170199,479.81559997424483,3712.6682000234723,76.0
1790845738,100,POST,POST /events,51.300000,0.000000,71,76,78,80,85,91,96,1000,1300,1300,1300,18648,0,71,76.39680820439544,45.09280005004257,2002.0611999789253,80.0
1790845738,100,,Aggregated,64.600000,0.500000,75,81,93,1600,2200,2600,2900,3500,3700,3700,3700,23249,30,74,306.4757431027417,45.09280005004257,3712.6682000234723,79.20839606004559
1790845739,100,GET,GET /inventory/{product_id},13.400000,0.700000,2200,2400,2600,2700,2900,3500,3500,3700,3700,3700,3700,4606,30,1100,1239.3671583803923,479.81559997424483,3712.6682000234723,76.0
1790845739,100,POST,POST /events,50.200000,0.000000,71,75,78,80,84,92,99,1000,1300,1300,1300,18712,0,71,76.4416935119594,45.09280005004257,2002.0611999789253,80.0
1790845739,100,,Aggregated,63.600000,0.700000,75,81,91,1400,2200,2600,2900,3500,3700,3700,3700,23318,30,74,306.15413416656054,45.09280005004257,3712.6682000234723,79.2098807787975
1790845740,100,GET,GET /inventory/{product_id},14.100000,0.800000,2100,2300,2500,2600,2900,3500,3500,3700,3700,3700,3700,4626,30,1100,1239.9533547124956,479.81559997424483,3712.6682000234723,76.0
1790845740,100,POST,POST /events,50.200000,0.000000,71,75,78,80,85,90,99,1000,1300,1300,1300,18766,0,71,76.43369204391094,45.09280005004257,2002.0611999789253,80.0
1790845740,100,,Aggregated,64.300000,0.800000,75,81,92,1400,2200,2600,2900,3500,3700,3700,3700,23392,30,74,306.53124503232004,45.09280005004257,3712.6682000234723,79.20896032831737
1790845741,100,GET,GET /inventory/{product_id},14.500000,0.900000,2100,2300,2600,2700,2900,3500,3500,3700,3700,3700,3700,4638,30,1100,1241.205655045258,479.81559997424483,3712.6682000234723,76.0
1790845741,100,POST,POST /events,51.200000,0.000000,71,75,78,80,85,90,97,1000,1300,1300,1300,18824,0,71,76.41518100809333,45.09280005004257,2002.0611999789253,80.0
1790845741,100,,Aggregated,65.700000,0.900000,75,81,90,1200,2100,2600,2900,3500,3700,3700,3700,23462,30,74,306.6725426390011,45.09280005004257,3712.6682000234723,79.20927457164777
1790845742,100,GET,GET /inventory/{product_id},13.700000,0.900000,2000,2300,2600,2700,2900,3500,3500,3700,3700,3700,3700,4652,30,1100,1243.059860167657,479.81559997424483,3712.6682000234723,76.0
1790845742,100,POST,POST /events,51.400000,0.000000,71,75,78,80,86,91,100,1000,1300,1300,1300,18880,0,71,76.40627155702471,45.09280005004257,2002.0611999789253,80.0
1790845742,100,,Aggregated,65.100000,0.900000,75,81,91,1200,2000,2600,2900,3500,3700,3700,3700,23532,30,74,307.0399828529895,45.09280005004257,3712.6682000234723,79.20924698283189
1790845743,100,GET,GET /inventory/{product_id},14.300000,0.900000,1900,2300,2500,2600,2900,3500,3500,3700,3700,3700,3700,4662,30,1100,1244.2614093951095,479.81559997424483,3712.6682000234723,76.0
1790845743,100,POST,POST /events,51.400000,0.000000,71,75,78,80,86,90,100,1000,1300,1300,1300,18937,0,71,76.38806537975604,45.09280005004257,2002.0611999789253,80.0
1790845743,100,,Aggregated,65.700000,0.900000,75,81,89,1200,2000,2500,2900,3500,3700,3700,3700,23599,30,74,307.1023130088742,45.09280005004257,3712.6682000234723,79.20979702529768
1790845744,100,GET,GET /inventory/{product_id},14.000000,0.900000,1900,2200,2500,2600,2900,3400,3500,3700,3700,3700,3700,4675,30,1100,1246.5954068449394,479.81559997424483,3712.6682000234723,76.0
1790845744,100,POST,POST /events,52.300000,0.000000,71,75,78,80,85,90,100,1000,1300,1300,1300,18985,0,71,76.37047482204244,45.09280005004257,2002.0611999789253,80.0
1790845744,100,,Aggregated,66.300000,0.900000,74,80,87,1100,1900,2500,2900,3400,3700,3700,3700,23660,30,74,307.5962380176057,45.09280005004257,3712.6682000234723,79.20963651732883
1790845745,100,GET,GET /inventory/{product_id},14.100000,0.900000,1900,2300,2500,2600,2900,3000,3500,3700,3700,3700,3700,4687,30,1100,1249.202683912961,479.81559997424483,3712.6682000234723,76.0
1790845745,100,POST,POST /events,52.300000,0.000000,71,76,78,80,86,91,100,1100,1300,1300,1300,19035,0,71,76.41583702109641,45.09280005004257,2002.0611999789253,80.0
1790845745,100,,Aggregated,66.400000,0.900000,75,81,90,1200,1900,2500,2900,3000,3700,3700,3700,23722,30,74,308.13542016679037,45.09280005004257,3712.6682000234723,79.20967877919232
1790845746,100,GET,GET /inventory/{product_id},13.800000,0.900000,1900,2200,2300,2500,2800,2900,3500,3500,3700,3700,3700,4704,31,1100,1253.148035289104,479.81559997424483,3712.6682000234723,76.0
1790845746,100,POST,POST /events,52.600000,0.000000,71,76,78,80,86,91,100,1000,1300,1300,1300,19082,0,71,76.40712608200398,45.09280005004257,2002.0611999789253,80.0
1790845746,100,,Aggregated,66.400000,0.900000,75,82,90,1200,1900,2300,2800,3000,3700,3700,3700,23786,31,74,309.12339770859876,45.09280005004257,3712.6682000234723,79.20894643908181
1790845747,100,GET,GET /inventory/{product_id},13.700000,0.700000,1900,2100,2300,2300,2600,2900,3500,3500,3500,3500,3500,4717,32,1100,1256.5681380326487,479.81559997424483,3712.6682000234723,76.0
1790845747,100,POST,POST /events,53.400000,0.000000,71,75,78,80,85,90,99,160,1300,1300,1300,19136,0,71,76.44978392018616,45.09280005004257,2002.0611999789253,80.0
1790845747,100,,Aggregated,67.100000,0.700000,74,81,87,1000,1900,2200,2600,2900,3500,3500,3500,23853,32,74,309.8216145640664,45.09280005004257,3712.6682000234723,79.20898838720497
1790845748,100,GET,GET /inventory/{product_id},14.200000,0.600000,1900,2200,2300,2400,2600,2900,3500,3500,3500,3500,3500,4734,33,1100,1260.0007302492804,479.81559997424483,3712.6682000234723,76.0
1790845748,100,POST,POST /events,54.300000,0.000000,72,75,78,80,84,88,97,100,1200,1200,1200,19192,0,71,76.43343938602654,45.09280005004257,2002.0611999789253,80.0
1790845748,100,,Aggregated,68.500000,0.600000,74,81,87,160,1900,2300,2600,2900,3500,3500,3500,23926,33,74,310.61414468347,45.09280005004257,3712.6682000234723,79.20855972582129
1790845750,100,GET,GET /inventory/{product_id},14.400000,0.500000,2000,2200,2300,2400,2700,2900,3500,3500,3500,3500,3500,4746,33,1100,1261.931719405847,479.81559997424483,3712.6682000234723,76.0
1790845750,100,POST,POST /events,54.500000,0.000000,71,75,77,79,84,88,96,120,1200,1200,1200,19246,0,71,76.42296912587932,45.09280005004257,2002.0611999789253,80.0
1790845750,100,,Aggregated,68.900000,0.500000,74,81,86,1300,2000,2300,2700,2900,3500,3500,3500,23992,33,74,310.93549533581233,45.09280005004257,3712.6682000234723,79.20873624541514
1790845751,100,GET,GET /inventory/{product_id},13.200000,0.300000,2100,2300,2400,2500,2800,2900,3500,3500,3500,3500,3500,4759,33,1100,1264.1967782307418,479.81559997424483,3712.6682000234723,76.0
1790845751,100,POST,POST /events,54.700000,0.000000,71,75,77,80,83,88,96,120,1200,1200,1200,19295,0,71,76.40852626569011,45.09280005004257,2002.0611999789253,80.0
1790845751,100,,Aggregated,67.900000,0.300000,74,81,86,1500,2100,2400,2800,2900,3500,3500,3500,24054,33,74,311.4082889289338,45.09280005004257,3712.6682000234723,79.20861395194146
1790845752,100,GET,GET /inventory/{product_id},13.600000,0.300000,2200,2300,2400,2500,2800,2900,3500,3500,3500,3500,3500,4768,34,1200,1266.1713330536988,479.81559997424483,3712.6682000234723,76.0
1790845752,100,POST,POST /events,53.100000,0.000000,71,75,77,79,83,86,92,100,1200,1200,1200,19348,0,71,76.38790018071907,45.09280005004257,2002.0611999789253,80.0
1790845752,100,,Aggregated,66.700000,0.300000,74,80,85,1100,2200,2400,2800,2900,3500,3500,3500,24116,34,74,311.62124766530815,45.09280005004257,3712.6682000234723,79.20915574722176
1790845753,100,GET,GET /inventory/{product_id},13.600000,0.300000,2200,2400,2500,2500,2800,2900,3500,3500,3500,3500,3500,4785,35,1200,1270.3090585579666,479.81559997424483,3712.6682000234723,76.0
1790845753,100,POST,POST /events,53.100000,0.000000,71,75,77,79,83,87,96,100,1300,1300,1300,19398,0,71,76.43032749234487,45.09280005004257,2002.0611999789253,80.0
1790845753,100,,Aggregated,66.700000,0.300000,74,81,86,1700,2200,2500,2800,3000,3500,3500,3500,24183,35,74,312.65865847481115,45.09280005004257,3712.6682000234723,79.20853492122565
1790845754,100,GET,GET /inventory/{product_id},12.800000,0.400000,2300,2400,2500,2600,2900,3400,3500,3500,3500,3500,3500,4800,37,1200,1274.219994645815,479.81559997424483,3712.6682000234723,76.0
1790845754,100,POST,POST /events,52.000000,0.000000,71,75,77,79,83,86,95,100,1300,1300,1300,19446,0,71,76.41711215141378,45.09280005004257,2002.0611999789253,80.0
1790845754,100,,Aggregated,64.800000,0.400000,74,81,87,1700,2300,2500,2900,3500,3500,3500,3500,24246,37,74,313.54710621118073,45.09280005004257,3712.6682000234723,79.20811680277158
1790845755,100,GET,GET /inventory/{product_id},13.100000,0.500000,2300,2400,2600,2600,2900,3500,3500,3500,3500,3500,3500,4812,39,1200,1277.0568011221883,479.81559997424483,3712.6682000234723,76.0
1790845755,100,POST,POST /events,51.600000,0.000000,71,75,77,79,83,86,95,120,1300,1300,1300,19496,0,71,76.5221673674941,45.09280005004257,2002.0611999789253,80.0
1790845755,100,,Aggregated,64.700000,0.500000,74,80,86,1700,2300,2600,2900,3500,3500,3500,3500,24308,39,74,314.1794266083849,45.09280005004257,3712.6682000234723,79.20816192200098
1790845756,100,GET,GET /inventory/{product_id},13.700000,0.700000,2200,2400,2600,2600,2900,3500,3500,3500,3500,3500,3500,4830,40,1200,1280.7291980745438,479.81559997424483,3712.6682000234723,76.0
1790845756,100,POST,POST /events,50.600000,0.000000,71,75,77,79,82,86,96,1200,1300,1300,1300,19548,0,71,76.69039272541971,45.09280005004257,2002.0611999789253,80.0
1790845756,100,,Aggregated,64.300000,0.700000,74,80,86,1700,2300,2600,2900,3500,3500,3500,3500,24378,40,74,315.2459522395824,45.09280005004257,3712.6682000234723,79.20748215604233
1790845757,100,GET,GET /inventory/{product_id},13.500000,0.900000,2200,2400,2600,2600,2900,3500,3500,3500,3500,3500,3500,4841,41,1200,1282.9591290022793,479.81559997424483,3712.6682000234723,76.0
1790845757,100,POST,POST /events,51.000000,0.000000,71,75,77,78,82,86,96,1200,1300,1300,1300,19605,0,71,76.6699056259305,45.09280005004257,2002.0611999789253,80.0
1790845757,100,,Aggregated,64.500000,0.900000,74,79,86,1700,2300,2600,2900,3500,3500,3500,3500,24446,41,74,315.54931863275743,45.09280005004257,3712.6682000234723,79.20788677084185
1790845758,100,GET,GET /inventory/{product_id},14.200000,1.000000,2200,2400,2600,2600,2900,3500,3500,3500,3500,3500,3500,4857,42,1200,1285.7694510191773,479.81559997424483,3712.6682000234723,76.0
1790845758,100,POST,POST /events,50.900000,0.000000,71,75,77,79,83,87,100,1300,1300,1300,1300,19656,0,71,76.72176480953564,45.09280005004257,2002.0611999789253,80.0
1790845758,100,,Aggregated,65.100000,1.000000,74,80,87,1700,2200,2600,2900,3500,3500,3500,3500,24513,42,74,316.28218629691867,45.09280005004257,3712.6682000234723,79.20744094970016
1790845759,100,GET,GET /inventory/{product_id},13.600000,1.000000,2200,2400,2500,2600,2900,3500,3500,3500,3500,3500,3500,4873,42,1200,1287.2367738970302,479.81559997424483,3712.6682000234723,76.0
1790845759,100,POST,POST /events,51.800000,0.000000,71,75,77,79,83,88,100,1300,1300,1300,1300,19714,0,71,76.75640111069747,45.09280005004257,2002.0611999789253,80.0
1790845759,100,,Aggregated,65.400000,1.000000,74,80,88,1600,2200,2600,2900,3500,3500,3500,3500,24587,42,74,316.6665510512265,45.09280005004257,3712.6682000234723,79.20722332940171
1790845760,100,GET,GET /inventory/{product_id},13.900000,1.000000,2100,2400,2500,2600,2900,3500,3500,3500,3500,3500,3500,4881,42,1200,1287.8279126409116,479.81559997424483,3712.6682000234723,76.0
1790845760,100,POST,POST /events,51.300000,0.000000,71,75,78,79,84,88,100,1300,1300,1300,1300,19770,0,71,76.74553489611547,45.09280005004257,2002.0611999789253,80.0
1790845760,100,,Aggregated,65.200000,1.000000,74,80,88,1400,2200,2500,2900,3500,3500,3500,3500,24651,42,74,316.54485686164793,45.09280005004257,3712.6682000234723,79.2079834489473
1790845761,100,GET,GET /inventory/{product_id},13.700000,0.900000,2100,2400,2500,2600,2800,3500,3500,3500,3500,3500,3500,4893,42,1200,1289.4273650726204,479.81559997424483,3712.6682000234723,76.0
1790845761,100,POST,POST /events,51.800000,0.000000,72,75,78,79,84,89,100,1300,1300,1300,1300,19828,0,71,76.73219490094078,45.09280005004257,2002.0611999789253,80.0
1790845761,100,,Aggregated,65.500000,0.900000,74,80,88,1400,2100,2500,2800,3500,3500,3500,3500,24721,42,74,316.7595994416156,45.09280005004257,3712.6682000234723,79.20828445451235
1790845762,100,GET,GET /inventory/{product_id},13.500000,0.900000,2000,2300,2400,2500,2700,3400,3500,3500,3500,3500,3500,4908,42,1200,1292.00756744099,479.81559997424483,3712.6682000234723,76.0
1790845762,100,POST,POST /events,52.200000,0.000000,72,75,78,79,84,88,100,1200,1300,1300,1300,19873,0,71,76.71916646686263,45.09280005004257,2002.0611999789253,80.0
1790845762,100,,Aggregated,65.700000,0.900000,74,80,88,1400,2000,2500,2700,3500,3500,3500,3500,24781,42,74,317.41306388750786,45.09280005004257,3712.6682000234723,79.20778015415036
1790845763,100,GET,GET /inventory/{product_id},13.000000,0.900000,2000,2300,2400,2500,2600,2900,3500,3500,3500,3500,3500,4918,42,1200,1294.3952316592852,479.81559997424483,3712.6682000234723,76.0
1790845763,100,POST,POST /events,52.700000,0.000000,72,75,78,79,85,89,100,1200,1300,1300,1300,19921,0,71,76.71172451161868,45.09280005004257,2002.0611999789253,80.0
1790845763,100,,Aggregated,65.700000,0.900000,74,80,88,1300,2000,2400,2600,2900,3500,3500,3500,24839,42,74,317.8070781149126,45.09280005004257,3712.6682000234723,79.20801964652361
1790845764,100,GET,GET /inventory/{product_id},13.900000,0.800000,2000,2300,2400,2500,2600,2900,3500,3500,3700,3700,3700,4933,44,1200,1297.8273348267617,479.81559997424483,3712.6682000234723,76.0
1790845764,100,POST,POST /events,51.900000,0.000000,72,75,78,79,84,88,100,1000,1300,1300,1300,19967,0,71,76.70011686263379,45.09280005004257,2002.0611999789253,80.0
1790845764,100,,Aggregated,65.800000,0.800000,75,80,88,1400,2000,2400,2700,2900,3700,3700,3700,24900,44,74,318.6206215299846,45.09280005004257,3712.6682000234723,79.20755020080321
1790845765,100,GET,GET /inventory/{product_id},13.300000,0.700000,2100,2300,2500,2500,2700,3000,3500,3600,3700,3700,3700,4944,45,1200,1300.6538097695047,479.81559997424483,3712.6682000234723,76.0
1790845765,100,POST,POST /events,51.800000,0.000000,72,75,78,79,84,88,99,100,1300,1300,1300,20019,0,71,76.73481868205563,45.09280005004257,2002.0611999789253,80.0
1790845765,100,,Aggregated,65.100000,0.700000,74,80,87,1000,2100,2400,2700,3000,3700,3700,3700,24963,45,74,319.13579179972334,45.09280005004257,3712.6682000234723,79.2077875255378
1790845766,100,GET,GET /inventory/{product_id},13.300000,0.700000,2100,2400,2500,2600,2900,3500,3600,3700,3700,3700,3700,4961,50,1200,1305.627929348993,479.81559997424483,3712.6682000234723,76.0
1790845766,100,POST,POST /events,51.900000,0.000000,73,75,78,79,84,88,99,110,1300,1300,1300,20066,0,71,76.77229146297866,45.09280005004257,2002.0611999789253,80.0
1790845766,100,,Aggregated,65.200000,0.700000,75,80,88,1400,2100,2500,2900,3500,3700,3700,3700,25027,50,74,320.3633259278568,45.09280005004257,3712.6682000234723,79.20709633595716
1790845767,100,GET,GET /inventory/{product_id},13.000000,0.600000,2200,2400,2500,2600,3000,3500,3600,3700,3700,3700,3700,4980,54,1200,1309.966939959902,479.81559997424483,3712.6682000234723,76.0
1790845767,100,POST,POST /events,51.700000,0.000000,73,76,78,79,84,88,97,110,1200,1200,1200,20116,0,71,76.82114273196707,45.09280005004257,2002.0611999789253,80.0
1790845767,100,,Aggregated,64.700000,0.600000,75,81,88,1500,2200,2500,3400,3500,3700,3700,3700,25096,54,74,321.52412608370065,45.09280005004257,3712.6682000234723,79.20624800765061
1790845768,100,GET,GET /inventory/{product_id},12.900000,1.000000,2200,2400,2500,2600,3400,3500,3600,3700,3700,3700,3700,4991,54,1200,1310.956688158762,479.81559997424483,3712.6682000234723,76.0
1790845768,100,POST,POST /events,51.700000,0.000000,73,76,78,79,85,90,110,1200,1300,1300,1300,20181,0,71,77.14497206760632,45.09280005004257,2002.0611999789253,80.0
1790845768,100,,Aggregated,64.600000,1.000000,75,81,89,1300,2200,2500,3400,3500,3700,3700,3700,25172,54,74,321.78005370636964,45.09280005004257,3712.6682000234723,79.20689655172414
1790845769,100,GET,GET /inventory/{product_id},13.600000,1.300000,2200,2400,2500,2600,3000,3500,3600,3700,3700,3700,3700,5007,54,1200,1312.399085140886,479.81559997424483,3712.6682000234723,76.0
1790845769,100,POST,POST /events,51.100000,0.000000,73,76,78,80,84,90,110,1200,1300,1300,1300,20237,0,71,77.13144164138002,45.09280005004257,2002.0611999789253,80.0
1790845769,100,,Aggregated,64.700000,1.300000,75,81,90,1500,2200,2500,3400,3500,3700,3700,3700,25244,54,74,322.13956598783943,45.09280005004257,3712.6682000234723,79.206623356045
1790845770,100,GET,GET /inventory/{product_id},13.400000,1.200000,2200,2400,2500,2600,3400,3500,3600,3700,3700,3700,3700,5017,55,1200,1313.5500525613672,479.81559997424483,3712.6682000234723,76.0
1790845770,100,POST,POST /events,52.600000,0.000000,72,76,78,80,84,89,110,1200,1300,1300,1300,20302,0,71,77.11258872508353,45.09280005004257,2002.0611999789253,80.0
1790845770,100,,Aggregated,66.000000,1.200000,75,81,89,1500,2200,2500,3400,3500,3700,3700,3700,25319,55,74,322.11463288427757,45.09280005004257,3712.6682000234723,79.20739365693748
1790845771,100,GET,GET /inventory/{product_id},13.500000,1.200000,2100,2300,2500,2600,3400,3500,3600,3700,3700,3700,3700,5035,55,1200,1314.8924860577165,479.81559997424483,3712.6682000234723,76.0
1790845771,100,POST,POST /events,51.900000,0.000000,72,76,79,80,85,90,110,1200,1300,1300,1300,20361,0,71,77.09590979307882,45.09280005004257,2002.0611999789253,80.0
1790845771,100,,Aggregated,65.400000,1.200000,75,82,89,1300,2100,2500,3400,3500,3700,3700,3700,25396,55,74,322.500924814832,45.09280005004257,3712.6682000234723,79.2069617262561
1790845772,100,GET,GET /inventory/{product_id},13.300000,1.300000,2000,2200,2400,2500,3400,3500,3600,3700,3700,3700,3700,5045,55,1200,1314.8950604361917,479.81559997424483,3712.6682000234723,76.0
1790845772,100,POST,POST /events,52.300000,0.000000,72,76,79,80,84,90,120,1200,1300,1300,1300,20428,0,71,77.14131460235653,45.09280005004257,2002.0611999789253,80.0
1790845772,100,,Aggregated,65.600000,1.300000,75,81,87,1200,2000,2400,3400,3500,3700,3700,3700,25473,55,74,322.2819595099722,45.09280005004257,3712.6682000234723,79.20778863895104
1790845773,100,GET,GET /inventory/{product_id},14.500000,1.300000,1900,2100,2300,2400,3000,3500,3500,3600,3700,3700,3700,5059,55,1200,1315.1953056335951,479.81559997424483,3712.6682000234723,76.0
1790845773,100,POST,POST /events,52.900000,0.000000,71,76,79,81,84,89,120,1200,1300,1300,1300,20493,0,71,77.11903671969445,45.09280005004257,2002.0611999789253,80.0
1790845773,100,,Aggregated,67.400000,1.300000,75,81,87,1000,1800,2300,3000,3500,3700,3700,3700,25552,55,74,322.24379581625897,45.09280005004257,3712.6682000234723,79.20804633688165
1790845774,100,GET,GET /inventory/{product_id},13.800000,1.300000,1700,2000,2200,2300,3000,3500,3500,3500,3700,3700,3700,5070,55,1200,1315.274116410335,479.81559997424483,3712.6682000234723,76.0
1790845774,100,POST,POST /events,54.800000,0.000000,71,76,79,81,84,90,100,1200,1300,1300,1300,20559,0,71,77.10157755225568,45.09280005004257,2002.0611999789253,80.0
1790845774,100,,Aggregated,68.600000,1.300000,75,81,87,980,1700,2200,2900,3500,3700,3700,3700,25629,55,74,322.0403099261467,45.09280005004257,3712.6682000234723,79.20870888446682
1790845775,100,GET,GET /inventory/{product_id},13.800000,1.300000,1700,1900,2000,2100,2300,2900,3500,3500,3500,3500,3500,5081,55,1200,1315.9690456210158,479.81559997424483,3712.6682000234723,76.0
1790845775,100,POST,POST /events,56.500000,0.000000,71,76,78,80,84,89,96,1200,1300,1300,1300,20625,0,71,77.08114462045275,45.09280005004257,2002.0611999789253,80.0
1790845775,100,,Aggregated,70.300000,1.300000,74,80,84,95,1600,2000,2300,2900,3500,3500,3500,25706,55,74,321.9574157238468,45.09280005004257,3712.6682000234723,79.20936746284914
1790845776,100,GET,GET /inventory/{product_id},13.700000,1.100000,1500,1700,1900,1900,2100,2300,2700,3000,3400,3400,3400,5095,55,1200,1316.618126457415,479.81559997424483,3712.6682000234723,76.0
1790845776,100,POST,POST /events,58.100000,0.000000,71,75,78,80,84,89,96,1200,1300,1300,1300,20683,0,71,77.0634391285967,45.09280005004257,2002.0611999789253,80.0
1790845776,100,,Aggregated,71.800000,1.100000,73,80,84,91,1500,1800,2100,2200,3400,3400,3400,25778,55,74,322.0603796181737,45.09280005004257,3712.6682000234723,79.20940336721235
1790845777,100,GET,GET /inventory/{product_id},13.800000,1.000000,1500,1700,1700,1800,2100,2200,2300,2700,3400,3400,3400,5111,55,1200,1316.780458286149,479.81559997424483,3712.6682000234723,76.0
1790845777,100,POST,POST /events,60.100000,0.000000,71,75,78,80,84,87,94,99,1300,1300,1300,20739,0,71,77.05413078242435,45.09280005004257,2002.0611999789253,80.0
1790845777,100,,Aggregated,73.900000,1.000000,73,80,84,90,1500,1700,2000,2200,3400,3400,3400,25850,55,74,322.16984683161303,45.09280005004257,3712.6682000234723,79.20912959381045
1790845778,100,GET,GET /inventory/{product_id},13.300000,0.500000,1500,1600,1700,1800,2000,2200,2200,2700,3400,3400,3400,5121,55,1200,1317.2010987894123,479.81559997424483,3712.6682000234723,76.0
1790845778,100,POST,POST /events,60.800000,0.000000,71,75,78,80,84,87,94,100,1300,1300,1300,20795,0,71,77.04173884571799,45.09280005004257,2002.0611999789253,80.0
1790845778,100,,Aggregated,74.100000,0.500000,73,80,84,89,1400,1700,1900,2100,3400,3400,3400,25916,55,74,322.09715180572925,45.09280005004257,3712.6682000234723,79.2096002469517
1790845779,100,GET,GET /inventory/{product_id},13.200000,0.100000,1500,1700,1700,1700,2000,2200,2300,2300,2700,2700,2700,5130,55,1200,1318.1997926706715,479.81559997424483,3712.6682000234723,76.0
1790845779,100,POST,POST /events,61.500000,0.000000,71,76,78,80,84,88,95,100,1300,1300,1300,20844,0,71,77.02716800022735,45.09280005004257,2002.0611999789253,80.0
1790845779,100,,Aggregated,74.700000,0.100000,74,80,84,90,1400,1700,1900,2100,2700,2700,2700,25974,55,74,322.1652123738073,45.09280005004257,3712.6682000234723,79.20997920997921
1790845780,100,GET,GET /inventory/{product_id},13.000000,0.100000,1500,1700,1800,1900,2100,2400,2500,2700,2700,2700,2700,5144,55,1200,1320.6739300351103,479.81559997424483,3712.6682000234723,76.0
1790845780,100,POST,POST /events,61.000000,0.000000,71,75,78,80,83,87,94,99,1300,1300,1300,20889,0,71,77.01321211149076,45.09280005004257,2002.0611999789253,80.0
1790845780,100,,Aggregated,74.000000,0.100000,73,80,83,89,1400,1700,2100,2300,2700,2700,2700,26033,55,74,322.7547990587919,45.09280005004257,3712.6682000234723,79.20961856105713
1790845781,100,GET,GET /inventory/{product_id},12.200000,0.100000,1600,1800,1900,2100,2500,2600,2800,2800,3600,3600,3600,5154,56,1200,1323.167655258174,479.81559997424483,3712.6682000234723,76.0
1790845781,100,POST,POST /events,60.400000,0.000000,71,75,78,79,83,87,93,96,110,110,110,20934,0,71,76.99777094664005,45.09280005004257,2002.0611999789253,80.0
1790845781,100,,Aggregated,72.600000,0.100000,73,79,83,90,1500,1900,2400,2600,3600,3600,3600,26088,56,74,323.1937071526208,45.09280005004257,3712.6682000234723,79.20975160993561
1790845782,100,GET,GET /inventory/{product_id},12.700000,0.000000,1700,2100,2400,2500,2900,3500,3500,3600,3600,3600,3600,5168,63,1200,1328.0259595976459,479.81559997424483,3712.6682000234723,76.0
1790845782,100,POST,POST /events,58.400000,0.000000,71,75,77,78,83,87,94,99,1100,1100,1100,20972,0,71,77.0309350799549,45.09280005004257,2002.0611999789253,80.0
1790845782,100,,Aggregated,71.100000,0.000000,73,79,84,94,1700,2300,2800,3500,3600,3600,3600,26140,63,74,324.3584900419826,45.09280005004257,3712.6682000234723,79.20918133129304
1790845783,100,GET,GET /inventory/{product_id},11.600000,0.000000,2000,2400,2700,2800,3500,3500,3600,3600,3700,3700,3700,5186,69,1200,1333.6460961435805,479.81559997424483,3712.6682000234723,76.0
1790845783,100,POST,POST /events,57.100000,0.000000,70,75,77,78,83,87,94,100,1200,1200,1200,21015,0,71,77.07282185566747,45.09280005004257,2002.0611999789253,80.0
1790845783,100,,Aggregated,68.700000,0.000000,73,79,86,1000,2000,2600,3500,3500,3700,3700,3700,26201,69,74,325.78809991593596,45.09280005004257,3712.6682000234723,79.20827449333994
1790845784,100,GET,GET /inventory/{product_id},11.900000,0.600000,2200,2500,2700,2900,3500,3500,3600,3600,3700,3700,3700,5201,72,1200,1337.0317457990218,479.81559997424483,3712.6682000234723,76.0
1790845784,100,POST,POST /events,54.900000,0.000000,70,75,78,80,85,90,110,1100,1200,1200,1200,21061,0,71,77.27024050125593,45.09280005004257,2002.0611999789253,80.0
1790845784,100,,Aggregated,66.800000,0.600000,74,81,90,1200,2300,2800,3500,3500,3700,3700,3700,26262,72,74,326.7569356902612,45.09280005004257,3712.6682000234723,79.20782880207143
1790845785,100,GET,GET /inventory/{product_id},12.700000,1.300000,2300,2600,2800,3000,3500,3500,3600,3600,3700,3700,3700,5213,74,1200,1339.8699160369713,479.81559997424483,3712.6682000234723,76.0
1790845785,100,POST,POST /events,52.600000,0.000000,71,75,78,79,85,93,120,1100,1200,1200,1200,21112,0,71,77.30400966734226,45.09280005004257,2002.0611999789253,80.0
1790845785,100,,Aggregated,65.300000,1.300000,75,81,94,1300,2400,2900,3500,3600,3700,3700,3700,26325,74,74,327.3232335953519,45.09280005004257,3712.6682000234723,79.2079012345679
1790845786,100,GET,GET /inventory/{product_id},12.900000,1.700000,2400,2700,3000,3000,3500,3600,3600,3600,3700,3700,3700,5222,77,1200,1342.2223805440049,479.81559997424483,3712.6682000234723,76.0
1790845786,100,POST,POST /events,51.300000,0.000000,71,75,78,80,85,91,120,1100,1200,1200,1200,21153,0,71,77.29364515183855,45.09280005004257,2002.0611999789253,80.0
1790845786,100,,Aggregated,64.200000,1.700000,74,81,91,1400,2500,3000,3500,3600,3700,3700,3700,26375,77,74,327.7375449136537,45.09280005004257,3712.6682000234723,79.20803791469194
1790845787,100,GET,GET /inventory/{product_id},12.800000,1.700000,2600,2800,3000,3500,3500,3600,3600,3700,3700,3700,3700,5238,82,1200,1346.874172737857,479.81559997424483,3712.6682000234723,76.0
1790845787,100,POST,POST /events,49.300000,0.000000,71,75,78,80,86,95,1100,1200,1300,1300,1300,21193,0,71,77.55587821906725,45.09280005004257,2002.0611999789253,80.0
1790845787,100,,Aggregated,62.100000,1.700000,75,81,120,1900,2700,3400,3500,3600,3700,3700,3700,26431,82,74,329.104787707524,45.09280005004257,3712.6682000234723,79.20729446483296
1790845788,100,GET,GET /inventory/{product_id},13.000000,2.200000,2600,2900,3400,3500,3500,3600,3700,3700,3700,3700,3700,5254,89,1200,1351.411305329446,479.81559997424483,3712.6682000234723,76.0
1790845788,100,POST,POST /events,46.900000,0.000000,71,75,79,81,87,96,1200,1300,1300,1300,1300,21226,0,71,77.69890930446677,45.09280005004257,2002.0611999789253,80.0
1790845788,100,,Aggregated,59.900000,2.200000,75,85,1200,2200,2800,3500,3500,3600,3700,3700,3700,26480,89,74,330.42114981486054,45.09280005004257,3712.6682000234723,79.20634441087613
1790845789,100,GET,GET /inventory/{product_id},12.500000,2.500000,2700,3000,3500,3500,3500,3600,3700,3700,3700,3700,3700,5265,93,1200,1354.8129714341617,479.81559997424483,3712.6682000234723,76.0
1790845789,100,POST,POST /events,45.600000,0.000000,72,76,79,81,88,120,1200,1300,1300,1300,1300,21268,0,71,77.83575827990343,45.09280005004257,2002.0611999789253,80.0
1790845789,100,,Aggregated,58.100000,2.500000,75,86,1200,2200,2900,3500,3500,3600,3700,3700,3700,26533,93,74,331.22908083133586,45.09280005004257,3712.6682000234723,79.2062714355708
1790845790,100,GET,GET /inventory/{product_id},13.000000,3.100000,2700,3000,3500,3500,3500,3600,3700,3700,3700,3700,3700,5283,99,1200,1359.696151618531,479.81559997424483,3712.6682000234723,76.0
1790845790,100,POST,POST /events,43.100000,0.000000,72,77,80,82,91,1000,1200,1300,1300,1300,1300,21311,0,71,78.13996962587713,45.09280005004257,2002.0611999789253,80.0
1790845790,100,,Aggregated,56.100000,3.100000,77,89,1800,2300,2900,3500,3600,3600,3700,3700,3700,26594,99,74,332.72601570646566,45.09280005004257,3712.6682000234723,79.20538467323456
1790845791,100,GET,GET /inventory/{product_id},13.500000,3.800000,2700,3000,3500,3500,3500,3600,3700,3700,3700,3700,3700,5300,104,1200,1364.1110786982633,479.81559997424483,3712.6682000234723,76.0
1790845791,100,POST,POST /events,42.300000,0.000000,72,77,80,83,95,1100,1300,1300,1300,1300,1300,21354,0,71,78.22809100389388,45.09280005004257,2002.0611999789253,80.0
1790845791,100,,Aggregated,55.800000,3.800000,78,91,1900,2300,2900,3500,3500,3600,3700,3700,3700,26654,104,74,333.9187878891698,45.09280005004257,3712.6682000234723,79.20462219554288
1790845792,100,GET,GET /inventory/{product_id},13.700000,4.300000,2600,3000,3500,3500,3500,3600,3700,3700,3700,3700,3700,5311,106,1200,1366.0646683676716,479.81559997424483,3712.6682000234723,76.0
1790845792,100,POST,POST /events,42.300000,0.000000,73,77,81,83,100,1100,1300,1300,1300,1300,1300,21411,0,71,78.46471011617719,45.09280005004257,2002.0611999789253,80.0
1790845792,100,,Aggregated,56.000000,4.300000,77,89,1300,2100,2800,3500,3500,3600,3700,3700,3700,26722,106,74,334.3753222811973,45.09280005004257,3712.6682000234723,79.20499962577651
1790845793,100,GET,GET /inventory/{product_id},14.600000,4.800000,2600,2900,3500,3500,3500,3600,3700,3700,3700,3700,3700,5323,109,1200,1368.49363163645,479.81559997424483,3712.6682000234723,76.0
1790845793,100,POST,POST /events,42.000000,0.000000,72,77,81,83,96,1000,1300,1300,1300,1300,1300,21458,0,71,78.54567494628621,45.09280005004257,2002.0611999789253,80.0
1790845793,100,,Aggregated,56.600000,4.800000,77,88,1300,2100,2700,3500,3500,3600,3700,3700,3700,26781,109,74,334.9361373435725,45.09280005004257,3712.6682000234723,79.2049587394048
1790845794,100,GET,GET /inventory/{product_id},14.500000,4.400000,2500,2900,3500,3500,3500,3600,3700,3700,3700,3700,3700,5337,110,1200,1370.9361562302263,479.81559997424483,3712.6682000234723,76.0
1790845794,100,POST,POST /events,43.300000,0.000000,72,77,81,83,95,1100,1300,1300,1300,1300,1300,21512,0,71,78.6297078838511,45.09280005004257,2002.0611999789253,80.0
1790845794,100,,Aggregated,57.800000,4.400000,77,88,1300,2100,2700,3500,3500,3600,3700,3700,3700,26849,110,74,335.51225527200717,45.09280005004257,3712.6682000234723,79.20488658795486
1790845795,100,GET,GET /inventory/{product_id},13.600000,4.000000,2500,2800,3400,3500,3500,3500,3700,3700,3700,3700,3700,5348,111,1200,1373.1046947458485,479.81559997424483,3712.6682000234723,76.0
1790845795,100,POST,POST /events,43.900000,0.000000,72,77,81,83,100,1100,1300,1300,1300,1300,1300,21558,0,71,78.73492875950694,45.09280005004257,2002.0611999789253,80.0
1790845795,100,,Aggregated,57.500000,4.000000,77,88,1300,2000,2600,3500,3500,3600,3700,3700,3700,26906,111,74,336.0117260721865,45.09280005004257,3712.6682000234723,79.20493570207388
1790845796,100,GET,GET /inventory/{product_id},13.300000,3.800000,2500,2900,3400,3500,3500,3500,3700,3700,3700,3700,3700,5360,113,1200,1375.8457938994195,479.81559997424483,3712.6682000234723,76.0
1790845796,100,POST,POST /events,43.900000,0.000000,73,77,81,83,100,1000,1300,1300,1300,1300,1300,21605,0,71,78.72611007625049,45.09280005004257,2002.0611999789253,80.0
1790845796,100,,Aggregated,57.200000,3.800000,77,88,1200,2000,2600,3500,3500,3500,3700,3700,3700,26965,113,74,336.56262056363005,45.09280005004257,3712.6682000234723,79.20489523456332
1790845797,100,GET,GET /inventory/{product_id},13.600000,3.900000,2500,2800,3000,3400,3500,3500,3600,3600,3700,3700,3700,5372,114,1200,1378.596370588409,479.81559997424483,3712.6682000234723,76.0
1790845797,100,POST,POST /events,43.300000,0.000000,72,77,81,83,92,980,1200,1300,1300,1300,1300,21647,0,71,78.7560834664148,45.09280005004257,2002.0611999789253,80.0
1790845797,100,,Aggregated,56.900000,3.900000,76,85,1100,1900,2500,3400,3500,3500,3700,3700,3700,27019,114,74,337.19429444459155,45.09280005004257,3712.6682000234723,79.20470779821608
1790845798,100,GET,GET /inventory/{product_id},13.700000,3.600000,2500,2700,3000,3400,3500,3500,3700,3700,3700,3700,3700,5393,122,1200,1383.9842596330548,479.81559997424483,3712.6682000234723,76.0
1790845798,100,POST,POST /events,44.500000,0.000000,73,77,81,82,92,880,1200,1300,1300,1300,1300,21689,0,71,78.84358525508875,45.09280005004257,2002.0611999789253,80.0
1790845798,100,,Aggregated,58.200000,3.600000,76,85,1200,2000,2500,3400,3500,3600,3700,3700,3700,27082,122,74,338.74402307062604,45.09280005004257,3712.6682000234723,79.20345617014992
1790845799,100,GET,GET /inventory/{product_id},13.300000,3.400000,2500,2700,3000,3400,3500,3500,3700,3700,3800,3800,3800,5403,125,1200,1386.3375575793318,479.81559997424483,3757.4663999839686,76.0
1790845799,100,POST,POST /events,45.600000,0.000000,73,76,80,82,89,890,1200,1300,1300,1300,1300,21732,0,71,79.01662378508985,45.09280005004257,2002.0611999789253,80.0
1790845799,100,,Aggregated,58.900000,3.400000,76,84,1000,1900,2500,3000,3500,3600,3800,3800,3800,27135,125,74,339.32452889989725,45.09280005004257,3757.4663999839686,79.20353786622444
1790845800,100,GET,GET /inventory/{product_id},13.800000,3.300000,2400,2700,2900,3400,3500,3700,3700,3700,3800,3800,3800,5407,126,1200,1387.220325522689,479.81559997424483,3757.4663999839686,76.0
1790845800,100,POST,POST /events,46.800000,0.000000,73,76,80,82,90,890,1200,1300,1300,1300,1300,21774,0,71,79.2233850233269,45.09280005004257,2002.0611999789253,80.0
1790845800,100,,Aggregated,60.600000,3.300000,75,83,110,1700,2400,2900,3500,3700,3800,3800,3800,27181,126,74,339.41761839516965,45.09280005004257,3757.4663999839686,79.20429711931128
1790845801,100,GET,GET /inventory/{product_id},13.700000,3.100000,2500,2700,3000,3400,3500,3700,3700,3700,3800,3800,3800,5420,131,1200,1390.7896919928257,479.81559997424483,3757.4663999839686,76.0
1790845801,100,POST,POST /events,46.500000,0.000000,73,76,80,81,88,110,1200,1300,1300,1300,1300,21812,0,71,79.25755666597077,45.09280005004257,2002.0611999789253,80.0
1790845801,100,,Aggregated,60.200000,3.100000,75,83,890,1800,2500,3000,3500,3700,3800,3800,3800,27232,131,74,340.2925219080229,45.09280005004257,3757.4663999839686,79.20387779083431
1790845802,100,GET,GET /inventory/{product_id},12.800000,2.700000,2500,2900,3400,3500,3600,3700,3700,3700,3800,3800,3800,5448,146,1200,1399.5448855178402,479.81559997424483,3757.4663999839686,76.0
1790845802,100,POST,POST /events,46.400000,0.000000,73,77,80,82,90,1000,1200,1300,1300,1300,1300,21846,0,71,79.50408567235111,45.09280005004257,2002.0611999789253,80.0
1790845802,100,,Aggregated,59.200000,2.700000,77,86,1300,2100,2700,3500,3600,3700,3800,3800,3800,27294,146,74,342.9899169011279,45.09280005004257,3757.4663999839686,79.20158276544295
1790845803,100,GET,GET /inventory/{product_id},12.000000,2.600000,2600,2900,3500,3500,3600,3700,3700,3700,3800,3800,3800,5460,148,1200,1402.0622129855878,479.81559997424483,3757.4663999839686,76.0
1790845803,100,POST,POST /events,45.600000,0.000000,73,77,81,83,93,1100,1300,1300,1300,1300,1300,21902,0,71,79.95099613725142,45.09280005004257,2002.0611999789253,80.0
1790845803,100,,Aggregated,57.600000,2.600000,77,87,1300,2100,2700,3500,3600,3700,3800,3800,3800,27362,148,74,343.7740808529859,45.09280005004257,3757.4663999839686,79.20181273298735
1790845804,100,GET,GET /inventory/{product_id},13.300000,3.800000,2500,2900,3500,3500,3600,3700,3700,3700,3800,3800,3800,5476,150,1200,1404.0624130754752,479.81559997424483,3757.4663999839686,76.0
1790845804,100,POST,POST /events,44.100000,0.000000,73,78,82,84,96,1100,1300,1300,1300,1300,1300,21956,0,71,80.03906608663708,45.09280005004257,2002.0611999789253,80.0
1790845804,100,,Aggregated,57.400000,3.800000,78,91,1300,2100,2700,3500,3600,3700,3800,3800,3800,27432,150,74,344.3417727106852,45.09280005004257,3757.4663999839686,79.20151647710703
1790845805,100,GET,GET /inventory/{product_id},13.700000,4.000000,2500,2900,3500,3500,3600,3700,3700,3700,3800,3800,3800,5484,150,1200,1405.2782974473764,479.81559997424483,3757.4663999839686,76.0
1790845805,100,POST,POST /events,43.300000,0.000000,75,81,85,90,120,1100,1300,1300,1300,1300,1300,22009,0,71,80.17717289283127,45.09280005004257,2002.0611999789253,80.0
1790845805,100,,Aggregated,57.000000,4.000000,80,100,1200,2000,2600,3500,3600,3700,3800,3800,3800,27493,150,74,344.49371044992375,45.09280005004257,3757.4663999839686,79.20212417706325
1790845806,100,GET,GET /inventory/{product_id},13.900000,4.000000,2500,2800,3500,3500,3600,3700,3700,3700,3800,3800,3800,5501,152,1200,1408.2803735505256,479.81559997424483,3757.4663999839686,76.0
1790845806,100,POST,POST /events,43.500000,0.000000,77,85,92,98,130,1100,1300,1300,1300,1300,1300,22058,0,71,80.25200768874474,45.09280005004257,2002.0611999789253,80.0
1790845806,100,,Aggregated,57.400000,4.000000,85,120,1300,2000,2700,3500,3600,3700,3800,3800,3800,27559,152,74,345.3372444754812,45.09280005004257,3757.4663999839686,79.20156754599223
1790845807,100,GET,GET /inventory/{product_id},13.400000,3.900000,2400,2700,3500,3500,3600,3700,3700,3700,3800,3800,3800,5513,152,1200,1409.7890135681735,479.81559997424483,3757.4663999839686,76.0
1790845807,100,POST,POST /events,44.800000,0.000000,78,85,92,98,130,1100,1300,1300,1400,1400,1400,22119,0,71,80.3739067091023,45.09280005004257,2002.0611999789253,80.0
1790845807,100,,Aggregated,58.200000,3.900000,84,110,1200,1800,2500,3500,3600,3700,3800,3800,3800,27632,152,74,345.6122348834682,45.09280005004257,3757.4663999839686,79.20193977996526
1790845808,100,GET,GET /inventory/{product_id},13.600000,3.900000,2400,2700,2900,3500,3600,3600,3700,3700,3800,3800,3800,5525,153,1200,1411.7896154210496,479.81559997424483,3757.4663999839686,76.0
1790845808,100,POST,POST /events,44.900000,0.000000,80,85,92,98,130,1100,1300,1300,1400,1400,1400,22169,0,71,80.3796860344886,45.09280005004257,2002.0611999789253,80.0
1790845808,100,,Aggregated,58.500000,3.900000,85,110,1100,1800,2500,3400,3600,3700,3800,3800,3800,27694,153,74,345.998226507543,45.09280005004257,3757.4663999839686,79.20199321152596
1790845809,100,GET,GET /inventory/{product_id},14.300000,3.800000,2400,2600,2900,3500,3500,3600,3700,3700,3700,3700,3700,5536,153,1200,1412.8776492234856,479.81559997424483,3757.4663999839686,76.0
1790845809,100,POST,POST /events,45.100000,0.000000,79,85,91,96,120,690,1200,1300,1400,1400,1400,22224,0,71,80.41351081256167,45.09280005004257,2002.0611999789253,80.0
1790845809,100,,Aggregated,59.400000,3.800000,84,100,1100,1700,2400,3000,3600,3600,3700,3700,3700,27760,153,74,346.1383476368734,45.09280005004257,3757.4663999839686,79.20230547550432
1790845810,100,GET,GET /inventory/{product_id},13.200000,3.300000,2300,2600,2800,2900,3500,3600,3700,3700,3700,3700,3700,5551,154,1200,1415.635856458544,479.81559997424483,3757.4663999839686,76.0
1790845810,100,POST,POST /events,45.600000,0.000000,79,84,90,95,120,170,1200,1300,1400,1400,1400,22276,0,71,80.39646189612998,45.09280005004257,2002.0611999789253,80.0
1790845810,100,,Aggregated,58.800000,3.300000,83,100,1000,1700,2400,2900,3500,3600,3700,3700,3700,27827,154,74,346.7533770941743,45.09280005004257,3757.4663999839686,79.20206993208035
1790845811,100,GET,GET /inventory/{product_id},13.200000,2.900000,2200,2400,2600,2700,3000,3500,3600,3700,3700,3700,3700,5564,154,1200,1417.4881238140758,479.81559997424483,3757.4663999839686,76.0
1790845811,100,POST,POST /events,47.800000,0.000000,79,84,89,93,120,150,1200,1300,1400,1400,1400,22327,0,71,80.38062104171344,45.09280005004257,2002.0611999789253,80.0
1790845811,100,,Aggregated,61.000000,2.900000,82,96,140,1500,2200,2600,3000,3500,3700,3700,3700,27891,154,74,347.12136699651774,45.09280005004257,3757.4663999839686,79.20203649922914
1790845812,100,GET,GET /inventory/{product_id},13.800000,2.800000,2200,2300,2400,2600,2900,3500,3500,3600,3600,3600,3600,5574,154,1200,1419.111152278711,479.81559997424483,3757.4663999839686,76.0
1790845812,100,POST,POST /events,49.200000,0.000000,78,83,87,92,110,140,1100,1300,1400,1400,1400,22379,0,71,80.41220690373318,45.09280005004257,2002.0611999789253,80.0
1790845812,100,,Aggregated,63.000000,2.800000,81,93,120,1300,2100,2400,2800,3000,3600,3600,3600,27953,154,74,347.35700429650467,45.09280005004257,3757.4663999839686,79.20237541587665
1790845813,100,GET,GET /inventory/{product_id},14.000000,2.500000,2200,2400,2500,2600,2900,3500,3500,3500,3600,3600,3600,5581,156,1200,1420.712708690484,479.81559997424483,3757.4663999839686,76.0
1790845813,100,POST,POST /events,50.800000,0.000000,79,83,87,91,110,130,160,1100,1400,1400,1400,22425,0,71,80.4035889453238,45.09280005004257,2002.0611999789253,80.0
1790845813,100,,Aggregated,64.800000,2.500000,81,92,110,160,2100,2400,2800,3000,3600,3600,3600,28006,156,74,347.4986827572841,45.09280005004257,3757.4663999839686,79.20288509605085
1790845814,100,GET,GET /inventory/{product_id},12.700000,1.100000,2300,2400,2600,2700,2900,3500,3500,3500,3600,3600,3600,5598,159,1200,1424.5600974279337,479.81559997424483,3757.4663999839686,76.0
1790845814,100,POST,POST /events,51.400000,0.000000,77,81,83,87,96,120,160,1200,1400,1400,1400,22466,0,71,80.43927489980167,45.09280005004257,2002.0611999789253,80.0
1790845814,100,,Aggregated,64.100000,1.100000,80,89,110,1600,2300,2600,2900,3500,3600,3600,3600,28064,159,74,348.55459575614793,45.09280005004257,3757.4663999839686,79.2021094640821
1790845815,100,GET,GET /inventory/{product_id},12.200000,0.600000,2300,2500,2700,2800,3500,3500,3600,3600,3700,3700,3700,5611,166,1200,1428.2439822316255,479.81559997424483,3757.4663999839686,76.0
1790845815,100,POST,POST /events,52.400000,0.000000,75,80,82,83,91,100,160,1300,1400,1400,1400,22514,0,71,80.63699347068957,45.09280005004257,2002.0611999789253,80.0
1790845815,100,,Aggregated,64.600000,0.600000,79,84,96,1300,2300,2700,3500,3500,3700,3700,3700,28125,166,74,349.48758241069385,45.09280005004257,3757.4663999839686,79.20199111111111
1790845816,100,GET,GET /inventory/{product_id},11.700000,0.800000,2400,2600,2800,2900,3500,3500,3600,3600,3700,3700,3700,5630,170,1200,1432.0271193253193,479.81559997424483,3757.4663999839686,76.0
1790845816,100,POST,POST /events,51.600000,0.000000,74,78,81,82,88,96,1200,1300,1400,1400,1400,22564,0,71,80.84505762272255,45.09280005004257,2002.0611999789253,80.0
1790845816,100,,Aggregated,63.300000,0.800000,78,83,95,1600,2400,2800,3500,3500,3700,3700,3700,28194,170,74,350.65973476628585,45.09280005004257,3757.4663999839686,79.20124849258707
1790845817,100,GET,GET /inventory/{product_id},12.800000,1.400000,2300,2600,2800,3000,3500,3500,3600,3600,3700,3700,3700,5645,173,1200,1433.8245383882527,479.81559997424483,3757.4663999839686,76.0
1790845817,100,POST,POST /events,50.500000,0.000000,73,78,80,82,87,95,1200,1300,1300,1300,1300,22622,0,71,80.98124760407231,45.09280005004257,2002.0611999789253,80.0
1790845817,100,,Aggregated,63.300000,1.400000,77,83,94,1600,2400,2800,3500,3500,3700,3700,3700,28267,173,74,351.14788631623503,45.09280005004257,3757.4663999839686,79.201188665228
1790845818,100,GET,GET /inventory/{product_id},12.800000,1.600000,2300,2600,2800,2900,3500,3500,3600,3600,3700,3700,3700,5658,173,1200,1434.6458612940655,479.81559997424483,3757.4663999839686,76.0
1790845818,100,POST,POST /events,50.600000,0.000000,73,77,79,81,86,95,1300,1300,1300,1300,1300,22683,0,71,81.06364428863641,45.09280005004257,2002.0611999789253,80.0
1790845818,100,,Aggregated,63.400000,1.600000,76,83,94,1400,2300,2800,3500,3500,3700,3700,3700,28341,173,74,351.29292991076403,45.09280005004257,3757.4663999839686,79.20143961045835
1790845819,100,GET,GET /inventory/{product_id},12.800000,2.000000,2300,2600,2800,2900,3500,3500,3600,3600,3700,3700,3700,5669,173,1200,1435.1952443996888,479.81559997424483,3757.4663999839686,76.0
1790845819,100,POST,POST /events,50.200000,0.000000,73,77,79,81,86,95,1300,1300,1300,1300,1300,22745,0,71,81.09149508459024,45.09280005004257,2002.0611999789253,80.0
1790845819,100,,Aggregated,63.000000,2.000000,76,82,93,1300,2300,2800,3500,3500,3700,3700,3700,28414,173,74,351.25458915326413,45.09280005004257,3757.4663999839686,79.20194270430069
1790845820,100,GET,GET /inventory/{product_id},12.900000,2.100000,2200,2500,2700,2900,3500,3500,3600,3600,3700,3700,3700,5678,174,1200,1436.1939849950431,479.81559997424483,3757.4663999839686,76.0
1790845820,100,POST,POST /events,51.100000,0.000000,73,77,79,81,86,94,1300,1300,1300,1300,1300,22795,0,71,81.06808413243118,45.09280005004257,2002.0611999789253,80.0
1790845820,100,,Aggregated,64.000000,2.100000,76,82,91,1300,2200,2700,3500,3500,3700,3700,3700,28473,174,74,351.3032144347496,45.09280005004257,3757.4663999839686,79.20233203385664
1790845821,100,GET,GET /inventory/{product_id},12.800000,2.000000,2300,2600,2800,3000,3500,3500,3600,3600,3700,3700,3700,5686,175,1200,1437.5601814283864,479.81559997424483,3757.4663999839686,76.0
1790845821,100,POST,POST /events,51.200000,0.000000,73,77,79,81,86,94,1300,1300,1300,1300,1300,22839,0,71,81.05313261521803,45.09280005004257,2002.0611999789253,80.0
1790845821,100,,Aggregated,64.000000,2.000000,76,81,90,1300,2200,2800,3500,3500,3700,3700,3700,28525,175,74,351.4509969290365,45.09280005004257,3757.4663999839686,79.2026643295355
1790845822,100,GET,GET /inventory/{product_id},12.800000,2.000000,2300,2600,2800,3000,3500,3500,3600,3700,3800,3800,3800,5696,176,1200,1439.6249195578887,479.81559997424483,3757.4663999839686,76.0
1790845822,100,POST,POST /events,50.800000,0.000000,73,77,79,81,86,100,1300,1300,1300,1300,1300,22875,0,71,81.19896973110227,45.09280005004257,2002.0611999789253,80.0
1790845822,100,,Aggregated,63.600000,2.000000,76,82,94,1300,2300,2800,3500,3500,3800,3800,3800,28571,176,74,352.0188293864652,45.09280005004257,3757.4663999839686,79.20254803822057
1790845823,100,GET,GET /inventory/{product_id},12.500000,2.000000,2300,2700,2900,3400,3500,3500,3700,3700,3800,3800,3800,5712,184,1200,1444.2839766459704,479.81559997424483,3757.4663999839686,76.0
1790845823,100,POST,POST /events,50.500000,0.000000,73,77,79,81,88,110,1300,1300,1300,1300,1300,22911,0,71,81.27016356766913,45.09280005004257,2002.0611999789253,80.0
1790845823,100,,Aggregated,63.000000,2.000000,76,83,260,1500,2400,3000,3500,3600,3800,3800,3800,28623,184,74,353.27292010273726,45.09280005004257,3757.4663999839686,79.2017608217168
1790845824,100,GET,GET /inventory/{product_id},12.100000,2.100000,2300,2800,3000,3400,3500,3600,3700,3700,3800,3800,3800,5728,191,1300,1448.668627496817,479.81559997424483,3757.4663999839686,76.0
1790845824,100,POST,POST /events,50.000000,0.000000,73,77,79,81,88,260,1200,1300,1300,1300,1300,22956,0,71,81.48713674414624,45.09280005004257,2002.0611999789253,80.0
1790845824,100,,Aggregated,62.100000,2.100000,76,82,95,1400,2300,3000,3500,3600,3800,3800,3800,28684,191,74,354.50399558640316,45.09280005004257,3757.4663999839686,79.20122716497002
1790845825,100,GET,GET /inventory/{product_id},12.100000,2.300000,2300,2800,3000,3500,3500,3600,3700,3700,3800,3800,3800,5749,199,1300,1453.220691964114,479.81559997424483,3757.4663999839686,76.0
1790845825,100,POST,POST /events,48.800000,0.000000,73,77,79,81,88,290,1200,1300,1300,1300,1300,23002,0,71,81.70445476909855,45.09280005004257,2002.0611999789253,80.0
1790845825,100,,Aggregated,60.900000,2.300000,77,83,1000,1500,2500,3400,3500,3700,3800,3800,3800,28751,199,74,355.95045830407594,45.09280005004257,3757.4663999839686,79.20016695071476
1790845826,100,GET,GET /inventory/{product_id},13.200000,2.900000,2300,2800,3000,3500,3500,3600,3700,3700,3800,3800,3800,5760,202,1300,1454.832898837077,479.81559997424483,3757.4663999839686,76.0
1790845826,100,POST,POST /events,47.900000,0.000000,73,77,80,82,89,980,1200,1300,1300,1300,1300,23061,0,71,81.8669793026526,45.09280005004257,2002.0611999789253,80.0
1790845826,100,,Aggregated,61.100000,2.900000,77,83,260,1400,2300,3400,3500,3700,3800,3800,3800,28821,202,74,356.26008490337017,45.09280005004257,3757.4663999839686,79.20058290829603
1790845827,100,GET,GET /inventory/{product_id},13.300000,3.100000,2200,2800,3000,3500,3500,3600,3700,3700,3800,3800,3800,5774,203,1300,1455.7042230691961,479.81559997424483,3757.4663999839686,76.0
1790845827,100,POST,POST /events,48.400000,0.000000,73,77,80,82,89,290,1200,1300,1300,1300,1300,23116,0,71,81.9871086000256,45.09280005004257,2002.0611999789253,80.0
1790845827,100,,Aggregated,61.700000,3.100000,77,84,980,1400,2300,3400,3500,3700,3800,3800,3800,28890,203,74,356.5403318241511,45.09280005004257,3757.4663999839686,79.20055382485289
1790845828,100,GET,GET /inventory/{product_id},13.200000,3.300000,2200,2800,3000,3500,3500,3600,3700,3700,3800,3800,3800,5785,203,1300,1456.671130527477,479.81559997424483,3757.4663999839686,76.0
1790845828,100,POST,POST /events,49.400000,0.000000,73,78,80,82,89,290,1200,1300,1300,1300,1300,23173,0,71,82.01696250369781,45.09280005004257,2002.0611999789253,80.0
1790845828,100,,Aggregated,62.600000,3.300000,77,84,1000,1500,2300,3400,3500,3700,3800,3800,3800,28958,203,74,356.6344900269231,45.09280005004257,3757.4663999839686,79.20091166517025
1790845829,100,GET,GET /inventory/{product_id},12.500000,3.000000,2300,2900,3400,3500,3500,3700,3700,3700,3800,3800,3800,5790,203,1300,1456.9753821246047,479.81559997424483,3757.4663999839686,76.0
1790845829,100,POST,POST /events,50.500000,0.000000,74,78,81,83,91,980,1200,1300,1300,1300,1300,23222,0,71,82.00345263105773,45.09280005004257,2002.0611999789253,80.0
1790845829,100,,Aggregated,63.000000,3.000000,77,85,110,1400,2300,3400,3500,3700,3800,3800,3800,29012,203,74,356.4101626740617,45.09280005004257,3757.4663999839686,79.20170963739143
1790845830,100,GET,GET /inventory/{product_id},12.700000,3.000000,2500,2900,3400,3500,3500,3700,3700,3700,3800,3800,3800,5801,205,1300,1459.2050196520402,479.81559997424483,3757.4663999839686,76.0
1790845830,100,POST,POST /events,49.400000,0.000000,74,78,82,83,92,980,1200,1300,1300,1300,1300,23266,0,71,81.98464123606651,45.09280005004257,2002.0611999789253,80.0
1790845830,100,,Aggregated,62.100000,3.000000,77,86,290,1500,2500,3400,3500,3700,3800,3800,3800,29067,205,74,356.84119386244873,45.09280005004257,3757.4663999839686,79.20170640244952
1790845831,100,GET,GET /inventory/{product_id},12.600000,3.000000,2500,2900,3500,3500,3500,3600,3700,3700,3800,3800,3800,5818,211,1300,1463.4160671882803,479.81559997424483,3757.4663999839686,76.0
1790845831,100,POST,POST /events,48.500000,0.000000,74,78,82,84,93,1000,1200,1300,1300,1300,1300,23310,0,71,82.0731643499977,45.09280005004257,2002.0611999789253,80.0
1790845831,100,,Aggregated,61.100000,3.000000,78,87,1100,1600,2700,3500,3600,3700,3800,3800,3800,29128,211,74,357.981328615073,45.09280005004257,3757.4663999839686,79.20104366932162
1790845832,100,GET,GET /inventory/{product_id},12.300000,3.100000,2500,2900,3500,3500,3500,3600,3700,3700,3700,3700,3700,5834,216,1300,1467.4152422525406,479.81559997424483,3757.4663999839686,76.0
1790845832,100,POST,POST /events,48.300000,0.000000,73,78,82,84,92,980,1200,1300,1300,1300,1300,23357,0,71,82.14337440588909,45.09280005004257,2002.0611999789253,80.0
1790845832,100,,Aggregated,60.600000,3.100000,78,87,1100,1600,2700,3500,3500,3600,3700,3700,3700,29191,216,74,358.99843511012506,45.09280005004257,3757.4663999839686,79.20057551985201
1790845833,100,GET,GET /inventory/{product_id},12.500000,3.300000,2400,2800,3000,3500,3500,3600,3700,3700,3700,3700,3700,5845,217,1300,1469.198704876195,479.81559997424483,3757.4663999839686,76.0
1790845833,100,POST,POST /events,47.500000,0.000000,74,78,82,84,92,120,1200,1300,1400,1400,1400,23409,0,71,82.22006091240323,45.09280005004257,2002.0611999789253,80.0
1790845833,100,,Aggregated,60.000000,3.300000,78,86,110,1400,2500,3000,3500,3600,3700,3700,3700,29254,217,74,359.34080248512316,45.09280005004257,3757.4663999839686,79.20079305394134
1790845834,100,GET,GET /inventory/{product_id},13.500000,3.800000,2400,2800,3000,3400,3500,3600,3700,3700,3700,3700,3700,5859,221,1300,1472.1762318145265,479.81559997424483,3757.4663999839686,76.0
1790845834,100,POST,POST /events,47.300000,0.000000,74,78,81,84,90,100,1100,1300,1400,1400,1400,23462,0,71,82.26968391861641,45.09280005004257,2002.0611999789253,80.0
1790845834,100,,Aggregated,60.800000,3.800000,77,85,99,1300,2400,2900,3500,3600,3700,3700,3700,29321,221,74,360.0044973329652,45.09280005004257,3757.4663999839686,79.20070938917499
1790845835,100,GET,GET /inventory/{product_id},13.900000,4.000000,2400,2700,2900,3000,3500,3500,3600,3600,3700,3700,3700,5875,223,1300,1474.9373852598194,479.81559997424483,3757.4663999839686,76.0
1790845835,100,POST,POST /events,48.100000,0.000000,73,78,80,83,89,100,1100,1300,1400,1400,1400,23521,0,71,82.38379400104796,45.09280005004257,2002.0611999789253,80.0
1790845835,100,,Aggregated,62.000000,4.000000,77,84,97,1400,2400,2900,3500,3500,3700,3700,3700,29396,223,74,360.6955489556428,45.09280005004257,3757.4663999839686,79.20057150632739
1790845836,100,GET,GET /inventory/{product_id},13.200000,3.000000,2400,2700,2900,3000,3500,3500,3600,3600,3700,3700,3700,5889,224,1300,1476.4890025134198,479.81559997424483,3757.4663999839686,76.0
1790845836,100,POST,POST /events,49.800000,0.000000,73,77,80,83,89,99,1200,1300,1400,1400,1400,23573,0,71,82.46146455259857,45.09280005004257,2002.0611999789253,80.0
1790845836,100,,Aggregated,63.000000,3.000000,77,84,99,1500,2400,2900,3500,3500,3700,3700,3700,29462,224,74,361.106097335548,45.09280005004257,3757.4663999839686,79.20046161156745
1790845837,100,GET,GET /inventory/{product_id},12.600000,2.700000,2400,2700,2900,3000,3500,3500,3600,3600,3700,3700,3700,5896,224,1300,1476.951745319111,479.81559997424483,3757.4663999839686,76.0
1790845837,100,POST,POST /events,50.300000,0.000000,74,77,80,83,90,100,1200,1300,1400,1400,1400,23630,0,71,82.50431277183894,45.09280005004257,2002.0611999789253,80.0
1790845837,100,,Aggregated,62.900000,2.700000,77,84,99,1300,2400,2900,3500,3500,3700,3700,3700,29526,224,74,360.9593037052095,45.09280005004257,3757.4663999839686,79.2012463591411
1790845838,100,GET,GET /inventory/{product_id},12.800000,2.200000,2500,2700,2900,3000,3500,3500,3600,3600,3700,3700,3700,5903,224,1300,1477.8935074371232,479.81559997424483,3757.4663999839686,76.0
1790845838,100,POST,POST /events,50.300000,0.000000,73,77,80,82,89,100,1200,1300,1400,1400,1400,23680,0,71,82.48513589943852,45.09280005004257,2002.0611999789253,80.0
1790845838,100,,Aggregated,63.100000,2.200000,76,83,97,1300,2400,2900,3500,3500,3700,3700,3700,29583,224,74,360.9253082006566,45.09280005004257,3757.4663999839686,79.20183889395936
1790845839,100,GET,GET /inventory/{product_id},12.800000,2.200000,2500,2800,2900,3000,3500,3500,3600,3600,3700,3700,3700,5920,226,1300,1481.248463226576,479.81559997424483,3757.4663999839686,76.0
1790845839,100,POST,POST /events,49.600000,0.000000,74,78,80,82,90,100,1200,1300,1400,1400,1400,23721,0,71,82.4811912397745,45.09280005004257,2002.0611999789253,80.0
1790845839,100,,Aggregated,62.400000,2.200000,77,85,100,1600,2500,2900,3500,3500,3700,3700,3700,29641,226,74,361.84768529064473,45.09280005004257,3757.4663999839686,79.20110657535172
1790845840,100,GET,GET /inventory/{product_id},12.200000,2.100000,2500,2800,2900,3000,3500,3600,3600,3600,3700,3700,3700,5936,230,1300,1484.7260374496855,479.81559997424483,3757.4663999839686,76.0
1790845840,100,POST,POST /events,49.900000,0.000000,74,78,80,83,91,100,1200,1300,1400,1400,1400,23773,0,71,82.5946755520352,45.09280005004257,2002.0611999789253,80.0
1790845840,100,,Aggregated,62.100000,2.100000,77,85,100,1700,2600,2900,3500,3600,3700,3700,3700,29709,230,74,362.7472139822899,45.09280005004257,3757.4663999839686,79.20078090814232
1790845841,100,GET,GET /inventory/{product_id},12.300000,2.100000,2400,2700,2800,2900,3500,3500,3600,3600,3700,3700,3700,5947,231,1300,1486.2385638811759,479.81559997424483,3757.4663999839686,76.0
1790845841,100,POST,POST /events,49.700000,0.000000,73,78,80,81,91,110,1100,1200,1400,1400,1400,23829,0,71,82.65614017367116,45.09280005004257,2002.0611999789253,80.0
1790845841,100,,Aggregated,62.000000,2.100000,77,83,99,1300,2400,2800,3500,3500,3700,3700,3700,29776,231,74,362.9860929473318,45.09280005004257,3757.4663999839686,79.20110155830199
1790845842,100,GET,GET /inventory/{product_id},12.800000,2.300000,2400,2500,2700,2800,3500,3500,3600,3700,3700,3700,3700,5962,232,1300,1488.282244347754,479.81559997424483,3757.4663999839686,76.0
1790845842,100,POST,POST /events,49.700000,0.000000,73,77,80,81,89,100,1100,1300,1400,1400,1400,23883,0,71,82.71864929441597,44.519900053273886,2002.0611999789253,80.0
1790845842,100,,Aggregated,62.500000,2.300000,76,83,97,1300,2300,2700,3500,3500,3700,3700,3700,29845,232,74,363.50170018092916,44.519900053273886,3757.4663999839686,79.20093818059976
1790845843,100,GET,GET /inventory/{product_id},13.500000,2.300000,2400,2500,2700,2800,3500,3600,3600,3700,3700,3700,3700,5970,233,1300,1489.5106037858113,479.81559997424483,3757.4663999839686,76.0
1790845843,100,POST,POST /events,50.500000,0.000000,73,77,80,82,90,100,1100,1200,1300,1300,1300,23930,0,71,82.70218736307768,44.519900053273886,2002.0611999789253,80.0
1790845843,100,,Aggregated,64.000000,2.300000,76,83,96,1200,2300,2700,3500,3500,3700,3700,3700,29900,233,74,363.5933661605263,44.519900053273886,3757.4663999839686,79.20133779264214
1790845844,100,GET,GET /inventory/{product_id},12.700000,1.800000,2300,2500,2600,2800,3000,3500,3600,3600,3700,3700,3700,5978,233,1300,1490.9401448145397,479.81559997424483,3757.4663999839686,76.0
1790845844,100,POST,POST /events,52.300000,0.000000,73,77,80,82,91,110,1100,1200,1300,1300,1300,23973,0,71,82.80385170810882,44.519900053273886,2002.0611999789253,80.0
1790845844,100,,Aggregated,65.000000,1.800000,76,82,96,1100,2300,2600,3000,3500,3700,3700,3700,29951,233,74,363.85753139126587,44.519900053273886,3757.4663999839686,79.20162932790224
1790845845,100,GET,GET /inventory/{product_id},12.500000,1.500000,2400,2600,2700,2800,3400,3500,3600,3700,3700,3700,3700,5986,234,1300,1492.63744609109,479.81559997424483,3757.4663999839686,76.0
1790845845,100,POST,POST /events,52.700000,0.000000,73,77,80,82,90,100,1000,1200,1300,1300,1300,24014,0,71,82.78653993497596,44.519900053273886,2002.0611999789253,80.0
1790845845,100,,Aggregated,65.200000,1.500000,76,82,93,990,2300,2600,3000,3500,3700,3700,3700,30000,234,74,364.0987907433257,44.519900053273886,3757.4663999839686,79.20186666666666
1790845846,100,GET,GET /inventory/{product_id},12.000000,1.600000,2500,2800,2900,3500,3600,3600,3700,3700,3700,3700,3700,6005,249,1300,1498.639239817039,479.81559997424483,3757.4663999839686,76.0
1790845846,100,POST,POST /events,52.000000,0.000000,73,78,80,82,91,100,990,1100,1300,1300,1300,24043,0,71,82.81745600375692,44.519900053273886,2002.0611999789253,80.0
1790845846,100,,Aggregated,64.000000,1.600000,77,83,98,1700,2500,2900,3600,3600,3700,3700,3700,30048,249,74,365.76506688630315,44.519900053273886,3757.4663999839686,79.20061235356762
1790845847,100,GET,GET /inventory/{product_id},11.700000,1.200000,2600,2800,3400,3500,3600,3700,3700,3700,3700,3700,3700,6018,255,1300,1502.0071440015556,479.81559997424483,3757.4663999839686,76.0
1790845847,100,POST,POST /events,50.600000,0.000000,73,77,80,82,91,110,1100,1200,1300,1300,1300,24084,0,71,83.13288359900605,44.519900053273886,2002.0611999789253,80.0
1790845847,100,,Aggregated,62.300000,1.200000,76,85,130,1900,2600,3500,3600,3700,3700,3700,3700,30102,255,74,366.7946103647537,44.519900053273886,3757.4663999839686,79.20031891568667
1790845848,100,GET,GET /inventory/{product_id},10.800000,1.400000,2600,3000,3500,3500,3600,3700,3700,3700,3700,3700,3700,6043,266,1300,1507.4363853552,479.81559997424483,3757.4663999839686,76.0
1790845848,100,POST,POST /events,48.300000,0.000000,73,77,81,83,93,1000,1200,1300,2000,2000,2000,24126,0,71,83.50100714161437,44.519900053273886,2024.7402000240982,80.0
1790845848,100,,Aggregated,59.100000,1.400000,77,88,1200,2200,2800,3500,3600,3700,3700,3700,3700,30169,266,74,368.72231015280744,44.519900053273886,3757.4663999839686,79.19878020484603
1790845849,100,GET,GET /inventory/{product_id},11.700000,2.600000,2600,3000,3500,3500,3600,3700,3700,3700,3700,3700,3700,6056,268,1300,1508.9982452611578,479.81559997424483,3757.4663999839686,76.0
1790845849,100,POST,POST /events,45.800000,0.000000,73,77,81,84,98,1000,1200,1300,2000,2000,2000,24180,0,71,83.80674552517624,44.519900053273886,2024.7402000240982,80.0
1790845849,100,,Aggregated,57.500000,2.600000,77,88,1200,2000,2800,3500,3600,3700,3700,3700,3700,30236,268,74,369.2598386063078,44.519900053273886,3757.4663999839686,79.19883582484455
1790845850,100,GET,GET /inventory/{product_id},12.600000,3.500000,2600,3000,3500,3500,3600,3700,3700,3700,3700,3700,3700,6062,268,1300,1509.3969564337824,479.81559997424483,3757.4663999839686,76.0
1790845850,100,POST,POST /events,44.600000,0.000000,74,78,81,84,100,1100,1300,1300,2000,2000,2000,24239,0,71,84.04299828369774,44.519900053273886,2024.7402000240982,80.0
1790845850,100,,Aggregated,57.200000,3.500000,77,87,1100,1700,2600,3500,3600,3700,3700,3700,3700,30301,268,74,369.1984616118321,44.519900053273886,3757.4663999839686,79.19976238407973
1790845851,100,GET,GET /inventory/{product_id},13.600000,4.300000,2600,3000,3500,3500,3600,3700,3700,3700,3700,3700,3700,6072,269,1300,1510.4702930832548,479.81559997424483,3757.4663999839686,76.0
1790845851,100,POST,POST /events,44.700000,0.000000,74,78,82,84,97,1100,1300,1300,2000,2000,2000,24286,0,72,84.03078316308081,44.519900053273886,2024.7402000240982,80.0
1790845851,100,,Aggregated,58.300000,4.300000,78,87,1100,1700,2700,3500,3600,3700,3700,3700,3700,30358,269,74,369.3374800546838,44.519900053273886,3757.4663999839686,79.19994729560577
1790845852,100,GET,GET /inventory/{product_id},13.400000,4.100000,2600,3000,3500,3500,3600,3700,3700,3700,3700,3700,3700,6085,273,1300,1512.9038820051426,479.81559997424483,3757.4663999839686,76.0
1790845852,100,POST,POST /events,45.300000,0.000000,74,78,82,84,97,1100,1300,1300,2000,2000,2000,24337,0,72,84.04797155355338,44.519900053273886,2024.7402000240982,80.0
1790845852,100,,Aggregated,58.700000,4.100000,78,87,1100,1900,2700,3500,3600,3700,3700,3700,3700,30422,273,75,369.8473343534321,44.519900053273886,3757.4663999839686,79.19992110972322
1790845853,100,GET,GET /inventory/{product_id},12.300000,3.800000,2700,3400,3500,3500,3600,3700,3700,3700,3700,3700,3700,6097,276,1300,1515.4499288340508,479.81559997424483,3757.4663999839686,76.0
1790845853,100,POST,POST /events,45.900000,0.000000,75,78,82,84,98,1100,1300,1300,2000,2000,2000,24389,0,72,84.12643030460231,44.519900053273886,2024.7402000240982,80.0
1790845853,100,,Aggregated,58.200000,3.800000,78,87,1200,1900,2800,3500,3600,3700,3700,3700,3700,30486,276,75,370.3817399724511,44.519900053273886,3757.4663999839686,79.2000262415535
1790845854,100,GET,GET /inventory/{product_id},12.400000,3.900000,2600,3000,3500,3500,3500,3600,3700,3700,3700,3700,3700,6114,278,1300,1518.312799182385,479.81559997424483,3757.4663999839686,76.0
1790845854,100,POST,POST /events,44.800000,0.000000,75,79,83,86,100,1100,1300,1300,2000,2000,2000,24438,0,72,84.29749194692435,44.519900053273886,2024.7402000240982,80.0
1790845854,100,,Aggregated,57.200000,3.900000,79,89,1200,2000,2800,3500,3600,3700,3700,3700,3700,30552,278,75,371.26952613249654,44.519900053273886,3757.4663999839686,79.19952867242733
1790845855,100,GET,GET /inventory/{product_id},12.200000,4.100000,2500,3000,3500,3500,3500,3600,3700,3700,3700,3700,3700,6127,278,1300,1519.4317093358898,479.81559997424483,3757.4663999839686,76.0
1790845855,100,POST,POST /events,44.800000,0.000000,76,82,86,88,110,1200,1300,1300,2000,2000,2000,24494,0,72,84.45380676487828,44.519900053273886,2024.7402000240982,80.0
1790845855,100,,Aggregated,57.000000,4.100000,81,92,1200,1800,2600,3500,3500,3600,3700,3700,3700,30621,278,75,371.5806023970453,44.519900053273886,3757.4663999839686,79.19963423794128
1790845856,100,GET,GET /inventory/{product_id},13.200000,4.500000,2300,2600,2900,3400,3500,3500,3700,3700,3700,3700,3700,6140,278,1300,1520.3997612705386,479.81559997424483,3757.4663999839686,76.0
1790845856,100,POST,POST /events,45.100000,0.000000,78,83,87,90,110,1100,1300,1300,2000,2000,2000,24550,0,72,84.46368093681313,44.519900053273886,2024.7402000240982,80.0
1790845856,100,,Aggregated,58.300000,4.500000,82,94,1100,1600,2400,3000,3500,3500,3700,3700,3700,30690,278,75,371.744473809054,44.519900053273886,3757.4663999839686,79.19973932877159
1790845857,100,GET,GET /inventory/{product_id},13.600000,4.400000,2300,2500,2600,2900,3500,3500,3500,3700,3700,3700,3700,6149,278,1300,1521.5297141163016,479.81559997424483,3757.4663999839686,76.0
1790845857,100,POST,POST /events,46.500000,0.000000,79,85,89,93,100,1000,1200,1300,2000,2000,2000,24600,0,72,84.47796415848747,44.519900053273886,2024.7402000240982,80.0
1790845857,100,,Aggregated,60.100000,4.400000,83,94,140,1300,2300,2600,3500,3500,3700,3700,3700,30749,278,75,371.85092622198863,44.519900053273886,3757.4663999839686,79.20010406842499
1790845858,100,GET,GET /inventory/{product_id},14.200000,4.100000,2200,2400,2600,2700,3500,3500,3500,3500,3700,3700,3700,6157,279,1300,1522.7564556279156,479.81559997424483,3757.4663999839686,76.0
1790845858,100,POST,POST /events,48.700000,0.000000,80,87,92,95,110,150,1200,1300,1300,1300,1300,24646,0,72,84.50204110196823,44.519900053273886,2024.7402000240982,80.0
1790845858,100,,Aggregated,62.900000,4.100000,85,95,110,1200,2200,2600,3000,3500,3700,3700,3700,30803,279,75,371.984832720845,44.519900053273886,3757.4663999839686,79.20046748693309
1790845859,100,GET,GET /inventory/{product_id},13.300000,2.800000,2300,2500,2600,2800,3500,3500,3600,3700,3700,3700,3700,6169,281,1300,1525.0022160319397,479.81559997424483,3757.4663999839686,76.0
1790845859,100,POST,POST /events,51.100000,0.000000,82,89,95,99,110,130,1200,1200,1300,1300,1300,24692,0,72,84.53744297339652,44.519900053273886,2024.7402000240982,80.0
1790845859,100,,Aggregated,64.400000,2.800000,87,100,120,1200,2200,2600,3500,3500,3700,3700,3700,30861,281,75,372.4810347234422,44.519900053273886,3757.4663999839686,79.20041476296944
1790845860,100,GET,GET /inventory/{product_id},12.600000,1.900000,2400,2600,2900,3000,3500,3600,3700,3700,3700,3700,3700,6187,290,1300,1529.4829127042312,479.81559997424483,3757.4663999839686,76.0
1790845860,100,POST,POST /events,51.600000,0.000000,85,93,99,100,120,130,1100,1200,1400,1400,1400,24732,0,72,84.70827401744229,44.519900053273886,2024.7402000240982,80.0
1790845860,100,,Aggregated,64.200000,1.900000,91,110,130,1600,2400,2900,3500,3600,3700,3700,3700,30919,290,75,373.8127304861241,44.519900053273886,3757.4663999839686,79.19958601507165
1790845861,100,GET,GET /inventory/{product_id},11.400000,1.200000,2400,2600,2900,3000,3500,3600,3700,3700,3700,3700,3700,6203,293,1300,1532.0943317912304,479.81559997424483,3757.4663999839686,76.0
1790845861,100,POST,POST /events,51.700000,0.000000,86,94,100,110,120,160,1200,1200,1400,1400,1400,24776,0,72,85.0286577494089,44.519900053273886,2024.7402000240982,80.0
1790845861,100,,Aggregated,63.100000,1.200000,92,110,160,1700,2400,2900,3500,3600,3700,3700,3700,30979,293,75,374.7781130604723,44.519900053273886,3757.4663999839686,79.19907033797088
1790845862,100,GET,GET /inventory/{product_id},11.500000,1.500000,2400,2600,2900,3000,3500,3600,3700,3700,3700,3700,3700,6208,294,1300,1533.0213341657468,479.81559997424483,3757.4663999839686,76.0
1790845862,100,POST,POST /events,50.200000,0.000000,87,95,100,110,120,400,1200,1300,1400,1400,1400,24826,0,72,85.1637074236261,44.519900053273886,2024.7402000240982,80.0
1790845862,100,,Aggregated,61.700000,1.500000,93,110,150,1600,2400,2900,3500,3600,3700,3700,3700,31034,294,75,374.7912174711579,44.519900053273886,3757.4663999839686,79.19984533092737
1790845863,100,GET,GET /inventory/{product_id},12.700000,2.300000,2400,2600,2900,3000,3500,3600,3700,3700,3700,3700,3700,6222,296,1300,1535.5799360978733,479.81559997424483,3757.4663999839686,76.0
1790845863,100,POST,POST /events,48.800000,0.000000,88,95,100,110,120,150,1200,1200,1400,1400,1400,24876,0,72,85.18060426511524,44.519900053273886,2024.7402000240982,80.0
1790845863,100,,Aggregated,61.500000,2.300000,94,110,140,1400,2400,2900,3500,3600,3700,3700,3700,31098,296,75,375.37240575278116,44.519900053273886,3757.4663999839686,79.19969129847578
1790845864,100,GET,GET /inventory/{product_id},12.900000,2.300000,2500,2700,3000,3000,3500,3600,3700,3700,3700,3700,3700,6240,300,1300,1539.1926741828686,479.81559997424483,3757.4663999839686,76.0
1790845864,100,POST,POST /events,49.100000,0.000000,88,95,100,110,120,140,1200,1300,1400,1400,1400,24931,0,72,85.22108517503779,44.519900053273886,2024.7402000240982,80.0
1790845864,100,,Aggregated,62.000000,2.300000,94,110,140,1600,2500,3000,3500,3600,3700,3700,3700,31171,300,75,376.2859440313106,44.519900053273886,3757.4663999839686,79.19925571845626
1790845865,100,GET,GET /inventory/{product_id},12.500000,2.100000,2500,2800,3000,3100,3500,3600,3700,3700,3700,3700,3700,6256,301,1300,1541.0340372763926,479.81559997424483,3757.4663999839686,76.0
1790845865,100,POST,POST /events,48.800000,0.000000,88,95,100,110,120,140,1200,1300,1400,1400,1400,24993,0,72,85.43950871838138,44.519900053273886,2024.7402000240982,80.0
1790845865,100,,Aggregated,61.300000,2.100000,94,110,130,1600,2500,3000,3500,3600,3700,3700,3700,31249,301,75,376.8472136260245,44.519900053273886,3757.4663999839686,79.19920637460399
1790845866,100,GET,GET /inventory/{product_id},11.800000,1.800000,2500,2700,3000,3000,3500,3600,3700,3700,3700,3700,3700,6268,301,1300,1541.3637755745076,479.81559997424483,3757.4663999839686,76.0
1790845866,100,POST,POST /events,48.900000,0.000000,86,95,100,110,120,140,1200,1300,1400,1400,1400,25052,0,72,85.42832482030592,44.519900053273886,2024.7402000240982,80.0
1790845866,100,,Aggregated,60.700000,1.800000,93,110,140,1400,2500,3000,3500,3600,3700,3700,3700,31320,301,75,376.80135819601963,44.519900053273886,3757.4663999839686,79.19948914431673
1790845867,100,GET,GET /inventory/{product_id},12.400000,2.200000,2400,2700,3000,3000,3500,3600,3700,3700,3700,3700,3700,6278,301,1300,1541.7447793407223,479.81559997424483,3757.4663999839686,76.0
1790845867,100,POST,POST /events,48.600000,0.000000,86,93,99,100,120,140,1200,1300,1400,1400,1400,25117,0,72,85.47391632752105,44.519900053273886,2024.7402000240982,80.0
1790845867,100,,Aggregated,61.000000,2.200000,91,110,130,1400,2400,3000,3500,3600,3700,3700,3700,31395,301,75,376.6817034909829,44.519900053273886,3757.4663999839686,79.20012740882306
1790845868,100,GET,GET /inventory/{product_id},12.500000,2.300000,2300,2600,2900,3000,3500,3600,3700,3700,3700,3700,3700,6293,301,1300,1542.0210346895103,479.81559997424483,3757.4663999839686,76.0
1790845868,100,POST,POST /events,48.600000,0.000000,85,91,95,99,120,140,1200,1300,1400,1400,1400,25177,0,72,85.47212038360237,44.519900053273886,2024.7402000240982,80.0
1790845868,100,,Aggregated,61.100000,2.300000,89,100,130,1400,2300,2900,3500,3600,3700,3700,3700,31470,301,75,376.7356195169701,44.519900053273886,3757.4663999839686,79.20012710517953
1790845869,100,GET,GET /inventory/{product_id},12.800000,2.300000,2300,2600,2900,3000,3500,3500,3700,3700,3700,3700,3700,6298,302,1300,1542.5050224517222,479.81559997424483,3757.4663999839686,76.0
1790845869,100,POST,POST /events,49.700000,0.000000,84,88,93,95,110,130,1200,1300,1400,1400,1400,25235,0,72,85.45427837517998,44.519900053273886,2024.7402000240982,80.0
1790845869,100,,Aggregated,62.500000,2.300000,87,96,110,1200,2200,2800,3500,3500,3700,3700,3700,31533,302,75,376.4670455141791,44.519900053273886,3757.4663999839686,79.20109092062285
1790845870,100,GET,GET /inventory/{product_id},13.000000,2.300000,2100,2400,2600,2800,3200,3500,3500,3700,3700,3700,3700,6311,302,1300,1543.4395931232777,479.81559997424483,3757.4663999839686,76.0
1790845870,100,POST,POST /events,51.600000,0.000000,83,87,91,93,100,110,1200,1300,1400,1400,1400,25288,0,72,85.44312550606557,44.519900053273886,2024.7402000240982,80.0
1790845870,100,,Aggregated,64.600000,2.300000,86,93,100,1100,2000,2500,3000,3500,3700,3700,3700,31599,302,75,376.63638184747595,44.519900053273886,3757.4663999839686,79.2011139593025
1790845871,100,GET,GET /inventory/{product_id},13.500000,2.200000,2000,2300,2500,2700,3000,3500,3500,3500,3700,3700,3700,6326,302,1300,1545.060946332734,479.81559997424483,3757.4663999839686,76.0
1790845871,100,POST,POST /events,52.300000,0.000000,83,87,91,93,99,110,130,1100,1300,1300,1300,25342,0,72,85.44182583448232,44.519900053273886,2024.7402000240982,80.0
1790845871,100,,Aggregated,65.800000,2.200000,86,93,100,120,2000,2500,3000,3500,3700,3700,3700,31668,302,75,377.0153560944274,44.519900053273886,3757.4663999839686,79.20095995958064
1790845872,100,GET,GET /inventory/{product_id},12.700000,1.900000,2000,2300,2500,2600,3000,3500,3500,3500,3700,3700,3700,6338,303,1300,1546.1859571317254,479.81559997424483,3757.4663999839686,76.0
1790845872,100,POST,POST /events,54.600000,0.000000,83,88,92,94,100,110,140,1100,1300,1300,1300,25405,0,72,85.46099766965257,44.519900053273886,2024.7402000240982,80.0
1790845872,100,,Aggregated,67.300000,1.900000,86,94,100,140,2000,2500,3000,3500,3700,3700,3700,31743,303,75,377.11820691486014,44.519900053273886,3757.4663999839686,79.20133572756198
1790845873,100,GET,GET /inventory/{product_id},12.100000,1.100000,2000,2200,2400,2500,2900,3400,3500,3500,3700,3700,3700,6348,303,1300,1547.0285948489163,479.81559997424483,3757.4663999839686,76.0
1790845873,100,POST,POST /events,55.700000,0.000000,83,88,93,95,100,110,140,1200,1300,1300,1300,25461,0,72,85.51313364351431,44.519900053273886,2024.7402000240982,80.0
1790845873,100,,Aggregated,67.800000,1.100000,86,95,110,130,1900,2300,2900,3000,3700,3700,3700,31809,303,75,377.1821627777815,44.519900053273886,3757.4663999839686,79.20173535791757
1790845874,100,GET,GET /inventory/{product_id},12.300000,0.900000,1900,2000,2200,2300,2700,2900,3500,3500,3500,3500,3500,6357,303,1300,1547.9875001574599,479.81559997424483,3757.4663999839686,76.0
1790845874,100,POST,POST /events,55.800000,0.000000,84,88,93,95,100,110,140,1000,1300,1300,1300,25511,0,72,85.51523819911482,44.519900053273886,2024.7402000240982,80.0
1790845874,100,,Aggregated,68.100000,0.900000,86,94,100,110,1900,2100,2600,2900,3500,3500,3500,31868,303,75,377.2478906802628,44.519900053273886,3757.4663999839686,79.20208359482866
1790845875,100,GET,GET /inventory/{product_id},13.000000,0.900000,2000,2100,2100,2300,2600,2900,3000,3500,3500,3500,3500,6368,303,1300,1549.2663764919798,479.81559997424483,3757.4663999839686,76.0
1790845875,100,POST,POST /events,57.200000,0.000000,84,89,93,95,100,110,120,140,1300,1300,1300,25563,0,72,85.52035081163923,44.519900053273886,2024.7402000240982,80.0
1790845875,100,,Aggregated,70.200000,0.900000,86,94,100,110,1900,2100,2600,2900,3500,3500,3500,31931,303,75,377.4352514264788,44.519900053273886,3757.4663999839686,79.20227991606902
1790845876,100,GET,GET /inventory/{product_id},12.700000,0.700000,2000,2100,2300,2400,2800,3000,3500,3500,3500,3500,3500,6375,304,1300,1550.6127243609326,479.81559997424483,3757.4663999839686,76.0
1790845876,100,POST,POST /events,58.300000,0.000000,85,90,94,96,100,110,120,140,1300,1300,1300,25620,0,72,85.53288023802133,44.519900053273886,2024.7402000240982,80.0
1790845876,100,,Aggregated,71.000000,0.700000,88,96,100,110,1900,2100,2700,2900,3500,3500,3500,31995,304,75,377.44986746363793,44.519900053273886,3757.4663999839686,79.20300046882325
1790845877,100,GET,GET /inventory/{product_id},11.500000,0.300000,2100,2400,2600,2700,3000,3500,3500,3500,3500,3500,3500,6397,307,1300,1554.6185739097823,479.81559997424483,3757.4663999839686,76.0
1790845877,100,POST,POST /events,58.300000,0.000000,86,92,96,98,110,110,120,140,1300,1300,1300,25668,0,72,85.59489002642033,44.519900053273886,2024.7402000240982,80.0
1790845877,100,,Aggregated,69.800000,0.300000,90,98,110,120,2000,2500,3000,3100,3500,3500,3500,32065,307,75,378.66660391389604,44.519900053273886,3757.4663999839686,79.20199594573522
1790845878,100,GET,GET /inventory/{product_id},11.100000,0.200000,2100,2500,2700,2800,3000,3500,3500,3500,3500,3500,3500,6410,308,1300,1555.8431546959357,479.81559997424483,3757.4663999839686,76.0
1790845878,100,POST,POST /events,57.200000,0.000000,86,93,97,99,110,120,140,150,1300,1300,1300,25724,0,72,85.716669681931,44.519900053273886,2024.7402000240982,80.0
1790845878,100,,Aggregated,68.300000,0.200000,91,99,110,120,2100,2600,3000,3500,3500,3500,3500,32134,308,75,378.97336878381105,44.519900053273886,3757.4663999839686,79.20209124292028
1790845879,100,GET,GET /inventory/{product_id},10.700000,0.300000,2100,2500,2700,2800,3000,3500,3500,3500,3500,3500,3500,6414,308,1300,1556.0602653571818,479.81559997424483,3757.4663999839686,76.0
1790845879,100,POST,POST /events,56.400000,0.000000,86,93,97,99,110,120,140,1000,1300,1300,1300,25779,0,72,85.73733351945789,44.519900053273886,2024.7402000240982,80.0
1790845879,100,,Aggregated,67.100000,0.300000,91,100,110,120,2100,2600,3000,3100,3500,3500,3500,32193,308,75,378.6783854502256,44.519900053273886,3757.4663999839686,79.20305656509179
1790845880,100,GET,GET /inventory/{product_id},11.800000,0.600000,2200,2500,2700,2900,3000,3500,3500,3500,3500,3500,3500,6423,309,1300,1557.3109769112516,479.81559997424483,3757.4663999839686,76.0
1790845880,100,POST,POST /events,54.900000,0.000000,85,93,97,100,110,120,140,1000,1300,1300,1300,25828,0,72,85.71235085945808,44.519900053273886,2024.7402000240982,80.0
1790845880,100,,Aggregated,66.700000,0.600000,90,99,110,120,2100,2600,3000,3500,3500,3500,3500,32251,309,75,378.7909523022264,44.519900053273886,3757.4663999839686,79.203373538805
1790845881,100,GET,GET /inventory/{product_id},11.600000,0.700000,2400,2600,2800,2900,3100,3500,3500,3700,3700,3700,3700,6441,312,1300,1560.5280081510446,479.81559997424483,3757.4663999839686,76.0
1790845881,100,POST,POST /events,54.600000,0.000000,83,92,97,99,110,120,140,1000,1300,1300,1300,25874,0,72,85.73389433400888,44.519900053273886,2024.7402000240982,80.0
1790845881,100,,Aggregated,66.200000,0.700000,89,100,110,130,2300,2700,3100,3500,3700,3700,3700,32315,312,75,379.68867963791035,44.519900053273886,3757.4663999839686,79.20272319356336
1790845882,100,GET,GET /inventory/{product_id},11.600000,0.600000,2400,2600,2800,2900,3500,3500,3500,3700,3700,3700,3700,6455,315,1300,1562.659344306889,479.81559997424483,3757.4663999839686,76.0
1790845882,100,POST,POST /events,54.000000,0.000000,82,89,95,98,110,120,140,1200,1300,1300,1300,25929,0,72,85.8253113848601,44.519900053273886,2024.7402000240982,80.0
1790845882,100,,Aggregated,65.600000,0.600000,86,98,110,120,2300,2700,3100,3500,3700,3700,3700,32384,315,75,380.19795474305397,44.519900053273886,3757.4663999839686,79.20269268774703
1790845883,100,GET,GET /inventory/{product_id},11.400000,0.700000,2400,2600,2900,2900,3500,3500,3700,3700,3700,3700,3700,6467,317,1300,1564.4650823103505,479.81559997424483,3757.4663999839686,76.0
1790845883,100,POST,POST /events,53.600000,0.000000,81,88,93,96,100,120,1000,1300,3500,3500,3500,25979,1,72,86.02727652326224,44.519900053273886,3461.8969000293873,79.99984602948535
1790845883,100,,Aggregated,65.000000,0.700000,85,97,110,1100,2400,2800,3500,3500,3700,3700,3700,32446,318,75,380.70327017502655,44.519900053273886,3757.4663999839686,79.20261357332183
1790845884,100,GET,GET /inventory/{product_id},11.600000,1.100000,2400,2600,2900,2900,3500,3500,3700,3700,3700,3700,3700,6476,317,1300,1565.4992218346142,479.81559997424483,3757.4663999839686,76.0
1790845884,100,POST,POST /events,53.200000,0.000000,78,86,92,96,110,120,1100,1300,3500,3500,3500,26031,1,72,86.1665982251072,44.519900053273886,3461.8969000293873,79.99984633705967
1790845884,100,,Aggregated,64.800000,1.100000,83,97,110,1200,2400,2800,3500,3500,3700,3700,3700,32507,318,75,380.87721656870133,44.519900053273886,3757.4663999839686,79.20300243024579
1790845886,100,GET,GET /inventory/{product_id},11.900000,1.400000,2500,2600,2800,2900,3500,3500,3700,3700,3700,3700,3700,6486,319,1300,1567.1879656338233,479.81559997424483,3757.4663999839686,76.0
1790845886,100,POST,POST /events,51.400000,0.100000,74,81,86,90,100,120,1200,1300,3500,3500,3500,26076,1,72,86.14166110591033,44.519900053273886,3461.8969000293873,79.9998466022396
1790845886,100,,Aggregated,63.300000,1.500000,79,93,110,1300,2500,2800,3500,3500,3700,3700,3700,32562,320,75,381.1501474141252,44.519900053273886,3757.4663999839686,79.20312020146183
1790845887,100,GET,GET /inventory/{product_id},11.900000,1.400000,2500,2600,2900,3000,3500,3500,3700,3700,3700,3700,3700,6497,325,1300,1569.807053948129,479.81559997424483,3757.4663999839686,76.0
1790845887,100,POST,POST /events,51.200000,0.100000,72,78,82,84,95,120,1200,1300,3500,3500,3500,26115,1,72,86.16420887220738,44.519900053273886,3461.8969000293873,79.999846831323
1790845887,100,,Aggregated,63.100000,1.500000,76,84,100,1100,2400,2800,3500,3500,3700,3700,3700,32612,326,75,381.73723611550145,44.519900053273886,3757.4663999839686,79.20299276339998
1790845888,100,GET,GET /inventory/{product_id},11.900000,1.400000,2500,2800,2900,3500,3500,3700,3700,3700,3700,3700,3700,6507,331,1300,1572.2424080837573,479.81559997424483,3757.4663999839686,76.0
1790845888,100,POST,POST /events,51.200000,0.100000,71,76,80,82,89,100,1300,1300,3500,3500,3500,26159,1,72,86.31076484566906,44.519900053273886,3461.8969000293873,79.999847088956
1790845888,100,,Aggregated,63.100000,1.500000,74,82,90,1300,2500,2900,3500,3600,3700,3700,3700,32666,332,75,382.30529134264714,44.519900053273886,3757.4663999839686,79.20308577726077
1790845889,100,GET,GET /inventory/{product_id},12.100000,2.100000,2600,2900,3500,3500,3500,3600,3700,3700,3700,3700,3700,6531,341,1300,1577.608622799109,479.81559997424483,3757.4663999839686,76.0
1790845889,100,POST,POST /events,49.200000,0.100000,71,76,80,82,90,1000,1300,1300,3500,3500,3500,26201,1,72,86.59231565962818,44.519900053273886,3461.8969000293873,79.99984733407122
1790845889,100,,Aggregated,61.300000,2.200000,76,84,1100,2100,2700,3500,3500,3600,3700,3700,3700,32732,342,75,384.09407240923093,44.519900053273886,3757.4663999839686,79.2017597458145
1790845890,100,GET,GET /inventory/{product_id},10.900000,2.400000,2600,3000,3500,3500,3500,3600,3700,3700,3700,3700,3700,6541,343,1300,1578.8341350406765,479.81559997424483,3757.4663999839686,76.0
1790845890,100,POST,POST /events,48.800000,0.100000,72,77,81,83,92,1100,1300,1300,3500,3500,3500,26256,1,72,86.86162651576612,44.519900053273886,3461.8969000293873,79.9998476538696
1790845890,100,,Aggregated,59.700000,2.500000,76,85,1200,2000,2700,3500,3500,3600,3700,3700,3700,32797,344,75,384.41909147480175,44.519900053273886,3757.4663999839686,79.20212214531817
1790845891,100,GET,GET /inventory/{product_id},10.900000,2.400000,2600,2900,3500,3500,3500,3600,3700,3700,3700,3700,3700,6551,344,1300,1579.7134714701633,479.81559997424483,3757.4663999839686,76.0
1790845891,100,POST,POST /events,48.800000,0.100000,72,77,81,83,93,1100,1300,1300,3500,3500,3500,26311,1,72,86.99445555843002,44.519900053273886,3461.8969000293873,79.99984797233097
1790845891,100,,Aggregated,59.700000,2.500000,76,84,1000,1400,2600,3500,3500,3600,3700,3700,3700,32862,345,75,384.56618805303833,44.519900053273886,3757.4663999839686,79.20248311119227
1790845892,100,GET,GET /inventory/{product_id},12.500000,3.500000,2600,2900,3500,3500,3500,3600,3700,3700,3700,3700,3700,6562,345,1300,1581.035369856915,479.81559997424483,3757.4663999839686,76.0
1790845892,100,POST,POST /events,47.200000,0.100000,72,76,80,82,92,1100,1300,1300,3500,3500,3500,26368,1,72,86.95922658137852,44.519900053273886,3461.8969000293873,79.99984830097087
1790845892,100,,Aggregated,59.700000,3.600000,75,83,1000,1400,2600,3500,3500,3600,3700,3700,3700,32930,346,75,384.6855445945617,44.519900053273886,3757.4663999839686,79.202793805041
1790845893,100,GET,GET /inventory/{product_id},12.500000,3.500000,2600,2900,3400,3500,3500,3600,3600,3700,3700,3700,3700,6578,345,1400,1583.3039292339931,479.81559997424483,3757.4663999839686,76.0
1790845893,100,POST,POST /events,48.000000,0.100000,72,76,80,82,90,1000,1300,1300,1400,1400,1400,26423,1,72,87.01917139225178,44.519900053273886,3461.8969000293873,79.99984861673542
1790845893,100,,Aggregated,60.500000,3.600000,75,83,1000,1400,2600,3400,3500,3600,3700,3700,3700,33001,346,75,385.269561898086,44.519900053273886,3757.4663999839686,79.20256961910245
1790845894,100,GET,GET /inventory/{product_id},11.700000,3.200000,2600,2900,3400,3500,3500,3600,3600,3700,3700,3700,3700,6585,345,1400,1584.1905384815836,479.81559997424483,3757.4663999839686,76.0
1790845894,100,POST,POST /events,49.100000,0.100000,72,76,79,82,88,1000,1300,1300,1400,1400,1400,26478,1,72,86.98870234902546,44.519900053273886,3461.8969000293873,79.99984893118815
1790845894,100,,Aggregated,60.800000,3.300000,75,82,94,1300,2600,3400,3500,3600,3700,3700,3700,33063,346,75,385.1792504218849,44.519900053273886,3757.4663999839686,79.20321809878112
1790845895,100,GET,GET /inventory/{product_id},12.200000,3.000000,2600,2900,3000,3500,3500,3600,3600,3700,3700,3700,3700,6592,345,1400,1585.067705476518,479.81559997424483,3757.4663999839686,76.0
1790845895,100,POST,POST /events,49.300000,0.100000,72,76,79,82,88,1000,1300,1300,1400,1400,1400,26530,1,72,86.95671229164793,44.519900053273886,3461.8969000293873,79.99984922728986
1790845895,100,,Aggregated,61.500000,3.100000,74,82,93,1300,2600,3000,3500,3600,3700,3700,3700,33122,346,75,385.11345605937703,44.519900053273886,3757.4663999839686,79.20379204154338
1790845896,100,GET,GET /inventory/{product_id},11.600000,2.800000,2700,2900,3000,3400,3500,3600,3600,3600,3700,3700,3700,6605,348,1400,1587.6696471765883,479.81559997424483,3757.4663999839686,76.0
1790845896,100,POST,POST /events,49.500000,0.000000,72,76,79,82,88,1000,1300,1300,1400,1400,1400,26566,1,72,86.93628470591091,44.519900053273886,3461.8969000293873,79.9998494316043
1790845896,100,,Aggregated,61.100000,2.800000,74,82,93,1300,2600,3000,3500,3600,3700,3700,3700,33171,349,75,385.76188113408267,44.519900053273886,3757.4663999839686,79.20340056073076
1790845897,100,GET,GET /inventory/{product_id},11.600000,2.800000,2700,2900,3000,3400,3500,3600,3600,3600,3700,3700,3700,6617,354,1400,1590.4301859454868,479.81559997424483,3757.4663999839686,76.0
1790845897,100,POST,POST /events,49.200000,0.000000,72,76,80,82,88,1000,1300,1300,1400,1400,1400,26609,1,72,87.0548886616263,44.519900053273886,3461.8969000293873,79.99984967492202
1790845897,100,,Aggregated,60.800000,2.800000,75,83,94,1300,2600,3000,3500,3600,3700,3700,3700,33226,355,75,386.4539840124772,44.519900053273886,3757.4663999839686,79.20327454403179
1790845898,100,GET,GET /inventory/{product_id},12.000000,2.900000,2600,2800,3000,3400,3500,3600,3700,3700,3700,3700,3700,6630,360,1400,1593.3699511766501,479.81559997424483,3757.4663999839686,76.0
1790845898,100,POST,POST /events,48.700000,0.000000,72,77,80,81,87,100,1300,1300,1400,1400,1400,26654,1,72,87.19446296605265,44.519900053273886,3461.8969000293873,79.99984992871615
1790845898,100,,Aggregated,60.700000,2.900000,75,82,89,1300,2600,2900,3500,3500,3700,3700,3700,33284,361,75,387.21680063088627,44.519900053273886,3757.4663999839686,79.20310058887154
1790845899,100,GET,GET /inventory/{product_id},12.000000,2.900000,2700,2900,3000,3500,3500,3600,3700,3700,3700,3700,3700,6650,367,1400,1597.325494421233,479.81559997424483,3757.4663999839686,76.0
1790845899,100,POST,POST /events,49.300000,0.000000,72,77,80,82,86,97,1300,1300,1300,1300,1300,26701,1,72,87.422650080409,44.519900053273886,3461.8969000293873,79.99985019287666
1790845899,100,,Aggregated,61.300000,2.900000,75,82,92,1300,2700,3000,3500,3600,3700,3700,3700,33351,368,75,388.48870251861297,44.519900053273886,3757.4663999839686,79.20230277952685
1790845900,100,GET,GET /inventory/{product_id},12.200000,2.900000,2700,2900,3000,3500,3500,3600,3700,3700,3700,3700,3700,6660,369,1400,1599.0343532884706,479.81559997424483,3757.4663999839686,76.0
1790845900,100,POST,POST /events,49.100000,0.000000,72,76,80,81,86,94,1300,1300,1300,1300,1300,26756,1,72,87.46896894891682,44.519900053273886,3461.8969000293873,79.99985050082225
1790845900,100,,Aggregated,61.300000,2.900000,75,82,89,1300,2700,3000,3500,3600,3700,3700,3700,33416,370,75,388.7325989375894,44.519900053273886,3757.4663999839686,79.20265740962414
1790845901,100,GET,GET /inventory/{product_id},11.700000,2.700000,2700,2900,3000,3400,3500,3600,3700,3700,3700,3700,3700,6671,370,1400,1599.99329013661,479.81559997424483,3757.4663999839686,76.0
1790845901,100,POST,POST /events,49.700000,0.000000,73,77,80,82,88,1000,1300,1300,1300,1300,1300,26807,1,72,87.70266482624422,44.519900053273886,3461.8969000293873,79.99985078524266
1790845901,100,,Aggregated,61.400000,2.700000,76,83,99,1700,2700,3000,3500,3600,3700,3700,3700,33478,371,75,389.04954222171295,44.519900053273886,3757.4663999839686,79.20281976223191
1790845902,100,GET,GET /inventory/{product_id},11.900000,2.600000,2700,2900,3000,3500,3500,3600,3700,3700,3700,3700,3700,6684,371,1400,1601.2943444346743,479.81559997424483,3757.4663999839686,76.0
1790845902,100,POST,POST /events,49.000000,0.000000,72,77,80,82,88,990,1300,1300,1300,1300,1300,26861,1,72,87.74950132524033,44.519900053273886,3461.8969000293873,79.99985108521649
1790845902,100,,Aggregated,60.900000,2.600000,76,83,95,1300,2600,3000,3500,3600,3700,3700,3700,33545,372,75,389.33047408849905,44.519900053273886,3757.4663999839686,79.20286182739603
1790845903,100,GET,GET /inventory/{product_id},11.900000,2.600000,2700,2900,3400,3500,3500,3600,3700,3700,3700,3700,3700,6689,372,1400,1601.8842700854113,479.81559997424483,3757.4663999839686,76.0
1790845903,100,POST,POST /events,49.200000,0.000000,73,78,80,82,88,990,1300,1300,1300,1300,1300,26908,1,72,87.7226753938395,44.519900053273886,3461.8969000293873,79.99985134532481
1790845903,100,,Aggregated,61.100000,2.600000,76,83,95,1300,2600,3400,3500,3600,3700,3700,3700,33597,373,75,389.18491627522724,44.519900053273886,3757.4663999839686,79.20350031252791
1790845904,100,GET,GET /inventory/{product_id},12.200000,2.600000,2700,2900,3400,3500,3500,3600,3700,3700,3700,3700,3700,6697,375,1400,1603.4067598926829,479.81559997424483,3757.4663999839686,76.0
1790845904,100,POST,POST /events,49.000000,0.000000,73,78,80,82,88,1000,1300,1300,1300,1300,1300,26945,1,72,87.74240600844452,44.519900053273886,3461.8969000293873,79.99985154945259
1790845904,100,,Aggregated,61.200000,2.600000,77,83,100,1300,2700,3400,3500,3600,3700,3700,3700,33642,376,75,389.4606206794748,44.519900053273886,3757.4663999839686,79.20361452945723
1790845905,100,GET,GET /inventory/{product_id},11.100000,2.700000,2700,3000,3500,3500,3500,3600,3700,3700,3700,3700,3700,6710,382,1400,1606.3743130255143,479.81559997424483,3757.4663999839686,76.0
1790845905,100,POST,POST /events,47.900000,0.000000,73,78,81,82,88,1100,1300,1300,1300,1300,1300,26979,1,72,87.83760038539769,44.519900053273886,3461.8969000293873,79.99985173653583
1790845905,100,,Aggregated,59.000000,2.700000,77,83,990,1700,2700,3500,3500,3600,3700,3700,3700,33689,383,75,390.29185375638644,44.519900053273886,3757.4663999839686,79.20318204755262
1790845906,100,GET,GET /inventory/{product_id},11.200000,2.900000,2800,3500,3500,3500,3600,3600,3700,3700,3700,3700,3700,6733,401,1400,1612.4675607754596,479.81559997424483,3757.4663999839686,76.0
1790845906,100,POST,POST /events,46.400000,0.000000,73,78,81,82,92,1100,1300,1300,1300,1300,1300,27006,1,72,88.1385531843932,44.519900053273886,3461.8969000293873,79.99985188476634
1790845906,100,,Aggregated,57.600000,2.900000,77,85,1200,2100,2900,3500,3600,3600,3700,3700,3700,33739,402,75,392.33569026939017,44.519900053273886,3757.4663999839686,79.20163608879932
1790845907,100,GET,GET /inventory/{product_id},11.600000,3.600000,2800,3500,3500,3500,3600,3600,3700,3700,3700,3700,3700,6748,408,1400,1615.2528548016005,479.81559997424483,3757.4663999839686,76.0
1790845907,100,POST,POST /events,45.200000,0.000000,74,78,82,84,990,1200,1300,1300,1300,1300,1300,27064,1,72,88.78503811327266,44.519900053273886,3461.8969000293873,79.99985220218741
1790845907,100,,Aggregated,56.800000,3.600000,78,88,1200,1900,2900,3500,3600,3600,3700,3700,3700,33812,409,75,393.42850277117213,44.519900053273886,3757.4663999839686,79.20158523601089
1790845908,100,GET,GET /inventory/{product_id},12.500000,5.100000,2700,3400,3500,3500,3600,3600,3700,3700,3700,3700,3700,6763,411,1400,1616.8941329293564,479.81559997424483,3757.4663999839686,76.0
1790845908,100,POST,POST /events,44.200000,0.000000,73,78,81,83,990,1200,1300,1300,1400,1400,1400,27126,1,72,89.0356339194034,44.519900053273886,3461.8969000293873,79.99985253999853
1790845908,100,,Aggregated,56.700000,5.100000,77,85,1200,1700,2800,3500,3600,3600,3700,3700,3700,33889,412,75,393.9400875416517,44.519900053273886,3757.4663999839686,79.20162884711853
1790845909,100,GET,GET /inventory/{product_id},12.800000,5.300000,2600,3400,3500,3500,3600,3600,3700,3700,3700,3700,3700,6772,411,1400,1616.8129494390507,479.81559997424483,3757.4663999839686,76.0
1790845909,100,POST,POST /events,44.500000,0.000000,74,78,81,83,990,1200,1300,1300,1400,1400,1400,27194,1,72,89.16148905264848,44.519900053273886,3461.8969000293873,79.99985290872986
1790845909,100,,Aggregated,57.300000,5.300000,77,85,1100,1300,2600,3500,3600,3600,3700,3700,3700,33966,412,75,393.73829202434894,44.519900053273886,3757.4663999839686,79.20237884943768
1790845910,100,GET,GET /inventory/{product_id},13.300000,5.100000,2500,3400,3500,3500,3600,3600,3700,3700,3700,3700,3700,6781,411,1400,1616.8846072852382,479.81559997424483,3757.4663999839686,76.0
1790845910,100,POST,POST /events,46.300000,0.000000,73,76,79,81,96,1200,1300,1300,1400,1400,1400,27255,1,72,89.11915328556745,44.519900053273886,3461.8969000293873,79.999853237938
1790845910,100,,Aggregated,59.600000,5.100000,75,83,1100,1300,2500,3500,3600,3600,3700,3700,3700,34036,412,75,393.4962112116407,44.519900053273886,3757.4663999839686,79.20296157010225
1790845911,100,GET,GET /inventory/{product_id},12.200000,4.400000,2500,3400,3500,3500,3600,3600,3700,3700,3700,3700,3700,6790,411,1400,1617.071423799877,479.81559997424483,3757.4663999839686,76.0
1790845911,100,POST,POST /events,48.500000,0.000000,73,77,80,82,96,1100,1300,1300,1400,1400,1400,27301,1,72,89.0929743195602,44.519900053273886,3461.8969000293873,79.99985348522033
1790845911,100,,Aggregated,60.700000,4.400000,76,83,1000,1300,2400,3500,3500,3600,3700,3700,3700,34091,412,75,393.4247238127232,44.519900053273886,3757.4663999839686,79.20319145815611
1790845912,100,GET,GET /inventory/{product_id},12.100000,4.200000,2400,3400,3500,3500,3500,3600,3700,3700,3700,3700,3700,6800,411,1400,1617.82924851487,479.81559997424483,3757.4663999839686,76.0
1790845912,100,POST,POST /events,49.800000,0.000000,73,76,79,82,96,1200,1300,1300,1400,1400,1400,27349,1,72,89.10761939734677,44.519900053273886,3461.8969000293873,79.99985374236718
1790845912,100,,Aggregated,61.900000,4.200000,75,83,1100,1300,2400,3500,3500,3600,3700,3700,3700,34149,412,75,393.5179118802665,44.519900053273886,3757.4663999839686,79.20337345163841
1790845913,100,GET,GET /inventory/{product_id},12.000000,4.100000,2500,3000,3500,3500,3600,3600,3700,3700,3700,3700,3700,6809,412,1400,1619.2405373184224,479.81559997424483,3757.4663999839686,76.0
1790845913,100,POST,POST /events,48.800000,0.000000,73,76,79,82,95,1100,1300,1300,1400,1400,1400,27398,1,72,89.07872182269489,44.519900053273886,3461.8969000293873,79.99985400394189
1790845913,100,,Aggregated,60.800000,4.100000,75,83,1000,1300,2500,3500,3600,3600,3700,3700,3700,34207,413,75,393.6617545853016,44.519900053273886,3757.4663999839686,79.20367176308943
1790845914,100,GET,GET /inventory/{product_id},11.500000,4.000000,2500,2900,3500,3500,3600,3700,3700,3700,3700,3700,3700,6823,419,1400,1622.3019514584732,479.81559997424483,3757.4663999839686,76.0
1790845914,100,POST,POST /events,48.500000,0.000000,73,76,79,82,90,1100,1300,1300,1400,1400,1400,27438,1,72,89.05381848160108,44.519900053273886,3461.8969000293873,79.99985421677965
1790845914,100,,Aggregated,60.000000,4.000000,75,83,1000,1300,2500,3500,3600,3700,3700,3700,3700,34261,420,75,394.3966867954645,44.519900053273886,3757.4663999839686,79.20329237325238
1790845915,100,GET,GET /inventory/{product_id},12.100000,4.000000,2300,2800,3400,3500,3600,3600,3700,3700,3700,3700,3700,6835,427,1400,1625.1125779957872,479.81559997424483,3757.4663999839686,76.0
1790845915,100,POST,POST /events,49.100000,0.000000,73,76,79,81,89,1000,1300,1300,1400,1400,1400,27474,1,72,89.14016873401366,44.519900053273886,3461.8969000293873,79.99985440780374
1790845915,100,,Aggregated,61.200000,4.000000,75,82,95,1200,2200,3000,3600,3600,3700,3700,3700,34309,428,75,395.13484701972,44.519900053273886,3757.4663999839686,79.2030079570958
1790845916,100,GET,GET /inventory/{product_id},12.200000,4.100000,2300,2800,3500,3500,3600,3600,3700,3700,3700,3700,3700,6849,435,1400,1628.1678565631676,479.81559997424483,3757.4663999839686,76.0
1790845916,100,POST,POST /events,49.400000,0.000000,72,76,79,81,88,1000,1300,1300,1400,1400,1400,27513,1,72,89.38919404638563,44.519900053273886,3461.8969000293873,79.99985461418238
1790845916,100,,Aggregated,61.600000,4.100000,75,81,90,1200,2200,3000,3500,3600,3700,3700,3700,34362,436,75,396.09704165646406,44.519900053273886,3757.4663999839686,79.20260753157558
1790845917,100,GET,GET /inventory/{product_id},12.600000,4.500000,2600,2900,3500,3500,3600,3700,3700,3700,3700,3700,3700,6864,443,1400,1631.42184182707,479.81559997424483,3757.4663999839686,76.0
1790845917,100,POST,POST /events,48.500000,0.000000,73,76,79,81,88,100,1200,1300,1300,1300,1300,27551,1,72,89.51593675722413,44.519900053273886,3461.8969000293873,79.99985481470728
1790845917,100,,Aggregated,61.100000,4.500000,75,81,90,1200,2500,3500,3600,3700,3700,3700,3700,34415,444,75,397.0458548859325,44.519900053273886,3757.4663999839686,79.20209211099811
1790845918,100,GET,GET /inventory/{product_id},11.600000,3.400000,2700,3500,3500,3500,3600,3700,3700,3700,3700,3700,3700,6883,452,1400,1635.3113001018476,479.81559997424483,3757.4663999839686,76.0
1790845918,100,POST,POST /events,49.500000,0.000000,72,76,79,81,89,1000,1300,1300,1300,1300,1300,27598,1,72,89.82480576485648,44.519900053273886,3461.8969000293873,79.99985506196101
1790845918,100,,Aggregated,61.100000,3.400000,76,85,1000,1500,2800,3500,3600,3700,3700,3700,3700,34481,453,75,398.33046222846224,44.519900053273886,3757.4663999839686,79.20141527217888
1790845919,100,GET,GET /inventory/{product_id},11.400000,3.400000,2800,3500,3500,3500,3600,3700,3700,3700,3700,3700,3700,6895,455,1400,1636.7927720958799,479.81559997424483,3757.4663999839686,76.0
1790845919,100,POST,POST /events,48.800000,0.000000,73,76,79,82,89,1100,1300,1300,1300,1300,1300,27653,1,72,89.98072667336001,44.519900053273886,3461.8969000293873,79.99985535023325
1790845919,100,,Aggregated,60.200000,3.400000,76,85,1100,1900,2900,3500,3600,3700,3700,3700,3700,34548,456,75,398.6894523069237,44.519900053273886,3757.4663999839686,79.20157462081741
1790845920,100,GET,GET /inventory/{product_id},11.600000,3.900000,2800,3500,3500,3500,3600,3700,3700,3700,3700,3700,3700,6907,456,1400,1637.5722702911814,479.81559997424483,3757.4663999839686,76.0
1790845920,100,POST,POST /events,47.400000,0.000000,73,76,79,81,91,1100,1300,1300,1300,1300,1300,27717,1,72,90.11075518989398,44.519900053273886,3461.8969000293873,79.9998556842371
1790845920,100,,Aggregated,59.000000,3.900000,76,85,1200,1900,2800,3500,3600,3700,3700,3700,3700,34624,457,75,398.80751711239503,44.519900053273886,3757.4663999839686,79.20194085027727
1790845921,100,GET,GET /inventory/{product_id},12.400000,4.300000,2800,3500,3500,3500,3600,3700,3700,3700,3700,3700,3700,6916,456,1400,1637.8483194333623,479.81559997424483,3757.4663999839686,76.0
1790845921,100,POST,POST /events,46.000000,0.000000,73,77,79,82,92,1100,1300,1300,1300,1300,1300,27776,1,72,90.16096676622162,44.519900053273886,3461.8969000293873,79.99985599078342
1790845921,100,,Aggregated,58.400000,4.300000,76,85,1200,1700,2800,3500,3600,3700,3700,3700,3700,34692,457,75,398.69912343190896,44.519900053273886,3757.4663999839686,79.20246742764903
1790845922,100,GET,GET /inventory/{product_id},12.600000,4.500000,2800,3500,3500,3500,3600,3700,3700,3700,3700,3700,3700,6921,456,1400,1638.1505822715017,479.81559997424483,3757.4663999839686,76.0
1790845922,100,POST,POST /events,46.300000,0.000000,73,77,79,81,91,1100,1300,1300,1300,1300,1300,27824,1,72,90.1285154039198,44.519900053273886,3461.8969000293873,79.99985623921795
1790845922,100,,Aggregated,58.900000,4.500000,76,83,1100,1500,2800,3500,3600,3700,3700,3700,3700,34745,457,75,398.4854221470662,44.519900053273886,3757.4663999839686,79.20310836091524
1790845923,100,GET,GET /inventory/{product_id},12.500000,4.500000,2700,3500,3500,3500,3600,3700,3700,3700,3700,3700,3700,6929,456,1400,1639.1099944726748,479.81559997424483,3757.4663999839686,76.0
1790845923,100,POST,POST /events,47.000000,0.000000,73,77,80,82,93,1100,1300,1300,1300,1300,1300,27866,1,72,90.1418613112226,44.519900053273886,3461.8969000293873,79.99985645589608
1790845923,100,,Aggregated,59.500000,4.500000,76,85,1100,1500,2700,3500,3600,3700,3700,3700,3700,34795,457,75,398.5999787038304,44.519900053273886,3757.4663999839686,79.20333381232936
1790845924,100,GET,GET /inventory/{product_id},12.200000,4.500000,2700,3400,3500,3500,3600,3600,3700,3700,3700,3700,3700,6941,465,1400,1642.0922719782634,479.81559997424483,3757.4663999839686,76.0
1790845924,100,POST,POST /events,46.800000,0.000000,73,76,79,81,92,1100,1300,1300,1300,1300,1300,27896,1,72,90.11976708482923,44.519900053273886,3461.8969000293873,79.9998566102667
1790845924,100,,Aggregated,59.000000,4.500000,76,83,1000,1300,2700,3500,3600,3600,3700,3700,3700,34837,466,75,399.33816007117736,44.519900053273886,3757.4663999839686,79.20291643941786
1790845925,100,GET,GET /inventory/{product_id},11.700000,4.400000,2900,3500,3500,3500,3600,3700,3700,3700,3700,3700,3700,6959,482,1400,1646.9330158932341,479.81559997424483,3757.4663999839686,76.0
1790845925,100,POST,POST /events,45.900000,0.000000,73,76,79,81,92,1100,1300,1300,1300,1300,1300,27927,1,72,90.28524425461032,44.519900053273886,3461.8969000293873,79.9998567694346
1790845925,100,,Aggregated,57.600000,4.400000,76,84,1100,1600,2900,3500,3600,3700,3700,3700,3700,34886,483,75,400.80269660894356,44.519900053273886,3757.4663999839686,79.20197213782033
1790845926,100,GET,GET /inventory/{product_id},11.700000,4.500000,2900,3500,3500,3500,3600,3700,3700,3700,3700,3700,3700,6980,492,1400,1651.126962793857,479.81559997424483,3757.4663999839686,76.0
1790845926,100,POST,POST /events,45.400000,0.000000,73,77,80,83,96,1200,1300,1300,1300,1300,1300,27973,1,72,90.71367995919563,44.519900053273886,3461.8969000293873,79.99985700496907
1790845926,100,,Aggregated,57.100000,4.500000,77,86,1300,1800,3000,3500,3600,3700,3700,3700,3700,34953,493,75,402.32311875374893,44.519900053273886,3757.4663999839686,79.20109861814437
1790845927,100,GET,GET /inventory/{product_id},12.100000,5.300000,2800,3500,3500,3500,3600,3700,3700,3700,3700,3700,3700,6993,496,1400,1652.7987735880429,479.81559997424483,3757.4663999839686,76.0
1790845927,100,POST,POST /events,45.400000,0.000000,73,77,80,83,95,1200,1300,1300,1300,1300,1300,28025,1,72,90.88317876176353,44.519900053273886,3461.8969000293873,79.99985727029438
1790845927,100,,Aggregated,57.500000,5.300000,76,86,1100,1500,2800,3500,3600,3700,3700,3700,3700,35018,497,75,402.7935035838623,44.519900053273886,3757.4663999839686,79.20109657890228
1790845928,100,GET,GET /inventory/{product_id},12.900000,5.700000,2800,3500,3500,3500,3600,3700,3700,3700,3700,3700,3700,7003,499,1400,1653.8479405685123,479.81559997424483,3757.4663999839686,76.0
1790845928,100,POST,POST /events,45.600000,0.000000,73,77,80,83,93,1200,1300,1300,1300,1300,1300,28084,1,72,91.04275732083417,44.519900053273886,3461.8969000293873,79.9998575701467
1790845928,100,,Aggregated,58.500000,5.700000,76,85,1100,1300,2800,3500,3600,3700,3700,3700,3700,35087,500,75,402.96240557470526,44.519900053273886,3757.4663999839686,79.20152763131644
1790845929,100,GET,GET /inventory/{product_id},13.100000,5.500000,2800,3500,3500,3500,3600,3700,3700,3700,3700,3700,3700,7015,501,1400,1654.90920153976,479.81559997424483,3757.4663999839686,76.0
1790845929,100,POST,POST /events,46.400000,0.000000,73,77,80,83,93,1100,1300,1300,1300,1300,1300,28142,1,72,91.0816581194901,44.519900053273886,3461.8969000293873,79.99985786369128
1790845929,100,,Aggregated,59.500000,5.500000,76,85,1100,1300,2800,3500,3600,3700,3700,3700,3700,35157,502,75,403.1176741929116,44.519900053273886,3757.4663999839686,79.20175214039878
1790845930,100,GET,GET /inventory/{product_id},12.100000,4.800000,2800,3500,3500,3500,3600,3700,3700,3700,3700,3700,3700,7026,501,1400,1655.6327350699414,479.81559997424483,3757.4663999839686,76.0
1790845930,100,POST,POST /events,47.500000,0.000000,73,77,80,83,93,1100,1300,1300,1300,1300,1300,28194,1,72,91.13379735399862,44.519900053273886,3461.8969000293873,79.99985812584238
1790845930,100,,Aggregated,59.600000,4.800000,76,85,1100,1400,2800,3500,3600,3700,3700,3700,3700,35220,502,75,403.23401133447277,44.519900053273886,3757.4663999839686,79.20193072118114
1790845931,100,GET,GET /inventory/{product_id},11.600000,4.600000,2800,3500,3500,3500,3600,3700,3700,3700,3700,3700,3700,7031,501,1400,1656.1397441475365,479.81559997424483,3757.4663999839686,76.0
1790845931,100,POST,POST /events,48.200000,0.000000,73,77,80,83,94,1100,1300,1300,1300,1300,1300,28245,1,72,91.14108425202978,44.519900053273886,3461.8969000293873,79.99985838201452
1790845931,100,,Aggregated,59.800000,4.600000,76,85,1100,1400,2800,3500,3600,3700,3700,3700,3700,35276,502,75,403.0671976924819,44.519900053273886,3757.4663999839686,79.202630683751
1790845932,100,GET,GET /inventory/{product_id},11.600000,4.500000,2800,3500,3500,3500,3600,3700,3700,3700,3700,3700,3700,7039,502,1400,1657.3019523940031,479.81559997424483,3757.4663999839686,76.0
1790845932,100,POST,POST /events,47.000000,0.000000,73,77,80,82,92,1100,1300,1300,1300,1300,1300,28293,1,72,91.11049886538589,44.519900053273886,3461.8969000293873,79.99985862227406
1790845932,100,,Aggregated,58.600000,4.500000,76,84,1100,1400,2800,3500,3600,3700,3700,3700,3700,35332,503,75,403.13420659175347,44.519900053273886,3757.4663999839686,79.20298879202988
1790845933,100,GET,GET /inventory/{product_id},11.500000,4.500000,2800,3500,3500,3500,3600,3700,3700,3700,3700,3700,3700,7052,507,1400,1659.864859387602,479.81559997424483,3757.4663999839686,76.0
1790845933,100,POST,POST /events,46.700000,0.000000,73,77,80,83,94,1100,1300,1300,1300,1300,1300,28339,1,72,91.11127261013046,44.519900053273886,3461.8969000293873,79.99985885175906
1790845933,100,,Aggregated,58.200000,4.500000,76,85,1100,1600,2900,3500,3600,3700,3700,3700,3700,35391,508,75,403.7006397926008,44.519900053273886,3757.4663999839686,79.20284818174112
1790845934,100,GET,GET /inventory/{product_id},11.900000,4.600000,2700,3400,3500,3500,3500,3600,3700,3700,3700,3700,3700,7070,519,1400,1663.813444144481,479.81559997424483,3757.4663999839686,76.0
1790845934,100,POST,POST /events,46.500000,0.000000,72,76,79,82,95,1100,1300,1300,1300,1300,1300,28383,1,72,91.23016333715789,44.519900053273886,3461.8969000293873,79.99985907057041
1790845934,100,,Aggregated,58.400000,4.600000,76,84,1000,1300,2700,3500,3500,3600,3700,3700,3700,35453,520,75,404.8330684596538,44.519900053273886,3757.4663999839686,79.2022113784447
1790845935,100,GET,GET /inventory/{product_id},12.200000,4.900000,2500,2900,3500,3500,3500,3600,3600,3700,3700,3700,3700,7085,520,1400,1665.6897668738777,479.81559997424483,3757.4663999839686,76.0
1790845935,100,POST,POST /events,47.400000,0.000000,72,76,79,80,89,1100,1300,1300,1300,1300,1300,28442,1,72,91.46874199769418,44.519900053273886,3461.8969000293873,79.999859362914
1790845935,100,,Aggregated,59.600000,4.900000,74,80,96,1300,2400,3400,3500,3600,3700,3700,3700,35527,521,75,405.4090116868834,44.519900053273886,3757.4663999839686,79.20218425422918
1790845936,100,GET,GET /inventory/{product_id},13.200000,5.600000,2500,2800,3000,3500,3500,3600,3600,3700,3700,3700,3700,7096,522,1400,1666.7516119506026,479.81559997424483,3757.4663999839686,76.0
1790845936,100,POST,POST /events,47.700000,0.000000,72,75,77,80,87,1000,1300,1300,1300,1300,1300,28501,1,72,91.51448559694059,44.519900053273886,3461.8969000293873,79.99985965404723
1790845936,100,,Aggregated,60.900000,5.600000,74,80,89,1200,2400,3000,3500,3500,3700,3700,3700,35597,523,75,405.5264149338412,44.519900053273886,3757.4663999839686,79.20251706604489
1790845937,100,GET,GET /inventory/{product_id},12.600000,4.100000,2500,2800,3000,3500,3500,3600,3600,3600,3700,3700,3700,7108,525,1400,1668.1757346372265,479.81559997424483,3757.4663999839686,76.0
1790845937,100,POST,POST /events,50.300000,0.000000,72,76,78,80,87,98,1300,1300,1300,1300,1300,28557,1,72,91.47717588677499,44.519900053273886,3461.8969000293873,79.99985992926428
1790845937,100,,Aggregated,62.900000,4.100000,74,80,88,1300,2400,3000,3500,3500,3700,3700,3700,35665,526,75,405.7116734501642,44.519900053273886,3757.4663999839686,79.2026917145661
1790845938,100,GET,GET /inventory/{product_id},11.700000,3.000000,2500,2800,3000,3500,3500,3600,3600,3600,3700,3700,3700,7117,525,1400,1668.6551445695363,479.81559997424483,3757.4663999839686,76.0
1790845938,100,POST,POST /events,51.900000,0.000000,72,76,78,80,86,97,1300,1300,1300,1300,1300,28608,1,72,91.4862448720266,44.519900053273886,3461.8969000293873,79.99986017897092
1790845938,100,,Aggregated,63.600000,3.000000,75,80,88,1300,2400,3000,3500,3600,3700,3700,3700,35725,526,75,405.6838952330412,44.519900053273886,3757.4663999839686,79.20302309307208
1790845939,100,GET,GET /inventory/{product_id},11.500000,2.900000,2500,2900,3000,3500,3500,3600,3600,3700,3700,3700,3700,7121,525,1400,1668.913396840524,479.81559997424483,3757.4663999839686,76.0
1790845939,100,POST,POST /events,52.500000,0.000000,72,76,78,80,87,98,1300,1300,1300,1300,1300,28658,1,72,91.53244077392839,44.519900053273886,3461.8969000293873,79.99986042291856
1790845939,100,,Aggregated,64.000000,2.900000,74,80,87,1000,2400,3000,3500,3600,3700,3700,3700,35779,526,75,405.47441199029265,44.519900053273886,3757.4663999839686,79.20377875289975
1790845940,100,GET,GET /inventory/{product_id},11.500000,2.700000,2700,2900,3500,3500,3500,3600,3600,3600,3700,3700,3700,7136,531,1400,1671.7019347115154,479.81559997424483,3757.4663999839686,76.0
1790845940,100,POST,POST /events,52.000000,0.000000,72,76,78,80,87,99,1200,1300,1300,1300,1300,28696,1,72,91.50417789932948,44.519900053273886,3461.8969000293873,79.99986060775021
1790845940,100,,Aggregated,63.500000,2.700000,75,80,88,1300,2600,3500,3500,3600,3700,3700,3700,35832,532,75,406.20308369894497,44.519900053273886,3757.4663999839686,79.2032819825854
1790845941,100,GET,GET /inventory/{product_id},11.000000,2.500000,2800,3000,3500,3500,3500,3600,3700,3700,3700,3700,3700,7150,539,1400,1674.604622042153,479.81559997424483,3757.4663999839686,76.0
1790845941,100,POST,POST /events,50.900000,0.000000,72,76,78,80,87,110,1300,1300,1300,1300,1300,28740,1,72,91.59761626649819,44.519900053273886,3461.8969000293873,79.99986082115518
1790845941,100,,Aggregated,61.900000,2.500000,75,81,94,1300,2800,3500,3500,3600,3700,3700,3700,35890,540,75,406.96401613543054,44.519900053273886,3757.4663999839686,79.20300919476178
1790845942,100,GET,GET /inventory/{product_id},10.700000,2.900000,2800,3500,3500,3500,3500,3600,3700,3700,3700,3700,3700,7164,548,1400,1677.541998743907,479.81559997424483,3757.4663999839686,76.0
1790845942,100,POST,POST /events,50.200000,0.000000,72,76,78,80,88,1000,1300,1300,1300,1300,1300,28780,1,72,91.72634203610089,44.519900053273886,3461.8969000293873,79.99986101459346
1790845942,100,,Aggregated,60.900000,2.900000,75,81,110,1700,2800,3500,3500,3600,3700,3700,3700,35944,549,75,407.7953205764627,44.519900053273886,3757.4663999839686,79.20264856443356
1790845943,100,GET,GET /inventory/{product_id},11.100000,3.300000,2800,3000,3500,3500,3500,3600,3700,3700,3700,3700,3700,7176,553,1400,1679.7291300029672,479.81559997424483,3757.4663999839686,76.0
1790845943,100,POST,POST /events,49.400000,0.000000,73,76,80,81,89,1100,1300,1300,1400,1400,1400,28830,1,72,91.97937753725864,44.519900053273886,3461.8969000293873,79.99986125563649
1790845943,100,,Aggregated,60.500000,3.300000,75,82,100,1300,2700,3500,3500,3600,3700,3700,3700,36006,554,75,408.41808841027887,44.519900053273886,3757.4663999839686,79.20268844081542
1790845944,100,GET,GET /inventory/{product_id},12.000000,4.400000,2700,3400,3500,3500,3500,3600,3700,3700,3700,3700,3700,7185,556,1400,1681.036235017569,479.81559997424483,3757.4663999839686,76.0
1790845944,100,POST,POST /events,48.400000,0.000000,73,76,80,81,89,1000,1300,1300,1400,1400,1400,28873,1,72,92.05783225848965,44.519900053273886,3461.8969000293873,79.99986146226578
1790845944,100,,Aggregated,60.400000,4.400000,75,82,95,1300,2600,3500,3500,3600,3700,3700,3700,36058,557,75,408.68132285208986,44.519900053273886,3757.4663999839686,79.20283986909979
1790845945,100,GET,GET /inventory/{product_id},12.000000,4.500000,2900,3500,3500,3500,3500,3600,3700,3700,3700,3700,3700,7196,560,1400,1682.9895138967934,479.81559997424483,3757.4663999839686,76.0
1790845945,100,POST,POST /events,48.300000,0.000000,73,77,80,82,90,1000,1300,1300,1400,1400,1400,28918,1,72,92.26162682063695,44.519900053273886,3461.8969000293873,79.9998616778477
1790845945,100,,Aggregated,60.300000,4.500000,76,83,100,1300,2800,3500,3500,3600,3700,3700,3700,36114,561,75,409.2267338539226,44.519900053273886,3757.4663999839686,79.20285761754444
1790845946,100,GET,GET /inventory/{product_id},11.600000,3.900000,2900,3500,3500,3500,3500,3600,3700,3700,3700,3700,3700,7203,563,1400,1684.3188283355973,479.81559997424483,3757.4663999839686,76.0
1790845946,100,POST,POST /events,48.400000,0.000000,73,76,80,82,93,1200,1300,1300,1400,1400,1400,28960,1,72,92.3826710082611,44.519900053273886,3461.8969000293873,79.99986187845303
1790845946,100,,Aggregated,60.000000,3.900000,75,83,100,1300,2800,3500,3500,3600,3700,3700,3700,36163,564,75,409.4668769986064,44.519900053273886,3757.4663999839686,79.20316345435943
1790845947,100,GET,GET /inventory/{product_id},11.300000,3.900000,3000,3500,3500,3500,3600,3700,3700,3700,3700,3700,3700,7222,577,1400,1688.7238479785744,479.81559997424483,3757.4663999839686,76.0
1790845947,100,POST,POST /events,47.900000,0.000000,73,77,81,84,96,1200,1300,1300,1400,1400,1400,28984,1,72,92.48427249169016,44.519900053273886,3461.8969000293873,79.99986199282363
1790845947,100,,Aggregated,59.200000,3.900000,76,86,1200,2100,3500,3500,3600,3700,3700,3700,3700,36206,578,75,410.8857035850541,44.519900053273886,3757.4663999839686,79.20201071645583
1790845948,100,GET,GET /inventory/{product_id},10.700000,4.100000,3000,3500,3500,3500,3600,3700,3700,3700,3700,3700,3700,7233,580,1400,1690.5508683812095,479.81559997424483,3757.4663999839686,76.0
1790845948,100,POST,POST /events,46.600000,0.000000,73,78,82,85,1000,1200,1300,1300,1400,1400,1400,29028,1,72,92.89746434474142,44.519900053273886,3461.8969000293873,79.99986220201185
1790845948,100,,Aggregated,57.300000,4.100000,78,89,1300,2300,3500,3500,3600,3700,3700,3700,3700,36261,581,75,411.58219646453483,44.519900053273886,3757.4663999839686,79.20200766663909
1790845949,100,GET,GET /inventory/{product_id},10.500000,4.200000,3400,3500,3500,3500,3600,3700,3700,3700,3700,3700,3700,7249,590,1400,1693.934156007921,479.81559997424483,3757.4663999839686,76.0
1790845949,100,POST,POST /events,44.400000,0.000000,73,78,82,85,1000,1300,1300,1300,1400,1400,1400,29077,1,72,93.0538745778272,44.519900053273886,3461.8969000293873,79.99986243422636
1790845949,100,,Aggregated,54.900000,4.200000,78,93,1300,2400,3500,3500,3600,3700,3700,3700,3700,36326,591,75,412.5159997797982,44.519900053273886,3757.4663999839686,79.20167373231294
1790845950,100,GET,GET /inventory/{product_id},11.600000,5.400000,3400,3500,3500,3500,3600,3700,3700,3700,3700,3700,3700,7266,597,1400,1696.5712833335062,479.81559997424483,3757.4663999839686,76.0
1790845950,100,POST,POST /events,42.300000,0.000000,74,79,83,86,1000,1300,1300,1300,1400,1400,1400,29128,1,72,93.1338954099066,44.519900053273886,3461.8969000293873,79.99986267508926
1790845950,100,,Aggregated,53.900000,5.400000,79,100,1300,2400,3500,3500,3600,3700,3700,3700,3700,36394,598,75,413.2574339232034,44.519900053273886,3757.4663999839686,79.20129691707425
1790845951,100,GET,GET /inventory/{product_id},12.200000,6.100000,3000,3500,3500,3500,3600,3600,3700,3700,3700,3700,3700,7280,599,1400,1697.846700535885,479.81559997424483,3757.4663999839686,76.0
1790845951,100,POST,POST /events,42.100000,0.000000,74,79,82,85,1000,1200,1300,1300,1400,1400,1400,29188,1,72,93.31385441961235,44.519900053273886,3461.8969000293873,79.99986295737975
1790845951,100,,Aggregated,54.300000,6.100000,78,92,1300,2100,3000,3500,3600,3600,3700,3700,3700,36468,600,75,413.6220457031079,44.519900053273886,3757.4663999839686,79.20138203356368
1790845952,100,GET,GET /inventory/{product_id},12.600000,6.300000,3000,3500,3500,3500,3600,3600,3700,3700,3700,3700,3700,7284,599,1500,1697.9072111067087,479.81559997424483,3757.4663999839686,76.0
1790845952,100,POST,POST /events,42.700000,0.000000,73,78,81,84,1000,1200,1300,1300,1300,1300,1300,29246,1,72,93.30784925802,44.519900053273886,3461.8969000293873,79.99986322915954
1790845952,100,,Aggregated,55.300000,6.300000,77,86,1200,1800,3000,3500,3600,3600,3700,3700,3700,36530,600,75,413.26136011774895,44.519900053273886,3757.4663999839686,79.20229947987956
1790845953,100,GET,GET /inventory/{product_id},13.200000,6.500000,2900,3500,3500,3500,3600,3600,3700,3700,3700,3700,3700,7293,600,1500,1698.680409735553,479.81559997424483,3757.4663999839686,76.0
1790845953,100,POST,POST /events,43.900000,0.000000,73,78,81,83,97,1200,1300,1300,1300,1300,1300,29294,1,72,93.27074992148825,44.519900053273886,3461.8969000293873,79.99986345326688
1790845953,100,,Aggregated,57.100000,6.500000,77,84,1000,1300,2900,3500,3600,3600,3700,3700,3700,36587,601,75,413.28202849103553,44.519900053273886,3757.4663999839686,79.2025582857299
1790845954,100,GET,GET /inventory/{product_id},12.300000,5.300000,2800,3500,3500,3500,3600,3600,3700,3700,3700,3700,3700,7303,602,1500,1700.0298337671354,479.81559997424483,3757.4663999839686,76.0
1790845954,100,POST,POST /events,45.900000,0.000000,73,77,80,82,93,1100,1300,1300,1300,1300,1300,29341,1,72,93.23706532838024,44.519900053273886,3461.8969000293873,79.99986367199482
1790845954,100,,Aggregated,58.200000,5.300000,76,83,1000,1300,2800,3500,3600,3600,3700,3700,3700,36644,603,75,413.4643218480909,44.519900053273886,3757.4663999839686,79.20270712804279
1790845955,100,GET,GET /inventory/{product_id},12.000000,5.000000,2900,3500,3500,3500,3600,3600,3700,3700,3700,3700,3700,7311,606,1500,1701.6421909179803,479.81559997424483,3757.4663999839686,76.0
1790845955,100,POST,POST /events,46.600000,0.000000,73,77,80,82,93,1100,1300,1300,1300,1300,1300,29389,1,72,93.31795663344232,44.519900053273886,3461.8969000293873,79.99986389465447
1790845955,100,,Aggregated,58.600000,5.000000,76,84,1000,1600,2900,3500,3600,3600,3700,3700,3700,36700,607,75,413.7119205804262,44.519900053273886,3757.4663999839686,79.20305177111716
1790845956,100,GET,GET /inventory/{product_id},11.600000,4.600000,2900,3500,3500,3500,3600,3600,3700,3700,3800,3800,3800,7329,615,1500,1705.2801532680367,479.81559997424483,3815.0065999943763,76.0
1790845956,100,POST,POST /events,47.000000,0.000000,72,77,80,82,92,1100,1300,1300,1300,1300,1300,29428,1,72,93.32113399484196,44.519900053273886,3461.8969000293873,79.99986407503059
1790845956,100,,Aggregated,58.600000,4.600000,76,83,1000,1800,2900,3500,3600,3600,3800,3800,3800,36757,616,75,414.7305975596947,44.519900053273886,3815.0065999943763,79.20232880811818
1790845957,100,GET,GET /inventory/{product_id},11.200000,4.400000,2800,3400,3500,3500,3600,3600,3700,3700,3800,3800,3800,7345,621,1500,1708.1108595781222,479.81559997424483,3815.0065999943763,76.0
1790845957,100,POST,POST /events,47.100000,0.000000,73,77,80,82,93,1100,1300,1300,1400,1400,1400,29479,1,72,93.75594230469041,44.519900053273886,3461.8969000293873,79.99986431018691
1790845957,100,,Aggregated,58.300000,4.400000,76,83,1000,1300,2800,3500,3600,3600,3800,3800,3800,36824,622,75,415.7588987291256,44.519900053273886,3815.0065999943763,79.20204214642624
1790845958,100,GET,GET /inventory/{product_id},11.800000,4.700000,2700,3000,3500,3500,3600,3600,3700,3700,3800,3800,3800,7358,623,1500,1709.4574233081253,479.81559997424483,3815.0065999943763,76.0
1790845958,100,POST,POST /events,46.900000,0.000000,72,77,80,82,91,1100,1300,1300,1400,1400,1400,29537,1,72,93.90088247959723,44.519900053273886,3461.8969000293873,79.9998645766327
1790845958,100,,Aggregated,58.700000,4.700000,76,82,110,1300,2700,3500,3600,3600,3800,3800,3800,36895,624,75,416.092643623827,44.519900053273886,3815.0065999943763,79.2021683154899
1790845959,100,GET,GET /inventory/{product_id},12.700000,5.300000,2600,2900,3400,3500,3500,3600,3700,3700,3800,3800,3800,7368,623,1500,1710.0134890881175,479.81559997424483,3815.0065999943763,76.0
1790845959,100,POST,POST /events,47.300000,0.000000,72,77,79,81,89,1100,1300,1300,1400,1400,1400,29599,1,72,93.9214600628405,44.519900053273886,3461.8969000293873,79.99986486029934
1790845959,100,,Aggregated,60.000000,5.300000,75,82,97,1300,2600,3000,3500,3600,3800,3800,3800,36967,624,75,416.0294501582846,44.519900053273886,3815.0065999943763,79.20264019260422
1790845960,100,GET,GET /inventory/{product_id},12.100000,4.400000,2600,2900,3000,3400,3500,3600,3700,3700,3800,3800,3800,7376,623,1500,1710.6068034980187,479.81559997424483,3815.0065999943763,76.0
1790845960,100,POST,POST /events,49.700000,0.000000,72,77,79,81,88,1000,1300,1300,1400,1400,1400,29655,1,72,93.88241812172942,44.519900053273886,3461.8969000293873,79.99986511549486
1790845960,100,,Aggregated,61.800000,4.400000,75,81,89,1100,2400,3000,3500,3600,3800,3800,3800,37031,624,75,415.9088032189601,44.519900053273886,3815.0065999943763,79.20315411412061
1790845961,100,GET,GET /inventory/{product_id},12.100000,3.700000,2600,2900,3000,3400,3500,3600,3700,3700,3800,3800,3800,7384,623,1500,1711.3657421453756,479.81559997424483,3815.0065999943763,76.0
1790845961,100,POST,POST /events,51.000000,0.000000,73,77,79,81,89,110,1200,1300,1400,1400,1400,29704,1,72,93.85206714920606,44.519900053273886,3461.8969000293873,79.99986533800161
1790845961,100,,Aggregated,63.100000,3.700000,75,81,89,1100,2500,3000,3500,3600,3800,3800,3800,37088,624,75,415.889410121913,44.519900053273886,3815.0065999943763,79.20351596203624
1790845962,100,GET,GET /inventory/{product_id},11.800000,3.000000,2600,2900,3000,3400,3500,3600,3700,3700,3800,3800,3800,7394,623,1500,1712.5040671627614,479.81559997424483,3815.0065999943763,76.0
1790845962,100,POST,POST /events,51.300000,0.000000,73,77,79,81,89,140,1200,1300,1400,1400,1400,29754,1,72,93.81356546682959,44.519900053273886,3461.8969000293873,79.99986556429387
1790845962,100,,Aggregated,63.100000,3.000000,75,81,91,1200,2500,3000,3500,3600,3800,3800,3800,37148,624,75,416.00042800424103,44.519900053273886,3815.0065999943763,79.20372563798858
1790845963,100,GET,GET /inventory/{product_id},10.800000,2.400000,2700,2900,3000,3400,3500,3600,3700,3700,3800,3800,3800,7407,627,1500,1714.6975939653723,479.81559997424483,3815.0065999943763,76.0
1790845963,100,POST,POST /events,51.500000,0.000000,72,77,80,81,89,110,1200,1300,1400,1400,1400,29802,1,72,93.7790133984238,44.519900053273886,3461.8969000293873,79.99986578082007
1790845963,100,,Aggregated,62.300000,2.400000,75,82,92,1200,2600,3000,3500,3600,3800,3800,3800,37209,628,75,416.446753092031,44.519900053273886,3815.0065999943763,79.20363352952242
1790845964,100,GET,GET /inventory/{product_id},11.000000,2.400000,2700,2900,3400,3500,3600,3600,3700,3700,3800,3800,3800,7416,631,1500,1716.3781082256598,479.81559997424483,3815.0065999943763,76.0
1790845964,100,POST,POST /events,50.600000,0.000000,72,77,79,81,89,140,1200,1300,1400,1400,1400,29852,1,72,93.85766623340938,44.519900053273886,3461.8969000293873,79.99986600562777
1790845964,100,,Aggregated,61.600000,2.400000,75,81,94,1300,2700,3000,3500,3600,3800,3800,3800,37268,632,75,416.72478005262616,44.519900053273886,3815.0065999943763,79.20392830310186
1790845965,100,GET,GET /inventory/{product_id},11.000000,2.300000,2700,3000,3500,3500,3600,3700,3700,3700,3800,3800,3800,7435,641,1500,1719.7029360862844,479.81559997424483,3815.0065999943763,76.0
1790845965,100,POST,POST /events,50.400000,0.000000,72,76,79,81,88,1000,1200,1300,1400,1400,1400,29891,1,72,93.96783654611181,44.519900053273886,3461.8969000293873,79.99986618045565
1790845965,100,,Aggregated,61.400000,2.300000,75,82,100,1300,2700,3500,3600,3700,3800,3800,3800,37326,642,75,417.79949450788723,44.519900053273886,3815.0065999943763,79.20312918609012
1790845966,100,GET,GET /inventory/{product_id},11.100000,2.700000,2600,2800,3000,3500,3600,3600,3700,3700,3700,3700,3700,7446,643,1500,1720.9021064869344,479.81559997424483,3815.0065999943763,76.0
1790845966,100,POST,POST /events,50.400000,0.000000,72,76,79,81,91,1100,1200,1300,1400,1400,1400,29949,1,72,94.27799512504343,44.519900053273886,3461.8969000293873,79.99986643961401
1790845966,100,,Aggregated,61.500000,2.700000,75,81,95,1200,2500,2900,3500,3600,3700,3700,3700,37395,644,75,418.16736892369806,44.519900053273886,3815.0065999943763,79.20342291750234
1790845967,100,GET,GET /inventory/{product_id},12.200000,3.600000,2500,2700,2900,3500,3600,3600,3700,3700,3700,3700,3700,7458,645,1500,1721.9453373829238,479.81559997424483,3815.0065999943763,76.0
1790845967,100,POST,POST /events,49.900000,0.000000,71,75,79,80,87,150,1200,1300,1300,1300,1300,30002,1,72,94.27020660955652,44.519900053273886,3461.8969000293873,79.99986667555497
1790845967,100,,Aggregated,62.100000,3.600000,74,80,89,1100,2500,2800,3500,3600,3700,3700,3700,37460,646,75,418.3278981554141,44.519900053273886,3815.0065999943763,79.20352375867593
1790845968,100,GET,GET /inventory/{product_id},12.500000,3.500000,2500,2800,3000,3500,3600,3600,3700,3700,3700,3700,3700,7467,646,1500,1722.8672726532632,479.81559997424483,3815.0065999943763,76.0
1790845968,100,POST,POST /events,50.600000,0.000000,71,75,78,80,86,95,1200,1300,1300,1300,1300,30058,1,72,94.26578900126438,44.519900053273886,3461.8969000293873,79.99986692394704
1790845968,100,,Aggregated,63.100000,3.500000,74,80,87,1000,2500,2900,3500,3600,3700,3700,3700,37525,647,75,418.3368690393595,44.519900053273886,3815.0065999943763,79.20394403730846
1790845969,100,GET,GET /inventory/{product_id},11.300000,2.400000,2600,2800,3000,3500,3600,3600,3700,3700,3700,3700,3700,7476,646,1500,1723.9344855807713,479.81559997424483,3815.0065999943763,76.0
1790845969,100,POST,POST /events,53.000000,0.000000,71,75,78,80,87,100,1200,1300,1300,1300,1300,30112,1,72,94.26495950783965,44.519900053273886,3461.8969000293873,79.99986716259299
1790845969,100,,Aggregated,64.300000,2.400000,74,80,87,1000,2500,2900,3500,3600,3700,3700,3700,37588,647,75,418.39525047626785,44.519900053273886,3815.0065999943763,79.20432052782803
1790845970,100,GET,GET /inventory/{product_id},11.000000,2.200000,2700,2800,3000,3500,3600,3600,3700,3700,3700,3700,3700,7487,649,1500,1725.7608448646863,479.81559997424483,3815.0065999943763,76.0
1790845970,100,POST,POST /events,52.800000,0.000000,71,75,78,80,87,100,1200,1300,1300,1300,1300,30166,1,72,94.26054387390725,44.519900053273886,3461.8969000293873,79.99986740038455
1790845970,100,,Aggregated,63.800000,2.200000,74,80,88,1100,2600,3000,3600,3600,3700,3700,3700,37653,650,75,418.67142092269523,44.519900053273886,3815.0065999943763,79.20452553581389
1790845971,100,GET,GET /inventory/{product_id},10.800000,2.300000,2800,2900,3500,3500,3600,3600,3700,3700,3700,3700,3700,7501,653,1500,1728.0498521932889,479.81559997424483,3815.0065999943763,76.0
1790845971,100,POST,POST /events,52.000000,0.000000,71,75,78,80,87,110,1200,1300,1300,1300,1300,30221,1,72,94.24545799610478,44.519900053273886,3461.8969000293873,79.9998676417061
1790845971,100,,Aggregated,62.800000,2.300000,74,80,88,1100,2700,3000,3600,3600,3700,3700,3700,37722,654,75,419.1266085414927,44.519900053273886,3815.0065999943763,79.20449605005037
1790845972,100,GET,GET /inventory/{product_id},10.600000,2.300000,2700,2900,3500,3500,3600,3600,3700,3700,3700,3700,3700,7513,656,1500,1729.526642965776,479.81559997424483,3815.0065999943763,76.0
1790845972,100,POST,POST /events,51.900000,0.000000,71,74,77,80,86,990,1200,1300,1300,1300,1300,30269,1,72,94.30723004725041,44.519900053273886,3461.8969000293873,79.99986785159734
1790845972,100,,Aggregated,62.500000,2.300000,74,80,89,1200,2700,3500,3600,3600,3700,3700,3700,37782,657,75,419.4727440289595,44.519900053273886,3815.0065999943763,79.20448891006299
1790845973,100,GET,GET /inventory/{product_id},11.100000,2.800000,2700,2900,3500,3500,3600,3600,3700,3700,3700,3700,3700,7520,658,1500,1730.5998796146125,479.81559997424483,3815.0065999943763,76.0
1790845973,100,POST,POST /events,50.600000,0.000000,71,75,77,80,86,1000,1200,1300,1300,1300,1300,30321,1,72,94.34686906765134,44.519900053273886,3461.8969000293873,79.99986807822961
1790845973,100,,Aggregated,61.700000,2.800000,74,80,88,1200,2700,3000,3600,3600,3700,3700,3700,37841,659,75,419.51329276980493,44.519900053273886,3815.0065999943763,79.20498929732301
1790845974,100,GET,GET /inventory/{product_id},11.600000,3.000000,2700,2800,3000,3400,3600,3600,3700,3700,3700,3700,3700,7530,661,1500,1732.0974489112725,479.81559997424483,3815.0065999943763,76.0
1790845974,100,POST,POST /events,51.100000,0.000000,71,75,78,80,86,990,1200,1300,1300,1300,1300,30371,1,72,94.42677793618599,44.519900053273886,3461.8969000293873,79.99986829541339
1790845974,100,,Aggregated,62.700000,3.000000,74,80,86,1000,2600,2900,3500,3600,3700,3700,3700,37901,662,75,419.7918119047473,44.519900053273886,3815.0065999943763,79.20519247513258
1790845975,100,GET,GET /inventory/{product_id},11.900000,3.500000,2700,2900,3000,3400,3600,3600,3700,3700,3700,3700,3700,7539,663,1500,1733.535989229601,479.81559997424483,3815.0065999943763,76.0
1790845975,100,POST,POST /events,51.200000,0.000000,71,75,77,79,86,120,1200,1300,1300,1300,1300,30415,1,72,94.48687681406312,44.519900053273886,3461.8969000293873,79.99986848594443
1790845975,100,,Aggregated,63.100000,3.500000,74,79,86,920,2600,2900,3500,3600,3700,3700,3700,37954,664,75,420.0597086236428,44.519900053273886,3815.0065999943763,79.20535384939664
1790845976,100,GET,GET /inventory/{product_id},11.200000,3.100000,2800,2900,3400,3500,3600,3600,3700,3700,3700,3700,3700,7552,670,1500,1736.0588793832117,479.81559997424483,3815.0065999943763,76.0
1790845976,100,POST,POST /events,51.800000,0.000000,71,75,77,79,85,94,1100,1200,1300,1300,1300,30459,1,72,94.5233601431365,44.519900053273886,3461.8969000293873,79.99986867592501
1790845976,100,,Aggregated,63.000000,3.100000,74,79,85,1000,2700,3000,3500,3600,3700,3700,3700,38011,671,75,420.6625367315213,44.519900053273886,3815.0065999943763,79.2051774486333
1790845977,100,GET,GET /inventory/{product_id},10.600000,2.200000,2800,3000,3500,3500,3600,3700,3700,3700,3700,3700,3700,7566,675,1500,1738.3441809677602,479.81559997424483,3815.0065999943763,76.0
1790845977,100,POST,POST /events,52.000000,0.000000,72,75,78,79,86,120,1200,1200,1300,1300,1300,30502,1,72,94.63135454723617,44.519900053273886,3461.8969000293873,79.99986886105829
1790845977,100,,Aggregated,62.600000,2.200000,74,80,88,1100,2800,3400,3600,3700,3700,3700,3700,38068,676,75,421.3186311233035,44.519900053273886,3815.0065999943763,79.20489650099822
1790845978,100,GET,GET /inventory/{product_id},10.200000,2.200000,2800,3000,3500,3500,3600,3700,3700,3700,3700,3700,3700,7578,681,1500,1740.4942536159851,479.81559997424483,3815.0065999943763,76.0
1790845978,100,POST,POST /events,51.700000,0.000000,72,76,78,80,86,990,1200,1300,1300,1300,1300,30553,1,72,94.85555157266559,44.519900053273886,3461.8969000293873,79.99986907995941
1790845978,100,,Aggregated,61.900000,2.200000,75,80,91,1300,2800,3500,3600,3700,3700,3700,3700,38131,682,75,421.9031003934234,44.519900053273886,3815.0065999943763,79.20495135191838
