Timestamp,User Count,Type,Name,Requests/s,Failures/s,50%,66%,75%,80%,90%,95%,98%,99%,99.9%,99.99%,100%,Total Request Count,Total Failure Count,Total Median Response Time,Total Average Response Time,Total Min Response Time,Total Max Response Time,Total Average Content Size
1790844735,0,,Aggregated,0.000000,0.000000,N/A,N/A,N/A,N/A,N/A,N/A,N/A,N/A,N/A,N/A,N/A,0,0,0,0.0,0,0,0
1790844736,10,GET,GET /inventory/{product_id},0.000000,0.000000,0,0,0,0,0,0,0,0,0,0,0,2,0,274.33310000924394,285.6498000037391,274.33310000924394,296.9664999982342,75.0
1790844736,10,POST,POST /events,0.000000,0.000000,0,0,0,0,0,0,0,0,0,0,0,3,0,150,152.267733317179,140.2136999531649,166.1471000406891,80.0
1790844736,10,,Aggregated,0.000000,0.000000,0,0,0,0,0,0,0,0,0,0,0,5,0,170,205.62055999180302,140.2136999531649,296.9664999982342,78.0
1790844737,15,GET,GET /inventory/{product_id},0.000000,0.000000,210,210,250,250,250,250,250,250,250,250,250,5,0,250,241.6768600116484,176.56890000216663,296.9664999982342,75.0
1790844737,15,POST,POST /events,0.000000,0.000000,140,150,150,150,150,150,150,150,150,150,150,10,0,140,125.1428300049156,64.05320001067594,166.1471000406891,80.0
1790844737,15,,Aggregated,0.000000,0.000000,150,150,180,210,250,250,250,250,250,250,250,15,0,150,163.98750667382652,64.05320001067594,296.9664999982342,78.33333333333333
1790844738,20,GET,GET /inventory/{product_id},0.000000,0.000000,210,250,250,260,260,260,260,260,260,260,260,7,0,250,238.7148285717038,176.56890000216663,296.9664999982342,75.0
1790844738,20,POST,POST /events,0.000000,0.000000,91,140,150,150,160,180,180,180,180,180,180,23,0,93,109.55705652620806,58.25189995812252,178.98510000668466,80.0
1790844738,20,,Aggregated,0.000000,0.000000,130,150,160,180,210,250,260,260,260,260,260,30,0,140,139.6938700034904,58.25189995812252,296.9664999982342,78.83333333333333
1790844739,25,GET,GET /inventory/{product_id},2.000000,0.000000,220,250,260,260,260,260,260,260,260,260,260,13,0,240,231.53461538738787,167.26090002339333,296.9664999982342,75.0
1790844739,25,POST,POST /events,3.000000,0.000000,75,93,140,140,150,160,180,180,180,180,180,35,0,77,100.6418085740214,58.25189995812252,178.98510000668466,80.0
1790844739,25,,Aggregated,5.000000,0.000000,93,150,180,190,240,260,260,260,260,260,260,48,0,130,136.09194375264147,58.25189995812252,296.9664999982342,78.64583333333333
1790844740,30,GET,GET /inventory/{product_id},2.333333,0.000000,220,250,260,260,320,1500,1500,1500,1500,1500,1500,21,0,240,293.1086857182284,167.26090002339333,1523.3323000138626,75.0
1790844740,30,POST,POST /events,7.666667,0.000000,75,91,120,130,150,160,180,180,180,180,180,50,0,77,95.61265600263141,58.25189995812252,178.98510000668466,80.0
1790844740,30,,Aggregated,10.000000,0.000000,97,150,180,190,250,260,320,1500,1500,1500,1500,71,0,120,154.0269746509066,58.25189995812252,1523.3323000138626,78.52112676056338
1790844741,35,GET,GET /inventory/{product_id},2.333333,0.000000,220,250,260,300,320,1500,1700,1700,1700,1700,1700,27,0,220,332.8075185202545,167.26090002339333,1729.4245000230148,75.0
1790844741,35,POST,POST /events,7.666667,0.000000,75,81,97,130,150,160,160,180,180,180,180,72,0,75,91.67077638752137,53.78479999490082,178.98510000668466,80.0
1790844741,35,,Aggregated,10.000000,0.000000,89,150,180,180,240,300,1500,1700,1700,1700,1700,99,0,91,157.43534242372132,53.78479999490082,1729.4245000230148,78.63636363636364
1790844742,40,GET,GET /inventory/{product_id},4.000000,0.000000,220,260,260,300,320,1700,2100,2100,2100,2100,2100,33,0,220,365.92593636702406,140.88960003573447,2061.2066999892704,75.0
1790844742,40,POST,POST /events,10.000000,0.000000,75,80,91,120,150,160,160,180,180,180,180,100,0,75,89.387831997592,53.78479999490082,178.98510000668466,80.0
1790844742,40,,Aggregated,14.000000,0.000000,80,140,160,180,240,300,1500,1700,2100,2100,2100,133,0,81,158.00254962309018,53.78479999490082,2061.2066999892704,78.7593984962406
1790844743,45,GET,GET /inventory/{product_id},4.500000,0.000000,220,250,260,260,320,1700,2100,2100,2100,2100,2100,40,0,220,336.25132250163006,140.88960003573447,2061.2066999892704,75.0
1790844743,45,POST,POST /events,12.000000,0.000000,75,79,89,110,140,150,160,160,180,180,180,133,0,75,87.29383759366881,53.78479999490082,178.98510000668466,80.0
1790844743,45,,Aggregated,16.500000,0.000000,79,130,150,170,220,260,320,1700,2100,2100,2100,173,0,79,144.85626184984483,53.78479999490082,2061.2066999892704,78.84393063583815
1790844744,50,GET,GET /inventory/{product_id},4.571429,0.000000,220,250,260,260,320,1500,2100,2100,2100,2100,2100,47,0,220,319.8186999999304,140.88960003573447,2061.2066999892704,75.0
1790844744,50,POST,POST /events,14.285714,0.000000,75,79,83,93,140,150,160,180,180,180,180,168,0,75,86.34281964380837,53.78479999490082,178.98510000668466,80.0
1790844744,50,,Aggregated,18.857143,0.000000,78,120,150,170,220,260,320,1500,2100,2100,2100,215,0,79,137.38173302398388,53.78479999490082,2061.2066999892704,78.90697674418605
1790844745,50,GET,GET /inventory/{product_id},4.875000,0.000000,210,250,260,260,300,1500,1700,2100,2100,2100,2100,58,0,210,299.27352413932533,140.88960003573447,2061.2066999892704,75.0
1790844745,50,POST,POST /events,16.500000,0.000000,75,78,83,91,140,150,160,160,180,180,180,204,0,75,85.28824215789106,53.78479999490082,178.98510000668466,80.0
1790844745,50,,Aggregated,21.375000,0.000000,78,120,150,170,220,260,300,1500,2100,2100,2100,262,0,78,132.65902977210172,53.78479999490082,2061.2066999892704,78.89312977099236
1790844746,50,GET,GET /inventory/{product_id},5.111111,0.000000,200,240,250,260,300,1500,2000,2100,2100,2100,2100,72,0,210,303.5936930577413,140.88960003573447,2061.2066999892704,75.0
1790844746,50,POST,POST /events,18.333333,0.000000,74,78,82,87,130,150,160,180,1900,1900,1900,234,0,74,91.53179829178028,53.78479999490082,1909.228799981065,80.0
1790844746,50,,Aggregated,23.444444,0.000000,78,100,160,180,220,260,320,1900,2100,2100,2100,306,0,78,141.42871470730051,53.78479999490082,2061.2066999892704,78.82352941176471
1790844747,50,GET,GET /inventory/{product_id},5.700000,0.000000,210,230,250,250,300,1500,2000,2100,2100,2100,2100,86,0,210,287.4823744194907,140.88960003573447,2061.2066999892704,75.0
1790844747,50,POST,POST /events,19.500000,0.000000,73,78,80,83,120,140,160,160,1900,1900,1900,266,0,73,88.89362518828803,53.78479999490082,1909.228799981065,80.0
1790844747,50,,Aggregated,25.200000,0.000000,78,93,160,180,220,250,320,1700,2100,2100,2100,352,0,78,137.41246733000233,53.78479999490082,2061.2066999892704,78.7784090909091
1790844748,50,GET,GET /inventory/{product_id},6.900000,0.000000,200,220,240,250,300,1500,2000,2100,2100,2100,2100,91,0,210,282.62613516538863,140.88960003573447,2061.2066999892704,75.0
1790844748,50,POST,POST /events,22.600000,0.000000,73,78,80,83,97,140,160,160,1900,1900,1900,306,0,73,86.8740620911791,53.78479999490082,1909.228799981065,80.0
1790844748,50,,Aggregated,29.500000,0.000000,77,87,140,170,210,250,320,1700,2100,2100,2100,397,0,78,131.74418463463772,53.78479999490082,2061.2066999892704,78.85390428211586
1790844749,50,GET,GET /inventory/{product_id},7.800000,0.000000,200,220,230,250,260,320,2000,2100,2100,2100,2100,103,0,210,272.3989572819069,126.74609996611252,2061.2066999892704,75.0
1790844749,50,POST,POST /events,24.900000,0.000000,72,77,80,83,89,140,160,160,1900,1900,1900,341,0,73,85.39977565949204,53.78479999490082,1909.228799981065,80.0
1790844749,50,,Aggregated,32.700000,0.000000,77,86,140,170,210,240,280,1700,2100,2100,2100,444,0,78,128.78021644126846,53.78479999490082,2061.2066999892704,78.84009009009009
1790844750,50,GET,GET /inventory/{product_id},8.300000,0.000000,200,220,230,240,250,260,2000,2100,2100,2100,2100,109,0,210,268.68181376089984,126.74609996611252,2061.2066999892704,75.0
1790844750,50,POST,POST /events,27.500000,0.000000,73,77,80,83,88,130,150,160,1900,1900,1900,377,0,73,84.32716100794123,53.78479999490082,1909.228799981065,80.0
1790844750,50,,Aggregated,35.800000,0.000000,77,84,130,160,210,230,260,300,2100,2100,2100,486,0,77,125.67419218092988,53.78479999490082,2061.2066999892704,78.87860082304526
1790844751,50,GET,GET /inventory/{product_id},8.500000,0.000000,200,220,230,230,250,260,310,2000,2000,2000,2000,120,0,210,263.91254333235946,126.74609996611252,2061.2066999892704,75.0
1790844751,50,POST,POST /events,29.900000,0.000000,73,77,80,83,88,100,140,160,1900,1900,1900,413,0,73,83.56668668267481,53.78479999490082,1909.228799981065,80.0
1790844751,50,,Aggregated,38.400000,0.000000,77,85,130,160,210,230,250,270,2000,2000,2000,533,0,78,124.16988142556816,53.78479999490082,2061.2066999892704,78.87429643527204
1790844752,50,GET,GET /inventory/{product_id},8.700000,0.000000,210,220,230,230,250,260,310,2000,2000,2000,2000,126,0,210,261.68778491953003,126.74609996611252,2061.2066999892704,75.0
1790844752,50,POST,POST /events,32.100000,0.000000,73,77,80,82,87,92,140,160,1900,1900,1900,454,0,73,82.49588590269161,53.78479999490082,1909.228799981065,80.0
1790844752,50,,Aggregated,40.800000,0.000000,77,84,93,160,210,230,260,270,2000,2000,2000,580,0,77,121.42378120634962,53.78479999490082,2061.2066999892704,78.91379310344827
1790844753,50,GET,GET /inventory/{product_id},8.900000,0.000000,210,220,220,230,250,260,310,2000,2000,2000,2000,134,0,210,258.5440283561292,126.74609996611252,2061.2066999892704,75.0
1790844753,50,POST,POST /events,33.200000,0.000000,73,77,80,82,86,89,100,140,1900,1900,1900,489,0,73,81.87101656430094,53.78479999490082,1909.228799981065,80.0
1790844753,50,,Aggregated,42.100000,0.000000,77,84,91,160,210,230,250,260,2000,2000,2000,623,0,77,119.8713112354165,53.78479999490082,2061.2066999892704,78.92455858747994
1790844754,50,GET,GET /inventory/{product_id},9.400000,0.000000,210,220,230,230,240,260,310,2000,2000,2000,2000,150,0,210,253.84973333217204,126.74609996611252,2061.2066999892704,75.0
1790844754,50,POST,POST /events,34.000000,0.000000,72,77,80,82,86,88,93,98,1900,1900,1900,518,0,73,81.2512573356377,53.78479999490082,1909.228799981065,80.0
1790844754,50,,Aggregated,43.400000,0.000000,77,84,90,160,210,230,250,260,2000,2000,2000,668,0,77,120.00840014923074,53.78479999490082,2061.2066999892704,78.87724550898204
1790844755,50,GET,GET /inventory/{product_id},9.300000,0.000000,210,220,230,230,240,250,270,310,310,310,310,158,0,210,250.98584493499874,126.74609996611252,2061.2066999892704,75.0
1790844755,50,POST,POST /events,34.700000,0.000000,72,77,80,81,85,88,91,93,100,100,100,556,0,73,80.59890179803993,51.65119998855516,1909.228799981065,80.0
1790844755,50,,Aggregated,44.000000,0.000000,76,82,88,160,210,230,240,250,310,310,310,714,0,77,118.30357548941177,51.65119998855516,2061.2066999892704,78.89355742296918
1790844756,50,GET,GET /inventory/{product_id},10.100000,0.000000,210,220,230,230,240,250,270,310,310,310,310,169,0,210,247.54962721769286,126.74609996611252,2061.2066999892704,75.0
1790844756,50,POST,POST /events,34.500000,0.000000,73,77,80,81,85,88,92,93,100,100,100,590,0,73,80.12250627063499,50.665599992498755,1909.228799981065,80.0
1790844756,50,,Aggregated,44.600000,0.000000,76,82,88,150,210,230,240,250,310,310,310,759,0,77,117.40206284514458,50.665599992498755,2061.2066999892704,78.8866930171278
1790844757,50,GET,GET /inventory/{product_id},10.000000,0.000000,210,220,230,240,250,250,270,310,310,310,310,181,0,210,244.8335629826777,126.74609996611252,2061.2066999892704,75.0
1790844757,50,POST,POST /events,35.400000,0.000000,73,77,80,81,85,88,92,93,100,100,100,625,0,73,79.58465551948174,50.665599992498755,1909.228799981065,80.0
1790844757,50,,Aggregated,45.400000,0.000000,77,82,89,160,210,240,250,250,310,310,310,806,0,77,116.69390148826396,50.665599992498755,2061.2066999892704,78.87717121588089
1790844758,50,GET,GET /inventory/{product_id},9.500000,0.000000,210,220,230,240,250,250,270,310,310,310,310,186,0,210,243.41938602118452,126.74609996611252,2061.2066999892704,75.01612903225806
1790844758,50,POST,POST /events,35.500000,0.000000,73,77,80,81,84,87,91,92,100,100,100,667,0,73,79.20466476747336,50.665599992498755,1909.228799981065,80.0
1790844758,50,,Aggregated,45.000000,0.000000,76,82,87,160,210,230,250,250,310,310,310,853,0,77,115.0123296598418,50.665599992498755,2061.2066999892704,78.91324736225089
1790844759,50,GET,GET /inventory/{product_id},9.500000,0.000000,210,230,240,240,250,260,270,310,310,310,310,195,0,210,243.02872512817908,126.74609996611252,2061.2066999892704,75.06153846153846
1790844759,50,POST,POST /events,35.800000,0.000000,73,77,79,80,84,87,91,92,100,100,100,703,0,73,78.86739374104633,50.665599992498755,1909.228799981065,80.0
1790844759,50,,Aggregated,45.300000,0.000000,76,81,87,160,210,240,250,260,310,310,310,898,0,77,114.51489888635912,50.665599992498755,2061.2066999892704,78.92761692650335
1790844760,50,GET,GET /inventory/{product_id},9.300000,0.000000,210,230,240,240,250,260,270,290,290,290,290,203,0,210,241.95152610824834,126.74609996611252,2061.2066999892704,75.09852216748769
1790844760,50,POST,POST /events,35.900000,0.000000,73,77,79,80,83,87,91,92,95,95,95,741,0,73,78.48369365712935,50.665599992498755,1909.228799981065,80.0
1790844760,50,,Aggregated,45.200000,0.000000,76,81,86,160,210,240,250,260,290,290,290,944,0,77,113.63620423718989,50.665599992498755,2061.2066999892704,78.94597457627118
1790844761,50,GET,GET /inventory/{product_id},9.500000,0.000000,210,230,240,240,250,260,270,290,290,290,290,209,0,210,241.25767081310866,126.74609996611252,2061.2066999892704,75.1244019138756
1790844761,50,POST,POST /events,35.900000,0.000000,72,76,79,80,83,86,91,92,95,95,95,780,0,73,78.09708333329465,50.64000003039837,1909.228799981065,80.0
1790844761,50,,Aggregated,45.400000,0.000000,75,80,85,95,210,240,250,260,290,290,290,989,0,77,112.57692436795706,50.64000003039837,2061.2066999892704,78.96966632962588
1790844762,50,GET,GET /inventory/{product_id},9.300000,0.000000,220,230,240,240,250,260,270,290,290,290,290,222,0,210,239.83504324218023,126.74609996611252,2061.2066999892704,75.17567567567568
1790844762,50,POST,POST /events,35.700000,0.000000,71,76,79,80,83,86,91,93,96,96,96,811,0,72,77.75293255231139,49.79499999899417,1909.228799981065,80.0
1790844762,50,,Aggregated,45.000000,0.000000,75,81,87,160,220,240,250,260,290,290,290,1033,0,77,112.58568044500345,49.79499999899417,2061.2066999892704,78.96321393998063
1790844763,50,GET,GET /inventory/{product_id},9.100000,0.000000,220,230,240,240,250,250,270,290,290,290,290,233,0,210,239.12573690938888,126.74609996611252,2061.2066999892704,75.21459227467811
1790844763,50,POST,POST /events,36.300000,0.000000,72,76,78,79,83,86,91,93,96,96,96,848,0,72,77.40517252345596,49.79499999899417,1909.228799981065,80.0
1790844763,50,,Aggregated,45.400000,0.000000,75,80,86,160,220,240,250,250,290,290,290,1081,0,76,112.26261147065519,49.79499999899417,2061.2066999892704,78.96854764107309
1790844764,50,GET,GET /inventory/{product_id},9.500000,0.000000,220,230,240,240,250,260,270,290,290,290,290,242,0,210,238.78645495807922,126.74609996611252,2061.2066999892704,75.24380165289256
1790844764,50,POST,POST /events,36.000000,0.000000,72,76,78,79,82,86,92,93,96,96,96,883,0,72,77.163700339406,49.79499999899417,1909.228799981065,80.0
1790844764,50,,Aggregated,45.500000,0.000000,75,80,85,160,220,240,250,260,290,290,290,1125,0,76,111.93055066626727,49.79499999899417,2061.2066999892704,78.9768888888889
1790844765,50,GET,GET /inventory/{product_id},9.600000,0.000000,220,230,240,240,250,260,270,290,290,290,290,247,0,210,238.33607368337118,126.74609996611252,2061.2066999892704,75.25910931174089
1790844765,50,POST,POST /events,35.900000,0.000000,72,76,79,80,83,86,91,93,96,96,96,924,0,72,77.02317965359052,49.79499999899417,1909.228799981065,80.0
1790844765,50,,Aggregated,45.500000,0.000000,75,80,85,93,220,240,250,260,290,290,290,1171,0,76,111.0490420151241,49.79499999899417,2061.2066999892704,79.0
1790844766,50,GET,GET /inventory/{product_id},9.200000,0.000000,220,240,240,250,260,260,270,290,290,290,290,259,0,210,237.96158648589554,126.74609996611252,2061.2066999892704,75.29343629343629
1790844766,50,POST,POST /events,36.200000,0.000000,72,76,79,79,83,86,91,93,96,96,96,957,0,73,76.92094440938119,49.79499999899417,1909.228799981065,80.0
1790844766,50,,Aggregated,45.400000,0.000000,75,80,85,93,220,240,260,260,290,290,290,1216,0,76,111.22154169377035,49.79499999899417,2061.2066999892704,78.99753289473684
1790844767,50,GET,GET /inventory/{product_id},8.900000,0.000000,220,240,240,250,260,270,290,290,290,290,290,270,0,210,237.72437074006086,126.74609996611252,2061.2066999892704,75.32222222222222
1790844767,50,POST,POST /events,36.300000,0.000000,72,76,78,79,83,87,91,93,96,96,96,989,0,73,76.70046723952952,49.79499999899417,1909.228799981065,80.0
1790844767,50,,Aggregated,45.200000,0.000000,75,80,86,170,230,240,260,270,290,290,290,1259,0,76,111.23299618722092,49.79499999899417,2061.2066999892704,78.99682287529785
1790844768,50,GET,GET /inventory/{product_id},9.000000,0.000000,220,240,240,250,260,270,290,290,290,290,290,279,0,210,237.4149784942301,126.74609996611252,2061.2066999892704,75.34408602150538
1790844768,50,POST,POST /events,36.000000,0.000000,72,76,78,79,83,87,91,93,96,96,96,1029,0,73,76.48277269161339,49.79499999899417,1909.228799981065,80.0
1790844768,50,,Aggregated,45.000000,0.000000,75,80,86,160,220,240,260,270,290,290,290,1308,0,76,110.81005512198806,49.79499999899417,2061.2066999892704,79.00688073394495
1790844769,50,GET,GET /inventory/{product_id},8.800000,0.000000,230,240,240,250,260,270,290,290,290,290,290,281,0,220,237.35933238391854,126.74609996611252,2061.2066999892704,75.34875444839858
1790844769,50,POST,POST /events,36.200000,0.000000,71,75,78,79,83,85,89,91,96,96,96,1073,0,72,76.28316169559959,49.081599980127066,1909.228799981065,80.0
1790844769,50,,Aggregated,45.000000,0.000000,75,79,84,90,220,240,260,270,290,290,290,1354,0,76,109.71182045735559,49.081599980127066,2061.2066999892704,79.03471196454949
1790844770,50,GET,GET /inventory/{product_id},9.400000,0.000000,230,240,240,250,260,270,280,290,290,290,290,288,0,220,237.2728659720451,126.74609996611252,2061.2066999892704,75.36458333333333
1790844770,50,POST,POST /events,35.700000,0.000000,72,76,78,79,83,86,89,91,96,96,96,1112,0,72,76.1274078233995,48.69130003498867,1909.228799981065,80.0
1790844770,50,,Aggregated,45.100000,0.000000,75,80,85,90,230,240,260,270,290,290,290,1400,0,76,109.27733064254946,48.69130003498867,2061.2066999892704,79.04642857142858
1790844771,50,GET,GET /inventory/{product_id},8.600000,0.000000,230,240,250,250,260,270,280,290,290,290,290,296,0,220,237.0012493244045,126.74609996611252,2061.2066999892704,75.38175675675676
1790844771,50,POST,POST /events,36.200000,0.000000,72,75,78,79,83,86,89,91,96,96,96,1148,0,72,76.00998484289423,48.69130003498867,1909.228799981065,80.0
1790844771,50,,Aggregated,44.800000,0.000000,75,79,84,89,230,250,260,270,290,290,290,1444,0,76,109.01096426569688,48.69130003498867,2061.2066999892704,79.05332409972299
1790844772,50,GET,GET /inventory/{product_id},8.500000,0.000000,230,240,250,260,260,280,290,300,300,300,300,301,0,220,237.20882458502481,126.74609996611252,2061.2066999892704,75.39202657807309
1790844772,50,POST,POST /events,36.500000,0.000000,72,75,78,79,83,86,89,90,97,97,97,1185,0,72,75.87289822755484,48.69130003498867,1909.228799981065,80.0
1790844772,50,,Aggregated,45.000000,0.000000,75,79,84,88,230,250,260,280,300,300,300,1486,0,76,108.55265181678665,48.69130003498867,2061.2066999892704,79.06662180349933
1790844773,50,GET,GET /inventory/{product_id},8.700000,0.000000,230,250,260,260,270,280,290,300,300,300,300,314,0,220,236.80186528689524,126.74609996611252,2061.2066999892704,75.4171974522293
1790844773,50,POST,POST /events,36.400000,0.000000,72,76,78,80,84,86,89,90,97,97,97,1219,0,72,75.85417826077806,48.69130003498867,1909.228799981065,80.0
1790844773,50,,Aggregated,45.100000,0.000000,75,80,84,89,220,250,270,280,300,300,300,1533,0,76,108.82063209391622,48.69130003498867,2061.2066999892704,79.06131767775604
1790844774,50,GET,GET /inventory/{product_id},7.800000,0.000000,240,250,260,260,270,290,300,300,300,300,300,325,0,220,237.73952984645103,126.74609996611252,2061.2066999892704,75.43692307692308
1790844774,50,POST,POST /events,37.300000,0.000000,73,76,79,80,84,87,95,110,140,140,140,1251,0,73,75.99252422037218,48.69130003498867,1909.228799981065,80.0
1790844774,50,,Aggregated,45.100000,0.000000,75,80,86,97,230,260,270,280,300,300,300,1576,0,76,109.34771256331356,48.69130003498867,2061.2066999892704,79.05901015228426
1790844775,50,GET,GET /inventory/{product_id},8.300000,0.000000,240,260,260,270,280,290,300,300,300,300,300,335,0,220,238.24277343332713,126.74609996611252,2061.2066999892704,75.45373134328358
1790844775,50,POST,POST /events,37.000000,0.000000,72,76,79,80,84,87,95,110,140,140,140,1289,0,72,75.87521590358925,48.425299988593906,1909.228799981065,80.0
1790844775,50,,Aggregated,45.300000,0.000000,75,81,86,97,240,260,280,280,300,300,300,1624,0,76,109.36852364525316,48.425299988593906,2061.2066999892704,79.0621921182266
1790844776,50,GET,GET /inventory/{product_id},8.100000,0.000000,240,260,260,270,280,280,300,300,300,300,300,341,0,220,238.3661818188066,126.74609996611252,2061.2066999892704,75.4633431085044
1790844776,50,POST,POST /events,36.900000,0.000000,72,76,79,80,84,87,95,110,140,140,140,1331,0,72,75.74093155497279,48.425299988593906,1909.228799981065,80.0
1790844776,50,,Aggregated,45.000000,0.000000,74,80,85,89,230,260,280,280,300,300,300,1672,0,76,108.9079233850968,48.425299988593906,2061.2066999892704,79.07476076555024
1790844777,50,GET,GET /inventory/{product_id},8.600000,0.000000,250,260,260,270,280,280,300,300,300,300,300,351,0,220,238.2388108267656,126.74609996611252,2061.2066999892704,75.47863247863248
1790844777,50,POST,POST /events,36.300000,0.000000,72,76,79,81,84,87,97,110,140,140,140,1364,0,72,75.63984853350708,48.425299988593906,1909.228799981065,80.0
1790844777,50,,Aggregated,44.900000,0.000000,75,81,85,90,240,260,270,280,300,300,300,1715,0,76,108.91812011655881,48.425299988593906,2061.2066999892704,79.07463556851312
1790844778,50,GET,GET /inventory/{product_id},8.100000,0.000000,250,260,260,270,280,280,300,300,300,300,300,361,0,220,238.20814986163725,126.74609996611252,2061.2066999892704,75.49307479224376
1790844778,50,POST,POST /events,37.100000,0.000000,72,76,79,81,84,88,97,110,140,140,140,1397,0,72,75.55367100904526,48.425299988593906,1909.228799981065,80.0
1790844778,50,,Aggregated,45.200000,0.000000,75,81,87,130,240,260,280,280,300,300,300,1758,0,76,108.95427787240459,48.425299988593906,2061.2066999892704,79.0745164960182
1790844779,50,GET,GET /inventory/{product_id},8.200000,0.000000,250,260,270,270,280,290,300,300,300,300,300,370,0,220,238.5776724324977,126.74609996611252,2061.2066999892704,75.50540540540541
1790844779,50,POST,POST /events,37.200000,0.000000,72,76,79,81,84,88,97,110,140,140,140,1432,0,72,75.4390549576905,48.425299988593906,1909.228799981065,80.0
1790844779,50,,Aggregated,45.400000,0.000000,75,81,87,170,250,270,280,290,300,300,300,1802,0,76,108.93588540479298,48.425299988593906,2061.2066999892704,79.07713651498335
1790844780,50,GET,GET /inventory/{product_id},7.800000,0.000000,250,260,270,270,280,300,300,340,340,340,340,381,0,220,238.73268556399174,126.74609996611252,2061.2066999892704,75.51968503937007
1790844780,50,POST,POST /events,37.100000,0.000000,72,76,79,81,84,88,97,110,140,140,140,1468,0,72,75.38314448180735,48.425299988593906,1909.228799981065,80.0
1790844780,50,,Aggregated,44.900000,0.000000,75,82,87,180,250,270,280,300,340,340,340,1849,0,76,109.04251449387455,48.425299988593906,2061.2066999892704,79.07679826933477
1790844781,50,GET,GET /inventory/{product_id},8.600000,0.000000,250,260,270,280,280,300,300,340,340,340,340,392,0,220,239.04447015259078,126.74609996611252,2061.2066999892704,75.53316326530613
1790844781,50,POST,POST /events,36.400000,0.000000,72,76,79,81,84,87,97,130,140,140,140,1504,0,72,75.32586249947192,48.425299988593906,1909.228799981065,80.0
1790844781,50,,Aggregated,45.000000,0.000000,76,82,91,200,260,270,280,300,340,340,340,1896,0,76,109.17485733070747,48.425299988593906,2061.2066999892704,79.07647679324894
1790844782,50,GET,GET /inventory/{product_id},9.000000,0.000000,250,260,270,280,280,300,320,340,340,340,340,404,0,220,239.40353341530871,126.74609996611252,2061.2066999892704,75.54702970297029
1790844782,50,POST,POST /events,36.100000,0.000000,72,76,78,80,84,87,97,130,140,140,140,1537,0,72,75.23382992798611,48.425299988593906,1909.228799981065,80.0
1790844782,50,,Aggregated,45.100000,0.000000,75,82,90,200,260,280,290,300,340,340,340,1941,0,76,109.40413400262717,48.425299988593906,2061.2066999892704,79.07315816589387
1790844783,50,GET,GET /inventory/{product_id},9.500000,0.000000,250,260,280,280,290,300,320,340,340,340,340,413,0,220,239.6735077479755,126.74609996611252,2061.2066999892704,75.55690072639226
1790844783,50,POST,POST /events,35.700000,0.000000,71,75,77,79,83,87,92,97,130,130,130,1572,0,72,75.14644872727324,48.425299988593906,1909.228799981065,80.0
1790844783,50,,Aggregated,45.200000,0.000000,75,81,87,200,260,280,300,300,340,340,340,1985,0,76,109.378023223772,48.425299988593906,2061.2066999892704,79.07556675062972
1790844784,50,GET,GET /inventory/{product_id},10.200000,0.000000,250,260,280,280,300,300,320,340,340,340,340,424,0,220,240.03592287717422,126.74609996611252,2061.2066999892704,75.56839622641509
1790844784,50,POST,POST /events,34.900000,0.000000,72,75,77,78,82,86,92,96,130,130,130,1610,0,72,75.09357596238532,48.425299988593906,1909.228799981065,80.0
1790844784,50,,Aggregated,45.100000,0.000000,74,80,87,190,260,280,300,300,340,340,340,2034,0,76,109.47683805278379,48.425299988593906,2061.2066999892704,79.07620452310718
1790844785,50,GET,GET /inventory/{product_id},9.800000,0.000000,250,260,270,280,300,300,320,340,340,340,340,432,0,220,239.93368703695185,126.74609996611252,2061.2066999892704,75.57638888888889
1790844785,50,POST,POST /events,34.400000,0.000000,72,76,78,79,83,87,91,94,130,130,130,1647,0,72,75.06952276832945,48.425299988593906,1909.228799981065,80.0
1790844785,50,,Aggregated,44.200000,0.000000,75,81,88,200,260,280,300,300,340,340,340,2079,0,76,109.32701144752372,48.425299988593906,2061.2066999892704,79.08080808080808
1790844786,50,GET,GET /inventory/{product_id},9.800000,0.000000,250,270,280,280,300,300,320,340,340,340,340,440,0,220,240.07925386355384,126.74609996611252,2061.2066999892704,75.5840909090909
1790844786,50,POST,POST /events,34.900000,0.000000,73,76,78,80,83,87,91,94,130,130,130,1683,0,72,75.05380172272497,48.425299988593906,1909.228799981065,80.0
1790844786,50,,Aggregated,44.700000,0.000000,75,81,88,190,250,280,300,300,340,340,340,2123,0,76,109.25596796952888,48.425299988593906,2061.2066999892704,79.0847856806406
1790844787,50,GET,GET /inventory/{product_id},9.700000,0.000000,250,270,280,280,300,300,320,340,340,340,340,448,0,230,240.48408705337872,126.74609996611252,2061.2066999892704,75.59151785714286
1790844787,50,POST,POST /events,35.000000,0.000000,72,76,78,80,83,87,91,94,130,130,130,1720,0,72,74.96250895309522,48.425299988593906,1909.228799981065,80.0
1790844787,50,,Aggregated,44.700000,0.000000,75,81,88,200,260,280,300,300,340,340,340,2168,0,76,109.16622988894716,48.425299988593906,2061.2066999892704,79.0890221402214
1790844788,50,GET,GET /inventory/{product_id},9.900000,0.000000,250,270,280,280,300,310,320,340,340,340,340,454,0,230,240.7003555064539,126.74609996611252,2061.2066999892704,75.59691629955947
1790844788,50,POST,POST /events,34.700000,0.000000,72,76,78,80,83,88,91,97,130,130,130,1759,0,72,74.90902234192073,48.425299988593906,1909.228799981065,80.0
1790844788,50,,Aggregated,44.600000,0.000000,75,81,87,190,250,280,300,310,340,340,340,2213,0,76,108.92134283749148,48.425299988593906,2061.2066999892704,79.09670131043832
1790844789,50,GET,GET /inventory/{product_id},9.600000,0.000000,250,260,280,280,290,300,310,320,320,320,320,460,0,230,240.56335717373852,126.74609996611252,2061.2066999892704,75.60217391304347
1790844789,50,POST,POST /events,34.600000,0.000000,72,76,78,80,83,88,91,97,130,130,130,1799,0,72,74.84852456874818,48.425299988593906,1909.228799981065,80.0
1790844789,50,,Aggregated,44.200000,0.000000,75,80,86,130,250,280,290,300,320,320,320,2259,0,76,108.59302346130929,48.425299988593906,2061.2066999892704,79.10447100486941
1790844790,50,GET,GET /inventory/{product_id},9.700000,0.000000,250,270,280,280,290,310,310,320,320,320,320,470,0,230,240.9069442550622,126.74609996611252,2061.2066999892704,75.61063829787234
1790844790,50,POST,POST /events,34.900000,0.000000,73,77,79,80,84,88,92,97,130,130,130,1834,0,72,74.84046401262523,48.425299988593906,1909.228799981065,80.0
1790844790,50,,Aggregated,44.600000,0.000000,76,81,86,96,250,280,290,310,320,320,320,2304,0,76,108.71687274263624,48.425299988593906,2061.2066999892704,79.10460069444444
1790844791,50,GET,GET /inventory/{product_id},9.300000,0.000000,250,270,280,280,300,310,310,310,310,310,310,478,0,230,241.00961987412376,126.74609996611252,2061.2066999892704,75.61715481171548
1790844791,50,POST,POST /events,35.800000,0.000000,73,77,79,80,84,88,91,93,100,100,100,1871,0,72,74.80222089740013,48.425299988593906,1909.228799981065,80.0
1790844791,50,,Aggregated,45.100000,0.000000,75,81,85,91,240,270,290,310,310,310,310,2349,0,76,108.62390532093094,48.425299988593906,2061.2066999892704,79.10813111962537
1790844792,50,GET,GET /inventory/{product_id},9.000000,0.000000,250,270,280,280,290,300,310,310,310,310,310,491,0,230,241.52292525433685,126.74609996611252,2061.2066999892704,75.62729124236253
1790844792,50,POST,POST /events,36.200000,0.000000,73,77,79,80,84,88,91,93,100,100,100,1903,0,72,74.75786384608507,48.03240002365783,1909.228799981065,80.0
1790844792,50,,Aggregated,45.200000,0.000000,76,81,86,92,250,270,290,300,310,310,310,2394,0,76,108.96072314075994,48.03240002365783,2061.2066999892704,79.10317460317461
1790844793,50,GET,GET /inventory/{product_id},8.600000,0.000000,250,270,280,280,290,310,310,320,320,320,320,502,0,230,241.89409840619192,126.74609996611252,2061.2066999892704,75.63545816733068
1790844793,50,POST,POST /events,36.200000,0.000000,73,77,79,80,85,88,92,95,100,100,100,1938,0,72,74.71011516984584,48.03240002365783,1909.228799981065,80.0
1790844793,50,,Aggregated,44.800000,0.000000,76,81,86,97,250,270,290,310,320,320,320,2440,0,76,109.10616417994655,48.03240002365783,2061.2066999892704,79.10204918032787
1790844794,50,GET,GET /inventory/{product_id},8.300000,0.000000,260,270,280,280,290,310,310,320,320,320,320,511,0,230,242.19175146750507,126.74609996611252,2061.2066999892704,75.64187866927593
1790844794,50,POST,POST /events,36.300000,0.000000,72,76,79,80,85,89,93,98,100,100,100,1975,0,72,74.66283042988846,48.03240002365783,1909.228799981065,80.0
1790844794,50,,Aggregated,44.600000,0.000000,75,81,88,97,250,280,290,310,320,320,320,2486,0,76,109.09858209932615,48.03240002365783,2061.2066999892704,79.10418342719228
1790844795,50,GET,GET /inventory/{product_id},8.700000,0.000000,250,270,280,280,290,310,310,320,320,320,320,519,0,230,242.2724364158071,126.74609996611252,2061.2066999892704,75.64739884393063
1790844795,50,POST,POST /events,36.800000,0.000000,72,76,79,80,85,88,92,98,100,100,100,2011,0,72,74.62038120284629,48.03240002365783,1909.228799981065,80.0
1790844795,50,,Aggregated,45.500000,0.000000,75,80,88,98,250,280,290,310,320,320,320,2530,0,76,109.0122454935683,48.03240002365783,2061.2066999892704,79.10711462450593
1790844796,50,GET,GET /inventory/{product_id},8.900000,0.000000,260,270,280,290,300,310,320,360,360,360,360,527,0,230,243.04814440203987,126.74609996611252,2061.2066999892704,75.65275142314991
1790844796,50,POST,POST /events,36.100000,0.000000,72,77,79,80,85,89,92,98,100,100,100,2049,0,72,74.60051044363124,48.03240002365783,1909.228799981065,80.0
1790844796,50,,Aggregated,45.000000,0.000000,75,81,88,98,250,280,300,310,360,360,360,2576,0,76,109.06165294987399,48.03240002365783,2061.2066999892704,79.11063664596273
1790844797,50,GET,GET /inventory/{product_id},8.400000,0.000000,260,270,280,290,300,310,320,360,360,360,360,538,0,230,243.5163563196582,126.74609996611252,2061.2066999892704,75.65985130111524
1790844797,50,POST,POST /events,36.500000,0.000000,72,77,79,80,85,89,93,98,100,100,100,2084,0,72,74.5803743757034,48.03240002365783,1909.228799981065,80.0
1790844797,50,,Aggregated,44.900000,0.000000,76,81,88,99,260,280,300,310,360,360,360,2622,0,76,109.24382147175515,48.03240002365783,2061.2066999892704,79.1094584286804
1790844798,50,GET,GET /inventory/{product_id},8.600000,0.000000,260,280,280,290,310,310,330,360,360,360,360,543,0,230,243.95302854522095,126.74609996611252,2061.2066999892704,75.66298342541437
1790844798,50,POST,POST /events,36.200000,0.000000,72,76,79,80,85,89,92,95,98,98,98,2121,0,72,74.54319410607327,48.03240002365783,1909.228799981065,80.0
1790844798,50,,Aggregated,44.800000,0.000000,75,81,88,98,260,280,310,310,360,360,360,2664,0,76,109.07380225189053,48.03240002365783,2061.2066999892704,79.115990990991
1790844799,50,GET,GET /inventory/{product_id},8.600000,0.000000,260,270,280,290,310,320,360,400,400,400,400,553,0,230,244.1946511757038,126.74609996611252,2061.2066999892704,75.66907775768536
1790844799,50,POST,POST /events,36.500000,0.000000,72,76,79,80,85,89,92,95,98,98,98,2153,0,72,74.56448300007543,48.03240002365783,1909.228799981065,80.0
1790844799,50,,Aggregated,45.100000,0.000000,76,82,89,200,260,280,310,320,400,400,400,2706,0,76,109.23021951194626,48.03240002365783,2061.2066999892704,79.11492978566149
1790844800,50,GET,GET /inventory/{product_id},8.700000,0.000000,260,280,290,290,310,320,360,400,400,400,400,563,0,230,244.68691882809298,126.74609996611252,2061.2066999892704,75.67495559502665
1790844800,50,POST,POST /events,36.300000,0.000000,72,76,79,80,85,89,92,95,98,98,98,2190,0,72,74.52615584423829,48.03240002365783,1909.228799981065,80.0
1790844800,50,,Aggregated,45.000000,0.000000,75,81,89,200,260,290,310,320,400,400,400,2753,0,76,109.32474268038439,48.03240002365783,2061.2066999892704,79.1155103523429
1790844801,50,GET,GET /inventory/{product_id},9.100000,0.000000,260,280,290,290,310,320,360,400,400,400,400,568,0,230,244.78178485950477,126.74609996611252,2061.2066999892704,75.67781690140845
1790844801,50,POST,POST /events,35.700000,0.000000,72,76,79,80,85,89,92,95,98,98,98,2231,0,72,74.51093948835691,48.03240002365783,1909.228799981065,80.0
1790844801,50,,Aggregated,44.800000,0.000000,75,81,88,98,260,290,310,320,400,400,400,2799,0,76,109.06393704848982,48.03240002365783,2061.2066999892704,79.12290103608431
1790844802,50,GET,GET /inventory/{product_id},9.200000,0.000000,260,280,290,290,310,330,360,400,400,400,400,577,0,240,245.2545071060469,126.74609996611252,2061.2066999892704,75.68284228769497
1790844802,50,POST,POST /events,35.500000,0.000000,72,76,79,80,85,89,94,96,98,98,98,2271,0,72,74.49227837889359,48.03240002365783,1909.228799981065,80.0
1790844802,50,,Aggregated,44.700000,0.000000,75,81,87,95,260,290,310,330,400,400,400,2848,0,76,109.08841811750575,48.03240002365783,2061.2066999892704,79.12535112359551
1790844803,50,GET,GET /inventory/{product_id},9.000000,0.000000,270,290,290,300,320,360,380,400,400,400,400,586,0,240,245.94515580234972,126.74609996611252,2061.2066999892704,75.68771331058021
1790844803,50,POST,POST /events,35.700000,0.000000,72,76,79,80,85,88,91,95,98,98,98,2304,0,72,74.4471665791985,48.03240002365783,1909.228799981065,80.0
1790844803,50,,Aggregated,44.700000,0.000000,75,80,85,91,260,290,310,360,400,400,400,2890,0,76,109.22149934209351,48.03240002365783,2061.2066999892704,79.12560553633217
1790844804,50,GET,GET /inventory/{product_id},8.800000,0.000000,270,290,300,310,330,360,380,400,400,400,400,593,0,240,246.31757133247325,126.74609996611252,2061.2066999892704,75.69139966273187
1790844804,50,POST,POST /events,36.000000,0.000000,72,76,79,80,84,88,91,95,98,98,98,2340,0,72,74.41413854631898,48.03240002365783,1909.228799981065,80.0
1790844804,50,,Aggregated,44.800000,0.000000,75,81,85,92,270,300,320,360,400,400,400,2933,0,76,109.16992976424925,48.03240002365783,2061.2066999892704,79.12887828162292
1790844805,50,GET,GET /inventory/{product_id},8.200000,0.000000,270,290,300,310,330,360,380,400,400,400,400,598,0,240,246.52110167261583,126.74609996611252,2061.2066999892704,75.69397993311037
1790844805,50,POST,POST /events,36.100000,0.000000,72,76,79,81,85,88,91,95,98,98,98,2382,0,72,74.40378081378891,48.03240002365783,1909.228799981065,80.0
1790844805,50,,Aggregated,44.300000,0.000000,75,81,85,90,260,300,310,360,400,400,400,2980,0,76,108.94275996599646,48.03240002365783,2061.2066999892704,79.13590604026845
1790844806,50,GET,GET /inventory/{product_id},8.300000,0.000000,270,290,300,310,320,360,380,400,400,400,400,610,0,240,246.82306262347694,126.74609996611252,2061.2066999892704,75.7
1790844806,50,POST,POST /events,36.400000,0.000000,73,76,79,81,85,87,91,95,98,98,98,2412,0,72,74.37524805074712,48.03240002365783,1909.228799981065,80.0
1790844806,50,,Aggregated,44.700000,0.000000,75,81,85,92,270,300,320,330,400,400,400,3022,0,76,109.18437011870382,48.03240002365783,2061.2066999892704,79.1320317670417
1790844807,50,GET,GET /inventory/{product_id},8.200000,0.000000,270,290,310,310,330,360,380,400,400,400,400,619,0,240,247.14084071132035,126.74609996611252,2061.2066999892704,75.70436187399031
1790844807,50,POST,POST /events,36.700000,0.000000,73,77,79,81,85,89,93,95,110,110,110,2451,0,72,74.36548119067184,48.03240002365783,1909.228799981065,80.0
1790844807,50,,Aggregated,44.900000,0.000000,76,81,85,95,260,300,320,330,400,400,400,3070,0,76,109.20194618848338,48.03240002365783,2061.2066999892704,79.13387622149837
1790844808,50,GET,GET /inventory/{product_id},8.000000,0.000000,270,290,300,310,320,360,380,400,400,400,400,623,0,240,247.18201717542692,126.74609996611252,2061.2066999892704,75.70626003210273
1790844808,50,POST,POST /events,37.200000,0.000000,73,77,79,81,85,88,93,95,110,110,110,2491,0,72,74.36689534253546,48.03240002365783,1909.228799981065,80.0
1790844808,50,,Aggregated,45.200000,0.000000,75,81,85,90,260,300,320,330,400,400,400,3114,0,76,108.94101894622568,48.03240002365783,2061.2066999892704,79.14097623635196
1790844809,50,GET,GET /inventory/{product_id},8.300000,0.000000,260,290,300,310,320,350,360,380,380,380,380,632,0,240,247.35359841816958,126.74609996611252,2061.2066999892704,75.71044303797468
1790844809,50,POST,POST /events,36.600000,0.000000,72,76,79,80,84,88,93,95,110,110,110,2528,0,72,74.332533622694,48.03240002365783,1909.228799981065,80.0
1790844809,50,,Aggregated,44.900000,0.000000,75,80,85,90,250,300,320,330,380,380,380,3160,0,75,108.93674658178912,48.03240002365783,2061.2066999892704,79.14208860759494
1790844810,50,GET,GET /inventory/{product_id},8.000000,0.000000,270,290,300,310,320,350,360,380,380,380,380,642,0,240,247.68160218113636,126.74609996611252,2061.2066999892704,75.71495327102804
1790844810,50,POST,POST /events,36.800000,0.000000,72,76,79,80,84,88,93,95,110,110,110,2564,0,72,74.29300893063882,48.03240002365783,1909.228799981065,80.0
1790844810,50,,Aggregated,44.800000,0.000000,74,80,85,91,260,300,320,330,380,380,380,3206,0,75,109.01399360525498,48.03240002365783,2061.2066999892704,79.14192139737992
1790844811,50,GET,GET /inventory/{product_id},7.900000,0.000000,270,290,300,310,320,330,360,380,380,380,380,649,0,240,247.84151201896248,126.74609996611252,2061.2066999892704,75.71802773497689
1790844811,50,POST,POST /events,37.000000,0.000000,72,76,79,81,84,88,93,95,110,110,110,2601,0,72,74.26959407861445,48.03240002365783,1909.228799981065,80.0
1790844811,50,,Aggregated,44.900000,0.000000,75,81,85,91,260,300,320,330,380,380,380,3250,0,75,108.9305709227024,48.03240002365783,2061.2066999892704,79.14492307692308
1790844812,50,GET,GET /inventory/{product_id},7.700000,0.000000,270,290,300,310,320,330,350,380,380,380,380,659,0,240,248.36470470461663,126.74609996611252,2061.2066999892704,75.72230652503794
1790844812,50,POST,POST /events,37.000000,0.000000,72,77,79,81,84,88,93,95,110,110,110,2637,0,72,74.25458638545282,48.03240002365783,1909.228799981065,80.0
1790844812,50,,Aggregated,44.700000,0.000000,75,81,85,93,270,300,320,330,380,380,380,3296,0,76,109.06604511492156,48.03240002365783,2061.2066999892704,79.14472087378641
1790844813,50,GET,GET /inventory/{product_id},7.800000,0.000000,270,300,310,310,320,330,350,350,350,350,350,672,0,240,249.12172842319012,126.74609996611252,2061.2066999892704,75.72767857142857
1790844813,50,POST,POST /events,37.100000,0.000000,72,77,80,81,84,88,93,95,110,110,110,2666,0,72,74.25298049451402,48.03240002365783,1909.228799981065,80.0
1790844813,50,,Aggregated,44.900000,0.000000,76,81,85,95,270,300,320,330,350,350,350,3338,0,76,109.45723412185684,48.03240002365783,2061.2066999892704,79.1399041342121
1790844814,50,GET,GET /inventory/{product_id},7.800000,0.000000,270,290,310,320,320,330,350,350,350,350,350,678,0,240,249.53358362900687,126.74609996611252,2061.2066999892704,75.73008849557522
1790844814,50,POST,POST /events,37.000000,0.000000,72,77,79,81,84,89,94,100,110,110,110,2706,0,72,74.2054353283129,48.03240002365783,1909.228799981065,80.0
1790844814,50,,Aggregated,44.800000,0.000000,76,81,85,100,270,310,320,330,350,350,350,3384,0,76,109.33323809068598,48.03240002365783,2061.2066999892704,79.14450354609929
1790844815,50,GET,GET /inventory/{product_id},8.300000,0.000000,280,300,310,320,330,350,360,370,370,370,370,690,0,240,250.3843036238138,126.74609996611252,2061.2066999892704,75.73478260869565
1790844815,50,POST,POST /events,36.700000,0.000000,72,77,79,81,84,89,94,100,110,110,110,2739,0,72,74.17281442074895,48.03240002365783,1909.228799981065,80.0
1790844815,50,,Aggregated,45.000000,0.000000,75,82,88,180,280,310,330,350,370,370,370,3429,0,76,109.63094435662377,48.03240002365783,2061.2066999892704,79.14173228346456
1790844816,50,GET,GET /inventory/{product_id},8.300000,0.000000,280,300,310,320,330,350,360,370,370,370,370,696,0,240,250.73696724199368,126.74609996611252,2061.2066999892704,75.73706896551724
1790844816,50,POST,POST /events,36.800000,0.000000,72,77,79,81,84,88,94,100,110,110,110,2778,0,72,74.1716221016954,48.03240002365783,1909.228799981065,80.0
1790844816,50,,Aggregated,45.100000,0.000000,75,81,85,100,280,310,330,350,370,370,370,3474,0,76,109.54568088628021,48.03240002365783,2061.2066999892704,79.14594127806564
1790844817,50,GET,GET /inventory/{product_id},8.800000,0.000000,280,300,310,320,330,350,360,370,370,370,370,706,0,240,251.09977138881035,126.74609996611252,2061.2066999892704,75.74079320113314
1790844817,50,POST,POST /events,36.000000,0.000000,72,76,79,81,84,88,93,100,100,100,100,2812,0,72,74.15703193404299,48.03240002365783,1909.228799981065,80.0
1790844817,50,,Aggregated,44.800000,0.000000,75,81,86,180,280,310,330,350,370,370,370,3518,0,76,109.66629118789909,48.03240002365783,2061.2066999892704,79.14525298465037
1790844818,50,GET,GET /inventory/{product_id},9.100000,0.000000,280,310,320,320,330,350,370,380,380,380,380,719,0,240,251.8151703760836,126.74609996611252,2061.2066999892704,75.74547983310153
1790844818,50,POST,POST /events,35.400000,0.000000,72,76,79,81,84,88,92,100,100,100,100,2844,0,72,74.13725717251177,48.03240002365783,1909.228799981065,80.0
1790844818,50,,Aggregated,44.500000,0.000000,76,82,88,210,290,320,330,350,380,380,380,3563,0,76,109.99199183245231,48.03240002365783,2061.2066999892704,79.14145383104126
1790844819,50,GET,GET /inventory/{product_id},8.500000,0.000000,280,310,320,320,330,350,370,380,380,380,380,732,0,240,252.15353333393475,126.74609996611252,2061.2066999892704,75.75
1790844819,50,POST,POST /events,35.900000,0.000000,72,77,80,81,84,89,92,100,100,100,100,2876,0,72,74.12232280894159,48.03240002365783,1909.228799981065,80.0
1790844819,50,,Aggregated,44.400000,0.000000,76,83,90,230,290,320,330,350,380,380,380,3608,0,76,110.2417369176708,48.03240002365783,2061.2066999892704,79.13774944567628
1790844820,50,GET,GET /inventory/{product_id},9.100000,0.000000,280,300,310,320,330,350,370,380,380,380,380,740,0,240,252.16378864928186,126.74609996611252,2061.2066999892704,75.7527027027027
1790844820,50,POST,POST /events,35.600000,0.000000,73,77,79,81,84,88,91,98,100,100,100,2913,0,72,74.0869201505074,48.03240002365783,1909.228799981065,80.0
1790844820,50,,Aggregated,44.700000,0.000000,76,82,89,230,290,320,330,350,380,380,380,3653,0,76,110.16052614259421,48.03240002365783,2061.2066999892704,79.13961127840132
1790844821,50,GET,GET /inventory/{product_id},9.500000,0.000000,280,310,320,320,330,350,370,380,380,380,380,746,0,240,252.57635040267374,126.74609996611252,2061.2066999892704,75.75469168900804
1790844821,50,POST,POST /events,34.700000,0.000000,73,76,79,80,84,88,91,97,100,100,100,2950,0,72,74.0745120672154,48.03240002365783,1909.228799981065,80.0
1790844821,50,,Aggregated,44.200000,0.000000,76,81,89,220,290,320,340,350,380,380,380,3696,0,76,110.10329220743506,48.03240002365783,2061.2066999892704,79.1431277056277
1790844822,50,GET,GET /inventory/{product_id},9.900000,0.000000,280,310,320,320,340,350,370,380,380,380,380,757,0,240,252.99185257652022,126.74609996611252,2061.2066999892704,75.75825627476883
1790844822,50,POST,POST /events,34.300000,0.000000,72,76,78,80,83,88,90,97,100,100,100,2985,0,72,74.05311363424335,48.03240002365783,1909.228799981065,80.0
1790844822,50,,Aggregated,44.200000,0.000000,76,81,89,220,290,320,340,350,380,380,380,3742,0,76,110.25210491679375,48.03240002365783,2061.2066999892704,79.14190272581507
1790844823,50,GET,GET /inventory/{product_id},9.900000,0.000000,280,300,310,320,340,350,370,380,380,380,380,764,0,240,253.37029685924887,126.74609996611252,2061.2066999892704,75.76047120418848
1790844823,50,POST,POST /events,34.400000,0.000000,72,76,78,80,84,89,91,97,100,100,100,3026,0,72,74.02187653610105,48.03240002365783,1909.228799981065,80.0
1790844823,50,,Aggregated,44.300000,0.000000,75,81,89,220,280,320,340,350,380,380,380,3790,0,76,110.17548949833981,48.03240002365783,2061.2066999892704,79.14538258575197
1790844824,50,GET,GET /inventory/{product_id},9.900000,0.000000,280,300,320,320,340,360,380,380,380,380,380,775,0,250,253.94776825868195,126.74609996611252,2061.2066999892704,75.76387096774194
1790844824,50,POST,POST /events,34.400000,0.000000,73,76,78,80,84,88,90,93,100,100,100,3061,0,72,73.99956109053196,48.03240002365783,1909.228799981065,80.0
1790844824,50,,Aggregated,44.300000,0.000000,76,81,89,220,290,320,340,360,380,380,380,3836,0,76,110.35510346678748,48.03240002365783,2061.2066999892704,79.14416058394161
1790844825,50,GET,GET /inventory/{product_id},9.700000,0.000000,290,310,320,320,340,360,380,390,390,390,390,781,0,250,254.53930204911885,126.74609996611252,2061.2066999892704,75.76568501920615
1790844825,50,POST,POST /events,34.700000,0.000000,73,77,78,80,84,88,91,97,100,100,100,3100,0,72,73.99847280585222,48.03240002365783,1909.228799981065,80.0
1790844825,50,,Aggregated,44.400000,0.000000,76,81,87,200,290,320,340,360,390,390,390,3881,0,76,110.32993058451525,48.03240002365783,2061.2066999892704,79.14790002576656
1790844826,50,GET,GET /inventory/{product_id},9.200000,0.000000,290,310,320,320,340,360,380,390,390,390,390,790,0,250,255.06060683585503,126.74609996611252,2061.2066999892704,75.76835443037974
1790844826,50,POST,POST /events,35.000000,0.000000,73,76,78,80,84,88,90,93,100,100,100,3137,0,72,73.95451705389429,48.03240002365783,1909.228799981065,80.0
1790844826,50,,Aggregated,44.200000,0.000000,76,80,88,210,290,320,350,360,390,390,390,3927,0,76,110.3878786346809,48.03240002365783,2061.2066999892704,79.14871403106697
1790844827,50,GET,GET /inventory/{product_id},9.400000,0.000000,290,310,310,320,340,360,380,390,390,390,390,795,0,250,255.09945849094353,126.74609996611252,2061.2066999892704,75.76981132075471
1790844827,50,POST,POST /events,35.100000,0.000000,73,76,78,80,83,88,90,96,100,100,100,3173,0,72,73.92887837942757,48.03240002365783,1909.228799981065,80.0
1790844827,50,,Aggregated,44.500000,0.000000,76,80,86,97,290,310,340,360,390,390,390,3968,0,76,110.22691547334269,48.03240002365783,2061.2066999892704,79.15246975806451
1790844828,50,GET,GET /inventory/{product_id},9.000000,0.000000,290,310,320,320,340,360,380,390,390,390,390,802,0,250,255.5569103492791,126.74609996611252,2061.2066999892704,75.7718204488778
1790844828,50,POST,POST /events,35.800000,0.000000,73,76,78,79,83,87,90,93,100,100,100,3206,0,72,73.89939419773212,48.03240002365783,1909.228799981065,80.0
1790844828,50,,Aggregated,44.800000,0.000000,76,80,84,90,290,320,340,360,390,390,390,4008,0,76,110.24902692067141,48.03240002365783,2061.2066999892704,79.15394211576846
1790844829,50,GET,GET /inventory/{product_id},9.300000,0.000000,290,320,320,330,350,380,390,390,390,390,390,815,0,250,256.36332993884145,126.74609996611252,2061.2066999892704,75.77546012269939
1790844829,50,POST,POST /events,36.000000,0.000000,73,77,78,80,83,87,90,93,100,100,100,3239,0,72,73.90146659403294,48.03240002365783,1909.228799981065,80.0
1790844829,50,,Aggregated,45.300000,0.000000,76,80,85,90,290,320,350,380,390,390,390,4054,0,76,110.58287227386,48.03240002365783,2061.2066999892704,79.15071534287124
1790844830,50,GET,GET /inventory/{product_id},8.600000,0.000000,300,320,320,330,360,380,390,390,390,390,390,821,0,250,256.5449144947598,126.74609996611252,2061.2066999892704,75.77710109622411
1790844830,50,POST,POST /events,36.600000,0.000000,73,77,78,80,83,87,90,96,1400,1400,1400,3279,0,72,74.27270451304851,48.03240002365783,1909.228799981065,80.0
1790844830,50,,Aggregated,45.200000,0.000000,76,80,84,90,290,320,360,380,1400,1400,1400,4100,0,76,110.77160314597167,48.03240002365783,2061.2066999892704,79.15439024390244
1790844831,50,GET,GET /inventory/{product_id},8.200000,0.000000,300,320,320,330,350,380,390,390,390,390,390,826,0,250,256.88119055720193,126.74609996611252,2061.2066999892704,75.77845036319613
1790844831,50,POST,POST /events,36.600000,0.000000,72,77,78,80,83,87,90,96,2000,2000,2000,3317,0,72,74.81701407845634,48.03240002365783,1981.180900009349,80.0
1790844831,50,,Aggregated,44.800000,0.000000,76,80,84,90,290,320,360,380,2000,2000,2000,4143,0,76,111.11559234817487,48.03240002365783,2061.2066999892704,79.15833936760801
1790844832,50,GET,GET /inventory/{product_id},8.200000,0.000000,300,320,330,340,360,380,390,390,390,390,390,836,0,250,257.5136135169639,126.74609996611252,2061.2066999892704,75.7811004784689
1790844832,50,POST,POST /events,36.300000,0.000000,72,76,78,80,83,86,90,96,2000,2000,2000,3357,0,72,74.79056401493051,48.03240002365783,1981.180900009349,80.0
1790844832,50,,Aggregated,44.500000,0.000000,75,80,83,90,300,330,360,380,2000,2000,2000,4193,0,76,111.22187080808575,48.03240002365783,2061.2066999892704,79.15883615549726
1790844833,50,GET,GET /inventory/{product_id},8.000000,0.000000,300,320,330,340,360,380,390,390,390,390,390,845,0,250,258.08389502971505,126.74609996611252,2061.2066999892704,75.78343195266272
1790844833,50,POST,POST /events,35.900000,0.000000,73,77,78,80,83,86,90,96,2000,2000,2000,3396,0,72,74.7589385153245,48.03240002365783,1981.180900009349,80.0
1790844833,50,,Aggregated,43.900000,0.000000,75,80,84,90,300,320,360,380,2000,2000,2000,4241,0,76,111.28560398447328,48.03240002365783,2061.2066999892704,79.15986795567083
1790844834,50,GET,GET /inventory/{product_id},7.900000,0.000000,300,320,330,340,360,380,390,390,390,390,390,850,0,250,258.38304023539155,126.74609996611252,2061.2066999892704,75.78470588235294
1790844834,50,POST,POST /events,36.600000,0.000000,71,76,78,79,83,86,90,96,2000,2000,2000,3434,0,72,74.71234076818786,48.03240002365783,1981.180900009349,80.0
1790844834,50,,Aggregated,44.500000,0.000000,75,79,83,86,300,330,360,390,2000,2000,2000,4284,0,75,111.1549398688235,48.03240002365783,2061.2066999892704,79.16363211951447
1790844835,50,GET,GET /inventory/{product_id},7.800000,0.000000,300,320,330,340,350,370,390,390,390,390,390,857,0,250,258.75892368734293,126.74609996611252,2061.2066999892704,75.78646441073512
1790844835,50,POST,POST /events,36.400000,0.000000,71,76,78,80,83,86,90,96,2000,2000,2000,3473,0,72,74.68982038523971,48.03240002365783,1981.180900009349,80.0
1790844835,50,,Aggregated,44.200000,0.000000,75,79,83,88,300,330,360,380,2000,2000,2000,4330,0,75,111.12104937597931,48.03240002365783,2061.2066999892704,79.16605080831408
1790844836,50,GET,GET /inventory/{product_id},8.100000,0.000000,300,320,330,340,350,370,390,390,390,390,390,865,0,250,258.9241769942024,126.74609996611252,2061.2066999892704,75.78843930635838
1790844836,50,POST,POST /events,36.300000,0.000000,72,76,78,80,83,86,90,94,2000,2000,2000,3509,0,72,74.67549401480399,48.03240002365783,1981.180900009349,80.0
1790844836,50,,Aggregated,44.400000,0.000000,75,80,83,88,300,330,350,380,2000,2000,2000,4374,0,75,111.11241920391684,48.03240002365783,2061.2066999892704,79.16712391403749
1790844837,50,GET,GET /inventory/{product_id},7.500000,0.000000,300,320,330,340,350,370,390,390,390,390,390,870,0,250,259.10236218391555,126.74609996611252,2061.2066999892704,75.78965517241379
1790844837,50,POST,POST /events,36.900000,0.000000,72,76,78,80,83,87,93,97,2000,2000,2000,3546,0,72,74.64271672244354,48.03240002365783,1981.180900009349,80.0
1790844837,50,,Aggregated,44.400000,0.000000,74,80,83,89,300,330,350,380,2000,2000,2000,4416,0,75,110.98327187449985,48.03240002365783,2061.2066999892704,79.17051630434783
1790844838,50,GET,GET /inventory/{product_id},7.600000,0.000000,300,320,340,350,360,380,390,2400,2400,2400,2400,879,0,250,262.04188464159637,126.74609996611252,2376.001600001473,75.79180887372014
1790844838,50,POST,POST /events,36.700000,0.000000,72,76,78,80,83,87,90,97,2000,2000,2000,3581,0,72,74.64078684661618,48.03240002365783,1981.180900009349,80.0
1790844838,50,,Aggregated,44.300000,0.000000,74,80,84,89,300,330,360,390,2400,2400,2400,4460,0,75,111.57477002190488,48.03240002365783,2376.001600001473,79.17062780269059
1790844839,50,GET,GET /inventory/{product_id},7.700000,0.000000,300,320,330,340,350,360,390,2400,2400,2400,2400,884,0,250,262.1690234162384,126.74609996611252,2376.001600001473,75.79298642533936
1790844839,50,POST,POST /events,36.500000,0.000000,72,76,78,80,84,88,90,97,2000,2000,2000,3618,0,72,74.6201904360564,48.03240002365783,1981.180900009349,80.0
1790844839,50,,Aggregated,44.200000,0.000000,74,79,83,88,290,330,350,370,2400,2400,2400,4502,0,75,111.44674937752262,48.03240002365783,2376.001600001473,79.17392270102177
1790844840,50,GET,GET /inventory/{product_id},7.600000,0.000000,300,330,340,350,360,390,410,2400,2400,2400,2400,899,0,250,263.1659210232621,126.74609996611252,2376.001600001473,75.7964404894327
1790844840,50,POST,POST /events,36.400000,0.000000,71,76,78,80,84,88,92,97,2000,2000,2000,3649,0,72,74.61411150939436,48.03240002365783,1981.180900009349,80.0
1790844840,50,,Aggregated,44.000000,0.000000,75,80,85,89,300,330,360,390,2400,2400,2400,4548,0,75,111.88501668814703,48.03240002365783,2376.001600001473,79.16908531222515
1790844841,50,GET,GET /inventory/{product_id},7.400000,0.000000,310,330,340,350,380,400,410,2400,2400,2400,2400,905,0,250,263.5941581215288,126.74609996611252,2376.001600001473,75.79779005524861
1790844841,50,POST,POST /events,37.300000,0.000000,72,76,79,80,84,88,90,95,100,100,100,3689,0,72,74.59005060929547,48.03240002365783,1981.180900009349,80.0
1790844841,50,,Aggregated,44.700000,0.000000,75,80,85,89,300,330,370,390,2400,2400,2400,4594,0,75,111.823119241984,48.03240002365783,2376.001600001473,79.17218110579016
1790844842,50,GET,GET /inventory/{product_id},7.100000,0.000000,310,330,340,350,380,400,420,2400,2400,2400,2400,915,0,250,264.2411931147519,126.74609996611252,2376.001600001473,75.8
1790844842,50,POST,POST /events,37.600000,0.000000,72,76,79,80,84,88,90,95,100,100,100,3721,0,72,74.56022805634856,48.03240002365783,1981.180900009349,80.0
1790844842,50,,Aggregated,44.700000,0.000000,75,80,85,90,300,340,380,400,2400,2400,2400,4636,0,75,111.99726063366501,48.03240002365783,2376.001600001473,79.17105263157895
1790844843,50,GET,GET /inventory/{product_id},7.700000,0.000000,310,330,340,350,380,400,420,2400,2400,2400,2400,927,0,250,264.76783872708353,126.74609996611252,2376.001600001473,75.80258899676376
1790844843,50,POST,POST /events,37.200000,0.000000,72,76,79,80,84,88,92,95,100,100,100,3757,0,72,74.55186230974373,48.03240002365783,1981.180900009349,80.0
1790844843,50,,Aggregated,44.900000,0.000000,74,80,85,92,300,330,380,400,2400,2400,2400,4684,0,75,112.1970822369158,48.03240002365783,2376.001600001473,79.16929974380871
1790844844,50,GET,GET /inventory/{product_id},7.700000,0.000000,310,330,340,360,380,400,420,2400,2400,2400,2400,937,0,250,265.3813646745241,126.74609996611252,2376.001600001473,75.80469583778014
1790844844,50,POST,POST /events,36.700000,0.000000,72,76,79,80,85,89,94,95,100,100,100,3792,0,72,74.52168230419018,48.03240002365783,1981.180900009349,80.0
1790844844,50,,Aggregated,44.400000,0.000000,75,81,87,97,310,340,380,400,2400,2400,2400,4729,0,75,112.33845590981565,48.03240002365783,2376.001600001473,79.16874603510256
1790844845,50,GET,GET /inventory/{product_id},8.300000,0.000000,310,330,340,360,380,400,420,2400,2400,2400,2400,948,0,260,265.8736255274838,126.74609996611252,2376.001600001473,75.80696202531645
1790844845,50,POST,POST /events,36.600000,0.000000,72,76,79,80,85,89,92,95,97,97,97,3826,0,72,74.50398656495682,48.03240002365783,1981.180900009349,80.0
1790844845,50,,Aggregated,44.900000,0.000000,75,81,88,230,310,350,380,400,2400,2400,2400,4774,0,75,112.505330875069,48.03240002365783,2376.001600001473,79.16736489317134
1790844846,50,GET,GET /inventory/{product_id},8.100000,0.000000,310,330,350,360,390,400,420,2400,2400,2400,2400,953,0,260,266.111319937002,126.74609996611252,2376.001600001473,75.80797481636937
1790844846,50,POST,POST /events,36.300000,0.000000,71,76,78,80,84,89,92,95,98,98,98,3867,0,72,74.47869798231098,48.03240002365783,1981.180900009349,80.0
1790844846,50,,Aggregated,44.400000,0.000000,74,81,87,95,310,350,390,400,2400,2400,2400,4820,0,75,112.36788651401649,48.03240002365783,2376.001600001473,79.17116182572614
1790844847,50,GET,GET /inventory/{product_id},8.500000,0.000000,310,330,350,360,390,400,420,2400,2400,2400,2400,960,0,260,266.5143383332179,126.74609996611252,2376.001600001473,75.809375
1790844847,50,POST,POST /events,35.800000,0.000000,71,76,78,80,84,89,92,95,98,98,98,3904,0,72,74.44482310392395,48.03240002365783,1981.180900009349,80.0
1790844847,50,,Aggregated,44.300000,0.000000,75,81,88,98,310,350,390,400,2400,2400,2400,4864,0,75,112.35328005707407,48.03240002365783,2376.001600001473,79.17290296052632
1790844848,50,GET,GET /inventory/{product_id},9.000000,0.000000,310,330,350,360,380,400,410,420,420,420,420,971,0,260,267.1730113285282,126.74609996611252,2376.001600001473,75.81153450051494
1790844848,50,POST,POST /events,35.200000,0.000000,72,76,78,80,83,89,93,95,98,98,98,3937,0,72,74.43729611317401,48.03240002365783,1981.180900009349,80.0
1790844848,50,,Aggregated,44.200000,0.000000,75,82,89,250,310,350,380,400,420,420,420,4908,0,75,112.56818027660289,48.03240002365783,2376.001600001473,79.17135289323554
1790844849,50,GET,GET /inventory/{product_id},8.600000,0.000000,310,340,350,370,390,400,410,420,420,420,420,975,0,260,267.4111012306709,126.74609996611252,2376.001600001473,75.8123076923077
1790844849,50,POST,POST /events,35.500000,0.000000,72,76,78,80,83,90,93,95,98,98,98,3978,0,72,74.41573303104825,48.03240002365783,1981.180900009349,80.0
1790844849,50,,Aggregated,44.100000,0.000000,75,81,88,210,310,350,390,400,420,420,420,4953,0,75,112.4069472435724,48.03240002365783,2376.001600001473,79.175651120533
1790844850,50,GET,GET /inventory/{product_id},8.800000,0.000000,310,330,350,360,390,400,400,420,420,420,420,979,0,260,267.62258079666617,126.74609996611252,2376.001600001473,75.81307456588355
1790844850,50,POST,POST /events,35.400000,0.000000,72,76,78,80,83,88,92,94,500,500,500,4016,0,72,74.50662101525604,48.03240002365783,1981.180900009349,80.0
1790844850,50,,Aggregated,44.200000,0.000000,74,80,84,92,310,350,390,400,500,500,500,4995,0,75,112.35657589533622,48.03240002365783,2376.001600001473,79.17937937937938
1790844852,50,GET,GET /inventory/{product_id},9.200000,0.000000,320,350,360,360,380,390,400,400,400,400,400,991,0,260,268.48493673059596,126.74609996611252,2376.001600001473,75.81533804238143
1790844852,50,POST,POST /events,34.700000,0.000000,72,76,78,80,84,88,93,94,500,500,500,4049,0,72,74.49254912259731,48.03240002365783,1981.180900009349,80.0
1790844852,50,,Aggregated,43.900000,0.000000,75,80,84,92,310,360,380,400,500,500,500,5040,0,75,112.63668724155102,48.03240002365783,2376.001600001473,79.17718253968253
1790844853,50,GET,GET /inventory/{product_id},8.900000,0.000000,320,350,360,370,390,400,410,1100,1100,1100,1100,1000,0,260,269.69474939996144,126.74609996611252,2376.001600001473,75.817
1790844853,50,POST,POST /events,35.600000,0.000000,72,76,79,80,83,88,92,94,500,500,500,4086,0,72,74.48272956373674,48.03240002365783,1981.180900009349,80.0
1790844853,50,,Aggregated,44.500000,0.000000,75,81,84,92,320,360,390,400,1100,1100,1100,5086,0,75,112.86495918155521,48.03240002365783,2376.001600001473,79.17754620526937
1790844854,50,GET,GET /inventory/{product_id},8.600000,0.000000,320,340,350,360,380,400,410,1100,1100,1100,1100,1007,0,260,269.9313604765615,126.74609996611252,2376.001600001473,75.81827209533267
1790844854,50,POST,POST /events,35.700000,0.000000,72,77,79,81,84,88,92,93,500,500,500,4124,0,72,74.48384953862274,48.03240002365783,1981.180900009349,80.0
1790844854,50,,Aggregated,44.300000,0.000000,75,81,84,90,310,350,380,400,1100,1100,1100,5131,0,75,112.84199483476469,48.03240002365783,2376.001600001473,79.17930228025726
1790844855,50,GET,GET /inventory/{product_id},8.600000,0.000000,320,340,350,360,380,400,410,1100,1100,1100,1100,1014,0,260,270.1226842208629,126.74609996611252,2376.001600001473,75.81952662721893
1790844855,50,POST,POST /events,35.700000,0.000000,72,77,79,81,84,88,92,93,500,500,500,4162,0,72,74.45875237798974,48.03240002365783,1981.180900009349,80.0
1790844855,50,,Aggregated,44.300000,0.000000,75,80,84,89,310,350,380,400,1100,1100,1100,5176,0,75,112.79013315246296,48.03240002365783,2376.001600001473,79.18102782071098
1790844856,50,GET,GET /inventory/{product_id},7.900000,0.000000,320,340,350,350,370,390,410,1100,1100,1100,1100,1030,0,260,270.4486932038687,126.74609996611252,2376.001600001473,75.82233009708737
1790844856,50,POST,POST /events,36.500000,0.000000,72,77,80,81,84,88,91,93,500,500,500,4194,0,72,74.43602391440432,48.03240002365783,1981.180900009349,80.0
1790844856,50,,Aggregated,44.400000,0.000000,76,81,85,93,320,350,370,390,1100,1100,1100,5224,0,75,113.08323857140054,48.03240002365783,2376.001600001473,79.17630168453293
1790844857,50,GET,GET /inventory/{product_id},7.700000,0.000000,320,340,350,360,380,400,410,1100,1100,1100,1100,1037,0,260,270.8195780135382,126.74609996611252,2376.001600001473,75.82352941176471
1790844857,50,POST,POST /events,36.700000,0.000000,73,77,80,81,84,88,91,93,1000,1000,1000,4230,0,72,74.64745302533788,48.03240002365783,1981.180900009349,80.0
1790844857,50,,Aggregated,44.400000,0.000000,76,81,85,93,320,350,390,410,1100,1100,1100,5267,0,75,113.27105158481457,48.03240002365783,2376.001600001473,79.17771027150181
1790844858,50,GET,GET /inventory/{product_id},8.000000,0.000000,320,340,350,350,380,400,410,1100,1100,1100,1100,1047,0,260,271.23170229239406,126.74609996611252,2376.001600001473,75.82521489971347
1790844858,50,POST,POST /events,36.700000,0.000000,72,76,79,81,84,88,91,93,1000,1000,1000,4266,0,72,74.61029202939558,48.03240002365783,1981.180900009349,80.0
1790844858,50,,Aggregated,44.700000,0.000000,76,81,85,92,320,350,390,410,1100,1100,1100,5313,0,75,113.3572554296138,48.03240002365783,2376.001600001473,79.17730095990966
1790844859,50,GET,GET /inventory/{product_id},8.200000,0.000000,320,340,350,350,370,390,410,1100,1100,1100,1100,1053,0,260,271.5552001901887,126.74609996611252,2376.001600001473,75.82621082621083
1790844859,50,POST,POST /events,36.200000,0.000000,72,76,79,81,84,87,91,93,1000,1000,1000,4299,0,72,74.56275040647913,48.03240002365783,1981.180900009349,80.0
1790844859,50,,Aggregated,44.400000,0.000000,75,81,85,210,320,350,380,410,1100,1100,1100,5352,0,75,113.32079405787042,48.03240002365783,2376.001600001473,79.17881165919283
1790844860,50,GET,GET /inventory/{product_id},8.500000,0.000000,320,340,350,350,370,390,410,1100,1100,1100,1100,1067,0,260,272.1499006563187,126.74609996611252,2376.001600001473,75.82849109653233
1790844860,50,POST,POST /events,35.900000,0.000000,72,76,78,80,84,87,91,92,1000,1000,1000,4334,0,72,74.53831739677052,48.03240002365783,1981.180900009349,80.0
1790844860,50,,Aggregated,44.400000,0.000000,76,81,87,250,320,350,370,390,1100,1100,1100,5401,0,75,113.57767294906417,48.03240002365783,2376.001600001473,79.17589335308276
1790844861,50,GET,GET /inventory/{product_id},8.100000,0.000000,310,330,340,350,360,390,410,1100,1100,1100,1100,1074,0,260,272.2285040971295,126.74609996611252,2376.001600001473,75.82960893854748
1790844861,50,POST,POST /events,36.100000,0.000000,71,76,78,80,84,88,92,93,1000,1000,1000,4368,0,72,74.51525235753515,48.03240002365783,1981.180900009349,80.0
1790844861,50,,Aggregated,44.200000,0.000000,75,81,87,230,320,340,360,390,1100,1100,1100,5442,0,75,113.53473643844737,48.03240002365783,2376.001600001473,79.17695700110254
1790844862,50,GET,GET /inventory/{product_id},9.100000,0.000000,310,330,340,350,360,390,420,440,440,440,440,1085,0,260,272.66767843345326,126.74609996611252,2376.001600001473,75.83133640552995
1790844862,50,POST,POST /events,34.900000,0.000000,71,76,78,80,84,87,92,93,1000,1000,1000,4404,0,72,74.51256407758616,48.03240002365783,1981.180900009349,80.0
1790844862,50,,Aggregated,44.000000,0.000000,75,81,87,240,310,340,360,390,1000,1000,1000,5489,0,75,113.68150178502209,48.03240002365783,2376.001600001473,79.17598834031699
1790844863,50,GET,GET /inventory/{product_id},9.400000,0.000000,320,330,340,350,370,390,420,440,440,440,440,1097,0,260,273.3577181406955,126.74609996611252,2376.001600001473,75.83318140382862
1790844863,50,POST,POST /events,34.800000,0.000000,71,75,78,80,83,86,92,93,1000,1000,1000,4435,0,72,74.49079578302185,48.03240002365783,1981.180900009349,80.0
1790844863,50,,Aggregated,44.200000,0.000000,75,82,91,250,320,350,380,400,1000,1000,1000,5532,0,75,113.92626465980565,48.03240002365783,2376.001600001473,79.17371655820679
1790844864,50,GET,GET /inventory/{product_id},9.400000,0.000000,320,340,350,360,380,390,420,440,440,440,440,1106,0,260,273.84656564235496,126.74609996611252,2376.001600001473,75.83453887884268
1790844864,50,POST,POST /events,35.100000,0.000000,71,75,78,80,84,86,93,94,1000,1000,1000,4472,0,72,74.48902457453673,48.03240002365783,1981.180900009349,80.0
1790844864,50,,Aggregated,44.500000,0.000000,75,82,92,260,330,350,380,400,1000,1000,1000,5578,0,75,114.01742909605107,48.03240002365783,2376.001600001473,79.17407673001075
1790844865,50,GET,GET /inventory/{product_id},9.500000,0.000000,320,340,360,360,380,400,420,440,440,440,440,1113,0,260,274.17747924568323,126.74609996611252,2376.001600001473,75.8355795148248
1790844865,50,POST,POST /events,34.700000,0.000000,72,76,78,80,84,87,93,99,1000,1000,1000,4509,0,72,74.47408578341499,48.03240002365783,1981.180900009349,80.0
1790844865,50,,Aggregated,44.200000,0.000000,75,81,87,240,320,360,390,410,1000,1000,1000,5622,0,75,114.00981629275411,48.03240002365783,2376.001600001473,79.17556029882604
1790844866,50,GET,GET /inventory/{product_id},10.000000,0.000000,320,340,360,360,380,410,420,440,440,440,440,1122,0,260,274.9015082892694,126.74609996611252,2376.001600001473,75.83689839572193
1790844866,50,POST,POST /events,34.200000,0.000000,72,76,78,80,85,88,93,94,100,100,100,4546,0,72,74.46953693297085,47.74080001516268,1981.180900009349,80.0
1790844866,50,,Aggregated,44.200000,0.000000,75,82,88,240,330,360,380,410,440,440,440,5668,0,75,114.14573168628189,47.74080001516268,2376.001600001473,79.17589978828511
1790844867,50,GET,GET /inventory/{product_id},9.800000,0.000000,330,340,360,370,390,410,420,440,440,440,440,1131,0,260,275.3445251109791,126.74609996611252,2376.001600001473,75.83819628647215
1790844867,50,POST,POST /events,34.200000,0.000000,72,77,80,81,85,88,93,99,110,110,110,4576,0,72,74.47614197930294,47.74080001516268,1981.180900009349,80.0
1790844867,50,,Aggregated,44.000000,0.000000,76,83,89,250,330,360,390,420,440,440,440,5707,0,75,114.28377143820003,47.74080001516268,2376.001600001473,79.17522340984756
1790844868,50,GET,GET /inventory/{product_id},9.100000,0.000000,330,350,360,370,390,410,420,440,440,440,440,1143,0,260,275.9073118989157,126.74609996611252,2376.001600001473,75.83989501312335
1790844868,50,POST,POST /events,34.600000,0.000000,73,77,80,81,85,89,93,100,110,110,110,4609,0,72,74.46488889071559,47.74080001516268,1981.180900009349,80.0
1790844868,50,,Aggregated,43.700000,0.000000,77,83,92,260,340,360,390,410,440,440,440,5752,0,75,114.49421599404882,47.74080001516268,2376.001600001473,79.17333101529903
1790844869,50,GET,GET /inventory/{product_id},9.400000,0.000000,330,350,360,370,390,410,420,440,440,440,440,1147,0,260,276.07594925937434,126.74609996611252,2376.001600001473,75.84045335658239
1790844869,50,POST,POST /events,34.300000,0.000000,73,77,80,82,86,89,93,100,110,110,110,4652,0,72,74.47515659875886,47.74080001516268,1981.180900009349,80.0
1790844869,50,,Aggregated,43.700000,0.000000,76,83,88,210,330,360,390,410,440,440,440,5799,0,75,114.35032631452468,47.74080001516268,2376.001600001473,79.17727194343853
1790844870,50,GET,GET /inventory/{product_id},9.800000,0.000000,340,360,370,380,390,410,420,440,440,440,440,1156,0,260,276.57178910077545,126.74609996611252,2376.001600001473,75.8416955017301
1790844870,50,POST,POST /events,34.100000,0.000000,73,77,80,82,86,90,94,100,1100,1100,1100,4691,0,72,74.6786343205021,47.74080001516268,1981.180900009349,80.0
1790844870,50,,Aggregated,43.900000,0.000000,77,83,89,230,340,370,400,420,1100,1100,1100,5847,0,75,114.59457188267004,47.74080001516268,2376.001600001473,79.1778689926458
1790844871,50,GET,GET /inventory/{product_id},9.400000,0.000000,340,350,370,380,390,410,420,450,450,450,450,1165,0,260,277.07643957120115,126.74609996611252,2376.001600001473,75.84291845493563
1790844871,50,POST,POST /events,35.000000,0.000000,73,77,80,82,86,90,94,100,1100,1100,1100,4728,0,72,74.65147719913132,47.74080001516268,1981.180900009349,80.0
1790844871,50,,Aggregated,44.400000,0.000000,76,83,88,120,340,370,390,410,1100,1100,1100,5893,0,75,114.6693087218636,47.74080001516268,2376.001600001473,79.17817749872731
1790844872,50,GET,GET /inventory/{product_id},8.800000,0.000000,340,360,370,380,390,410,420,450,450,450,450,1167,0,260,277.2450494434227,126.74609996611252,2376.001600001473,75.84318766066838
1790844872,50,POST,POST /events,35.700000,0.000000,73,77,79,81,85,89,94,100,1100,1100,1100,4769,0,72,74.61700740146406,47.74080001516268,1981.180900009349,80.0
1790844872,50,,Aggregated,44.500000,0.000000,75,81,86,92,340,370,390,410,1100,1100,1100,5936,0,75,114.45307968296099,47.74080001516268,2376.001600001473,79.18278301886792
1790844873,50,GET,GET /inventory/{product_id},9.000000,0.000000,340,350,360,370,400,410,420,450,450,450,450,1175,0,260,277.48846621312043,126.74609996611252,2376.001600001473,75.84425531914894
1790844873,50,POST,POST /events,35.700000,0.000000,73,77,79,81,85,89,94,110,1100,1100,1100,4803,0,72,74.64251519835649,47.74080001516268,1981.180900009349,80.0
1790844873,50,,Aggregated,44.700000,0.000000,75,81,85,90,330,360,390,410,1100,1100,1100,5978,0,75,114.51270463334271,47.74080001516268,2376.001600001473,79.18317162930747
1790844874,50,GET,GET /inventory/{product_id},8.200000,0.000000,340,360,370,380,400,420,440,450,450,450,450,1186,0,270,278.34683195664275,126.74609996611252,2376.001600001473,75.84569983136593
1790844874,50,POST,POST /events,35.800000,0.000000,72,76,79,81,85,89,93,110,1100,1100,1100,4839,0,72,74.5992903487661,47.74080001516268,1981.180900009349,80.0
1790844874,50,,Aggregated,44.000000,0.000000,75,81,85,92,340,370,400,420,1100,1100,1100,6025,0,75,114.70627530261534,47.74080001516268,2376.001600001473,79.18224066390042
1790844875,50,GET,GET /inventory/{product_id},7.900000,0.000000,340,350,360,370,390,410,440,450,450,450,450,1194,0,270,278.7582014242856,126.74609996611252,2376.001600001473,75.84673366834171
1790844875,50,POST,POST /events,36.100000,0.000000,72,76,79,81,85,89,92,110,1100,1100,1100,4871,0,72,74.57968456118033,47.74080001516268,1981.180900009349,80.0
1790844875,50,,Aggregated,44.000000,0.000000,75,81,85,92,340,360,390,410,1100,1100,1100,6065,0,75,114.77575201947343,47.74080001516268,2376.001600001473,79.18235779060181
1790844876,50,GET,GET /inventory/{product_id},7.800000,0.000000,340,350,360,370,400,430,440,450,450,450,450,1199,0,270,279.1180195167153,126.74609996611252,2376.001600001473,75.84737281067557
1790844876,50,POST,POST /events,36.500000,0.000000,71,75,78,80,83,87,91,100,1100,1100,1100,4910,0,72,74.53276454127258,47.74080001516268,1981.180900009349,80.0
1790844876,50,,Aggregated,44.300000,0.000000,73,79,83,89,330,360,400,430,1100,1100,1100,6109,0,75,114.68626277593552,47.74080001516268,2376.001600001473,79.18497299066951
1790844877,50,GET,GET /inventory/{product_id},7.900000,0.000000,340,360,370,390,410,440,450,460,460,460,460,1204,0,270,279.48124202707413,126.74609996611252,2376.001600001473,75.84800664451828
1790844877,50,POST,POST /events,36.200000,0.000000,72,75,78,80,84,87,91,100,1100,1100,1100,4954,0,72,74.51771499755836,47.74080001516268,1981.180900009349,80.0
1790844877,50,,Aggregated,44.100000,0.000000,73,79,83,86,330,360,400,440,1100,1100,1100,6158,0,75,114.59177906763583,47.74080001516268,2376.001600001473,79.18821045794088
1790844878,50,GET,GET /inventory/{product_id},7.700000,0.000000,350,360,380,390,410,440,450,460,460,460,460,1216,0,270,280.12913248413065,126.74609996611252,2376.001600001473,75.84950657894737
1790844878,50,POST,POST /events,36.700000,0.000000,71,75,77,79,82,86,90,94,1100,1100,1100,4987,0,72,74.50266486819407,47.74080001516268,1981.180900009349,80.0
1790844878,50,,Aggregated,44.400000,0.000000,73,79,83,89,340,370,400,440,1100,1100,1100,6203,0,75,114.81248021898868,47.74080001516268,2376.001600001473,79.18636143801386
1790844879,50,GET,GET /inventory/{product_id},7.300000,0.000000,350,360,380,390,410,440,450,460,460,460,460,1223,0,270,280.4601703193998,126.74609996611252,2376.001600001473,75.85036794766967
1790844879,50,POST,POST /events,37.500000,0.000000,71,75,78,79,82,86,89,91,300,300,300,5024,0,72,74.4899440680201,47.74080001516268,1981.180900009349,80.0
1790844879,50,,Aggregated,44.800000,0.000000,73,79,82,87,340,370,400,430,460,460,460,6247,0,75,114.81355327330863,47.74080001516268,2376.001600001473,79.18761005282536
1790844880,50,GET,GET /inventory/{product_id},7.100000,0.000000,350,360,380,380,400,430,440,460,460,460,460,1232,0,270,280.81324017916046,126.74609996611252,2376.001600001473,75.85146103896103
1790844880,50,POST,POST /events,37.600000,0.000000,71,75,78,80,82,86,90,92,300,300,300,5062,0,72,74.49234103074618,47.74080001516268,1981.180900009349,80.0
1790844880,50,,Aggregated,44.700000,0.000000,73,79,82,87,340,360,400,430,460,460,460,6294,0,75,114.87800162033092,47.74080001516268,2376.001600001473,79.18795678423896
1790844881,50,GET,GET /inventory/{product_id},7.700000,0.000000,340,360,380,390,400,430,440,460,460,460,460,1236,0,270,281.0877006478637,126.74609996611252,2376.001600001473,75.85194174757281
1790844881,50,POST,POST /events,37.000000,0.000000,71,75,78,80,83,86,90,92,300,300,300,5098,0,72,74.47447638240334,47.74080001516268,1981.180900009349,80.0
1790844881,50,,Aggregated,44.700000,0.000000,73,80,83,88,340,370,400,430,460,460,460,6334,0,75,114.79243425927561,47.74080001516268,2376.001600001473,79.19055888853805
1790844882,50,GET,GET /inventory/{product_id},7.400000,0.000000,350,370,390,390,410,430,440,460,460,460,460,1246,0,270,281.75105393329227,126.74609996611252,2376.001600001473,75.85313001605137
1790844882,50,POST,POST /events,36.900000,0.000000,71,75,78,80,83,86,90,92,140,140,140,5132,0,72,74.44365972280148,47.74080001516268,1981.180900009349,80.0
1790844882,50,,Aggregated,44.300000,0.000000,73,80,83,89,340,380,400,430,460,460,460,6378,0,75,114.94303463441508,47.74080001516268,2376.001600001473,79.18987143305111
1790844883,50,GET,GET /inventory/{product_id},7.000000,0.000000,350,370,390,390,410,430,440,460,460,460,460,1254,0,270,282.268421292523,126.74609996611252,2376.001600001473,75.85406698564593
1790844883,50,POST,POST /events,36.500000,0.000000,72,75,78,80,83,86,91,94,1300,1300,1300,5169,0,72,74.66674681702607,47.74080001516268,1981.180900009349,80.0
1790844883,50,,Aggregated,43.500000,0.000000,74,80,83,89,340,380,400,430,1300,1300,1300,6423,0,75,115.19804057263453,47.74080001516268,2376.001600001473,79.19056515646894
1790844884,50,GET,GET /inventory/{product_id},7.800000,0.000000,360,380,390,400,410,430,440,460,460,460,460,1262,0,270,282.8658666409956,126.74609996611252,2376.001600001473,75.85499207606973
1790844884,50,POST,POST /events,36.500000,0.000000,71,75,78,80,83,86,91,94,1300,1300,1300,5207,0,72,74.63669736840747,47.74080001516268,1981.180900009349,80.0
1790844884,50,,Aggregated,44.300000,0.000000,73,80,83,89,340,390,410,430,1300,1300,1300,6469,0,75,115.25892825757214,47.74080001516268,2376.001600001473,79.19137424640594
1790844885,50,GET,GET /inventory/{product_id},7.900000,0.000000,360,380,390,400,430,440,450,460,460,460,460,1272,0,270,283.4102704409644,126.74609996611252,2376.001600001473,75.85613207547169
1790844885,50,POST,POST /events,36.800000,0.000000,71,76,78,80,83,87,92,96,1300,1300,1300,5243,0,72,74.60956072808742,47.74080001516268,1981.180900009349,80.0
1790844885,50,,Aggregated,44.700000,0.000000,74,80,85,92,350,390,430,440,1300,1300,1300,6515,0,75,115.37617665360999,47.74080001516268,2376.001600001473,79.19094397544129
1790844886,50,GET,GET /inventory/{product_id},7.500000,0.000000,350,370,380,390,410,430,450,450,450,450,450,1284,0,270,283.756898676743,126.74609996611252,2376.001600001473,75.85747663551402
1790844886,50,POST,POST /events,37.100000,0.000000,71,76,78,80,83,86,92,96,1300,1300,1300,5275,0,72,74.59042369618668,47.74080001516268,1981.180900009349,80.0
1790844886,50,,Aggregated,44.600000,0.000000,75,81,85,240,350,380,410,440,1300,1300,1300,6559,0,75,115.53717684072613,47.74080001516268,2376.001600001473,79.1890532093307
1790844887,50,GET,GET /inventory/{product_id},7.800000,0.000000,350,370,390,390,420,430,450,450,450,450,450,1296,0,270,284.36451882787225,126.74609996611252,2376.001600001473,75.85879629629629
1790844887,50,POST,POST /events,37.000000,0.000000,71,76,79,80,83,86,92,96,1300,1300,1300,5309,0,72,74.57261269494485,47.74080001516268,1981.180900009349,80.0
1790844887,50,,Aggregated,44.800000,0.000000,75,81,85,260,350,390,420,440,1300,1300,1300,6605,0,75,115.73692917462296,47.74080001516268,2376.001600001473,79.18743376230128
1790844888,50,GET,GET /inventory/{product_id},8.400000,0.000000,350,370,390,400,430,440,450,510,510,510,510,1303,0,270,284.82476638591436,126.74609996611252,2376.001600001473,75.85955487336915
1790844888,50,POST,POST /events,36.300000,0.000000,71,75,79,80,83,86,94,96,1300,1300,1300,5346,0,72,74.56271911661962,47.74080001516268,1981.180900009349,80.0
1790844888,50,,Aggregated,44.700000,0.000000,74,81,85,140,350,390,430,440,1300,1300,1300,6649,0,75,115.7676292673026,47.74080001516268,2376.001600001473,79.18859978944202
1790844889,50,GET,GET /inventory/{product_id},8.600000,0.000000,350,370,390,400,430,440,450,510,510,510,510,1316,0,270,285.4020721890796,126.74609996611252,2376.001600001473,75.86094224924013
1790844889,50,POST,POST /events,35.200000,0.000000,71,76,79,81,83,86,93,96,1300,1300,1300,5372,0,72,74.5651501298335,47.74080001516268,1981.180900009349,80.0
1790844889,50,,Aggregated,43.800000,0.000000,75,82,89,280,360,390,430,440,1300,1300,1300,6688,0,75,116.0516018986684,47.74080001516268,2376.001600001473,79.18555622009569
1790844890,50,GET,GET /inventory/{product_id},8.700000,0.000000,360,380,390,400,430,450,520,980,980,980,980,1328,0,270,286.64015308796553,126.74609996611252,2376.001600001473,75.86219879518072
1790844890,50,POST,POST /events,34.900000,0.000000,72,76,79,81,84,86,92,96,1300,1300,1300,5406,0,72,74.55851278162325,47.74080001516268,1981.180900009349,80.0
1790844890,50,,Aggregated,43.600000,0.000000,76,82,90,300,360,400,440,500,1300,1300,1300,6734,0,75,116.38275072739435,47.74080001516268,2376.001600001473,79.18399168399168
1790844891,50,GET,GET /inventory/{product_id},8.700000,0.000000,350,380,390,400,440,460,520,980,980,980,980,1338,0,270,287.31624559103966,126.74609996611252,2376.001600001473,75.86322869955157
1790844891,50,POST,POST /events,34.500000,0.000000,72,76,79,81,83,86,92,96,1300,1300,1300,5439,0,72,74.54568992414167,47.74080001516268,1981.180900009349,80.0
1790844891,50,,Aggregated,43.200000,0.000000,76,82,90,300,360,400,450,500,1300,1300,1300,6777,0,75,116.55351100755756,47.74080001516268,2376.001600001473,79.18326693227091
1790844892,50,GET,GET /inventory/{product_id},9.800000,0.000000,350,370,390,410,440,470,520,980,980,980,980,1352,0,280,288.08269208644487,126.74609996611252,2376.001600001473,75.8646449704142
1790844892,50,POST,POST /events,33.800000,0.000000,72,76,79,81,84,86,90,93,96,96,96,5470,0,72,74.5438392316966,47.74080001516268,1981.180900009349,80.0
1790844892,50,,Aggregated,43.600000,0.000000,76,83,95,310,360,410,450,470,980,980,980,6822,0,75,116.86347116655729,47.74080001516268,2376.001600001473,79.18044561712108
1790844893,50,GET,GET /inventory/{product_id},9.900000,0.000000,350,370,390,410,440,460,510,520,980,980,980,1365,0,280,288.71743333404,126.74609996611252,2376.001600001473,75.86593406593407
1790844893,50,POST,POST /events,33.900000,0.000000,72,76,79,81,84,86,91,95,96,96,96,5498,0,72,74.52818610352547,47.74080001516268,1981.180900009349,80.0
1790844893,50,,Aggregated,43.800000,0.000000,77,83,260,310,370,410,450,470,980,980,980,6863,0,75,117.12884506748472,47.74080001516268,2376.001600001473,79.1777648258779
1790844894,50,GET,GET /inventory/{product_id},10.100000,0.000000,350,380,390,400,440,460,510,520,980,980,980,1377,0,280,289.32606732103665,126.74609996611252,2376.001600001473,75.86710239651416
1790844894,50,POST,POST /events,33.300000,0.000000,73,77,79,81,83,86,90,95,96,96,96,5529,0,72,74.52669670774131,47.74080001516268,1981.180900009349,80.0
1790844894,50,,Aggregated,43.400000,0.000000,77,83,260,320,370,410,450,470,980,980,980,6906,0,75,117.3559369820691,47.74080001516268,2376.001600001473,79.17593397046046
1790844895,50,GET,GET /inventory/{product_id},10.900000,0.000000,350,390,390,410,430,460,510,520,980,980,980,1383,0,280,289.6148151851415,126.74609996611252,2376.001600001473,75.86767895878525
1790844895,50,POST,POST /events,32.300000,0.000000,73,76,79,80,83,86,89,91,95,95,95,5564,0,72,74.49544584779693,47.74080001516268,1981.180900009349,80.0
1790844895,50,,Aggregated,43.200000,0.000000,77,83,260,310,370,410,450,500,980,980,980,6947,0,75,117.32113863512204,47.74080001516268,2376.001600001473,79.17734273787246
1790844896,50,GET,GET /inventory/{product_id},11.400000,0.000000,360,390,390,410,440,470,520,980,3500,3500,3500,1397,1,280,292.61100143240867,126.74609996611252,3457.1864000172354,75.8690050107373
1790844896,50,POST,POST /events,31.400000,0.000000,72,76,78,79,83,86,89,91,95,95,95,5594,0,72,74.47633671739199,47.74080001516268,1981.180900009349,80.0
1790844896,50,,Aggregated,42.800000,0.000000,76,83,290,320,370,410,460,500,3500,3500,3500,6991,1,75,118.06582700588838,47.74080001516268,3457.1864000172354,79.17451008439423
1790844897,50,GET,GET /inventory/{product_id},11.300000,0.000000,360,390,400,410,440,470,520,980,3500,3500,3500,1412,1,280,293.4746298874351,126.74609996611252,3457.1864000172354,75.87039660056658
1790844897,50,POST,POST /events,31.600000,0.000000,73,76,78,79,84,87,89,92,1300,1300,1300,5625,0,72,74.68422632835184,47.74080001516268,1981.180900009349,80.0
1790844897,50,,Aggregated,42.900000,0.000000,77,84,300,330,390,420,460,500,3500,3500,3500,7037,1,75,118.58532762512968,47.74080001516268,3457.1864000172354,79.17137984936763
1790844898,50,GET,GET /inventory/{product_id},11.400000,0.100000,360,390,400,410,450,480,520,980,3500,3500,3500,1417,1,280,293.67754446089054,126.74609996611252,3457.1864000172354,75.87085391672548
1790844898,50,POST,POST /events,31.100000,0.000000,72,76,78,79,84,86,89,90,1300,1300,1300,5667,0,72,74.64505494918983,47.74080001516268,1981.180900009349,80.0
1790844898,50,,Aggregated,42.500000,0.100000,76,84,260,320,390,420,460,500,3500,3500,3500,7084,1,75,118.45773671628184,47.74080001516268,3457.1864000172354,79.1740542066629
1790844899,50,GET,GET /inventory/{product_id},11.500000,0.100000,360,390,400,410,450,470,520,3500,3500,3500,3500,1424,1,280,293.916787219929,126.74609996611252,3457.1864000172354,75.87148876404494
1790844899,50,POST,POST /events,31.300000,0.000000,71,76,78,79,84,86,89,90,1300,1300,1300,5702,0,72,74.62827285111396,47.74080001516268,1981.180900009349,80.0
1790844899,50,,Aggregated,42.800000,0.100000,76,82,90,310,370,410,460,480,3500,3500,3500,7126,1,75,118.44904810528077,47.74080001516268,3457.1864000172354,79.17499298344092
1790844900,50,GET,GET /inventory/{product_id},11.400000,0.100000,360,390,400,420,450,480,2600,3500,3500,3500,3500,1432,1,280,295.8943100567932,126.74609996611252,3457.1864000172354,75.87220670391062
1790844900,50,POST,POST /events,31.500000,0.000000,71,75,77,79,83,86,89,90,1300,1300,1300,5738,0,72,74.61979987747821,47.74080001516268,1981.180900009349,80.0
1790844900,50,,Aggregated,42.900000,0.100000,75,82,90,310,370,420,460,490,3500,3500,3500,7170,1,75,118.81297959529955,47.74080001516268,3457.1864000172354,79.17559274755928
1790844901,50,GET,GET /inventory/{product_id},10.900000,0.100000,360,390,400,410,440,480,2600,3500,3500,3500,3500,1439,1,280,296.2688129266049,126.74609996611252,3457.1864000172354,75.87282835302294
1790844901,50,POST,POST /events,32.200000,0.000000,71,76,78,79,84,87,90,96,1300,1300,1300,5772,0,72,74.63997241806206,47.74080001516268,1981.180900009349,80.0
1790844901,50,,Aggregated,43.100000,0.100000,75,82,89,300,370,410,450,490,3500,3500,3500,7211,1,75,118.8673890720342,47.74080001516268,3457.1864000172354,79.17639717098876
1790844902,50,GET,GET /inventory/{product_id},10.300000,0.100000,370,390,400,420,450,490,2600,3500,3500,3500,3500,1453,1,280,297.165189952787,126.74609996611252,3457.1864000172354,75.87405368203716
1790844902,50,POST,POST /events,32.700000,0.000000,72,76,79,80,84,87,92,96,1300,1300,1300,5804,0,72,74.64632506841617,47.74080001516268,1981.180900009349,80.0
1790844902,50,,Aggregated,43.000000,0.100000,75,83,90,300,380,420,460,520,3500,3500,3500,7257,1,75,119.1991582883405,47.74080001516268,3457.1864000172354,79.1739010610445
1790844903,50,GET,GET /inventory/{product_id},10.500000,0.100000,370,390,410,420,450,490,2600,3500,3500,3500,3500,1455,1,280,297.32745354047006,126.74609996611252,3457.1864000172354,75.87422680412371
1790844903,50,POST,POST /events,33.100000,0.000000,71,76,79,81,85,89,94,99,1300,1300,1300,5850,0,72,74.64424152083448,47.74080001516268,1981.180900009349,80.0
1790844903,50,,Aggregated,43.600000,0.100000,75,82,87,160,370,410,460,520,3500,3500,3500,7305,1,75,118.99798190256888,47.74080001516268,3457.1864000172354,79.1782340862423
1790844904,50,GET,GET /inventory/{product_id},10.000000,0.100000,370,400,410,430,460,490,2600,3500,3500,3500,3500,1464,1,280,297.7784456977178,126.74609996611252,3457.1864000172354,75.875
1790844904,50,POST,POST /events,33.100000,0.000000,72,77,79,81,85,89,94,99,1300,1300,1300,5886,0,72,74.63418710445593,47.74080001516268,1981.180900009349,80.0
1790844904,50,,Aggregated,43.100000,0.100000,75,82,87,160,370,420,460,520,3500,3500,3500,7350,1,75,119.08088024466483,47.74080001516268,3457.1864000172354,79.17836734693877
1790844905,50,GET,GET /inventory/{product_id},9.300000,0.100000,370,400,420,430,460,490,550,2600,2600,2600,2600,1471,1,280,298.0273657385877,126.74609996611252,3457.1864000172354,75.87559483344664
1790844905,50,POST,POST /events,34.100000,0.000000,72,77,80,82,85,90,96,99,1300,1300,1300,5923,0,72,74.61907021724844,47.74080001516268,1981.180900009349,80.0
1790844905,50,,Aggregated,43.400000,0.100000,75,82,86,94,370,410,460,490,2600,2600,2600,7394,1,75,119.0650538136631,47.74080001516268,3457.1864000172354,79.17946984041114
1790844906,50,GET,GET /inventory/{product_id},8.600000,0.100000,370,400,410,420,450,490,550,2600,2600,2600,2600,1479,1,280,298.47711947360256,126.74609996611252,3457.1864000172354,75.8762677484787
1790844906,50,POST,POST /events,35.000000,0.000000,73,77,80,81,85,90,96,99,1300,1300,1300,5958,0,72,74.61582371550348,47.74080001516268,1981.180900009349,80.0
1790844906,50,,Aggregated,43.600000,0.100000,75,81,86,93,370,410,450,490,2600,2600,2600,7437,1,75,119.13523428780798,47.74080001516268,3457.1864000172354,79.17991125453813
1790844907,50,GET,GET /inventory/{product_id},8.500000,0.100000,380,400,420,430,460,490,550,2600,2600,2600,2600,1485,1,280,298.9465002029325,126.74609996611252,3457.1864000172354,75.87676767676767
1790844907,50,POST,POST /events,34.300000,0.000000,73,77,80,81,85,89,93,98,160,160,160,5997,0,72,74.59576273084957,47.74080001516268,1981.180900009349,80.0
1790844907,50,,Aggregated,42.800000,0.100000,75,81,85,90,370,410,450,480,2600,2600,2600,7482,1,75,119.12407670385721,47.74080001516268,3457.1864000172354,79.18163592622294
1790844908,50,GET,GET /inventory/{product_id},8.000000,0.000000,380,400,420,430,460,480,550,2600,2600,2600,2600,1497,1,280,299.6495179701335,126.74609996611252,3457.1864000172354,75.87775551102204
1790844908,50,POST,POST /events,35.300000,0.000000,73,77,81,82,85,89,94,98,160,160,160,6027,0,72,74.59792936732939,47.74080001516268,1981.180900009349,80.0
1790844908,50,,Aggregated,43.300000,0.000000,76,82,86,96,380,420,450,470,2600,2600,2600,7524,1,75,119.37494001836578,47.74080001516268,3457.1864000172354,79.1798245614035
1790844909,50,GET,GET /inventory/{product_id},7.900000,0.000000,390,410,430,440,470,490,550,2600,2600,2600,2600,1509,1,280,300.1947721677497,126.74609996611252,3457.1864000172354,75.87872763419483
1790844909,50,POST,POST /events,36.300000,0.000000,73,77,81,82,85,90,94,98,160,160,160,6061,0,72,74.59344984271691,47.74080001516268,1981.180900009349,80.0
1790844909,50,,Aggregated,44.200000,0.000000,76,82,87,96,380,420,460,480,2600,2600,2600,7570,1,75,119.56470418729742,47.74080001516268,3457.1864000172354,79.17846763540291
1790844910,50,GET,GET /inventory/{product_id},7.300000,0.000000,390,400,420,440,460,480,490,550,550,550,550,1515,1,290,300.48252382913523,126.74609996611252,3457.1864000172354,75.87920792079208
1790844910,50,POST,POST /events,36.800000,0.000000,73,77,80,82,86,90,94,99,160,160,160,6100,0,72,74.58295236012448,47.74080001516268,1981.180900009349,80.0
1790844910,50,,Aggregated,44.100000,0.000000,76,82,87,93,380,410,460,480,550,550,550,7615,1,75,119.52554602730127,47.74080001516268,3457.1864000172354,79.18017071569271
1790844911,50,GET,GET /inventory/{product_id},8.600000,0.000000,390,410,420,440,460,480,490,490,490,490,490,1521,1,290,300.8060407633697,126.74609996611252,3457.1864000172354,75.87968441814596
1790844911,50,POST,POST /events,35.800000,0.000000,73,77,80,81,85,88,92,94,100,100,100,6135,0,72,74.56029669054159,47.74080001516268,1981.180900009349,80.0
1790844911,50,,Aggregated,44.400000,0.000000,75,81,86,91,370,410,450,480,490,490,490,7656,1,75,119.50802092444593,47.74080001516268,3457.1864000172354,79.1814263322884
1790844912,50,GET,GET /inventory/{product_id},8.200000,0.000000,380,410,430,440,470,490,490,550,550,550,550,1530,1,290,301.51294888958967,126.74609996611252,3457.1864000172354,75.88039215686274
1790844912,50,POST,POST /events,35.900000,0.000000,73,77,79,81,85,88,91,93,100,100,100,6169,0,72,74.56124542006798,47.74080001516268,1981.180900009349,80.0
1790844912,50,,Aggregated,44.100000,0.000000,75,81,85,90,370,430,470,480,550,550,550,7699,1,75,119.66270097382407,47.74080001516268,3457.1864000172354,79.1813222496428
1790844913,50,GET,GET /inventory/{product_id},7.800000,0.000000,380,410,430,440,470,490,500,550,550,550,550,1540,1,290,302.005691299413,126.74609996611252,3457.1864000172354,75.88116883116884
1790844913,50,POST,POST /events,35.800000,0.000000,73,77,79,81,84,87,90,91,100,100,100,6205,0,72,74.56053020090194,47.74080001516268,1981.180900009349,80.0
1790844913,50,,Aggregated,43.600000,0.000000,76,81,86,91,380,430,470,490,550,550,550,7745,1,75,119.7852620397279,47.74080001516268,3457.1864000172354,79.18102001291156
1790844914,50,GET,GET /inventory/{product_id},7.900000,0.000000,390,410,430,440,470,490,500,550,550,550,550,1550,1,290,302.5251436781048,126.74609996611252,3457.1864000172354,75.88193548387096
1790844914,50,POST,POST /events,36.300000,0.000000,73,77,79,81,84,87,90,91,100,100,100,6241,0,72,74.54948275863896,47.74080001516268,1981.180900009349,80.0
1790844914,50,,Aggregated,44.200000,0.000000,76,81,86,93,380,430,470,490,550,550,550,7791,1,75,119.90467136410322,47.74080001516268,3457.1864000172354,79.18072134514183
1790844915,50,GET,GET /inventory/{product_id},7.800000,0.000000,390,420,430,440,480,490,500,550,550,550,550,1557,1,290,302.8996608870307,126.74609996611252,3457.1864000172354,75.88246628131022
1790844915,50,POST,POST /events,35.900000,0.000000,73,76,79,80,84,87,90,91,100,100,100,6279,0,72,74.53376997879005,47.74080001516268,1981.180900009349,80.0
1790844915,50,,Aggregated,43.700000,0.000000,75,81,85,91,390,430,480,490,550,550,550,7836,1,75,119.90968781239529,47.74080001516268,3457.1864000172354,79.18185298621746
1790844916,50,GET,GET /inventory/{product_id},8.400000,0.000000,390,410,430,440,470,490,500,550,550,550,550,1564,1,290,303.19801975773913,126.74609996611252,3457.1864000172354,75.88299232736573
1790844916,50,POST,POST /events,35.100000,0.000000,73,76,79,80,84,86,90,91,100,100,100,6314,0,72,74.49993745594844,47.74080001516268,1981.180900009349,80.0
1790844916,50,,Aggregated,43.500000,0.000000,75,81,85,92,390,430,470,490,550,550,550,7878,1,75,119.90280629575558,47.74080001516268,3457.1864000172354,79.18266057374969
1790844917,50,GET,GET /inventory/{product_id},8.600000,0.000000,390,410,430,440,480,500,540,550,550,550,550,1572,1,290,303.66280731627614,126.74609996611252,3457.1864000172354,75.88358778625954
1790844917,50,POST,POST /events,35.800000,0.000000,72,76,79,80,83,86,89,91,100,100,100,6353,0,72,74.47332474376147,47.74080001516268,1981.180900009349,80.0
1790844917,50,,Aggregated,44.400000,0.000000,75,81,85,100,380,430,480,500,550,550,550,7925,1,75,119.9352637474199,47.74080001516268,3457.1864000172354,79.18347003154574
1790844918,50,GET,GET /inventory/{product_id},8.700000,0.000000,380,410,430,440,480,500,540,550,550,550,550,1578,1,290,303.7888818131718,126.74609996611252,3457.1864000172354,75.88403041825094
1790844918,50,POST,POST /events,35.600000,0.000000,73,76,79,80,83,86,89,92,100,100,100,6394,0,72,74.4708947915224,47.74080001516268,1981.180900009349,80.0
1790844918,50,,Aggregated,44.300000,0.000000,75,80,83,88,370,420,460,500,550,550,550,7972,1,75,119.86273918692666,47.74080001516268,3457.1864000172354,79.18527345709985
1790844919,50,GET,GET /inventory/{product_id},8.500000,0.000000,380,410,430,440,490,500,540,550,550,550,550,1581,1,290,303.9350613543309,126.74609996611252,3457.1864000172354,75.88425047438331
1790844919,50,POST,POST /events,35.300000,0.000000,73,77,79,80,83,86,89,91,99,99,99,6430,0,72,74.47002412087586,47.74080001516268,1981.180900009349,80.0
1790844919,50,,Aggregated,43.800000,0.000000,75,80,83,86,360,420,480,500,550,550,550,8011,1,75,119.75578418405055,47.74080001516268,3457.1864000172354,79.18774185494945
1790844920,50,GET,GET /inventory/{product_id},8.500000,0.000000,390,410,430,430,490,500,540,550,550,550,550,1589,1,290,304.44202284523374,126.74609996611252,3457.1864000172354,75.88483322844556
1790844920,50,POST,POST /events,35.100000,0.000000,73,77,79,80,82,85,89,91,99,99,99,6466,0,72,74.45886868188728,47.74080001516268,1981.180900009349,80.0
1790844920,50,,Aggregated,43.600000,0.000000,75,80,83,86,380,420,480,500,550,550,550,8055,1,75,119.82736427041087,47.74080001516268,3457.1864000172354,79.18820608317814
1790844921,50,GET,GET /inventory/{product_id},7.400000,0.000000,390,410,430,430,480,500,500,540,540,540,540,1601,1,290,304.86281817675837,126.74609996611252,3457.1864000172354,75.88569643972517
1790844921,50,POST,POST /events,36.200000,0.000000,73,77,79,80,82,85,89,92,110,110,110,6498,0,72,74.45501862065142,47.74080001516268,1981.180900009349,80.0
1790844921,50,,Aggregated,43.600000,0.000000,76,80,83,89,380,420,460,500,540,540,540,8099,1,75,120.00173884405272,47.74080001516268,3457.1864000172354,79.1866897147796
1790844922,50,GET,GET /inventory/{product_id},7.400000,0.000000,380,410,430,430,480,500,500,540,540,540,540,1610,1,290,305.2512515534037,126.74609996611252,3457.1864000172354,75.8863354037267
1790844922,50,POST,POST /events,36.900000,0.000000,73,77,79,80,83,85,89,92,110,110,110,6534,0,72,74.44506365118704,47.74080001516268,1981.180900009349,80.0
1790844922,50,,Aggregated,44.300000,0.000000,75,80,83,89,380,410,450,500,540,540,540,8144,1,75,120.07349716329027,47.74080001516268,3457.1864000172354,79.18676326129666
1790844923,50,GET,GET /inventory/{product_id},7.900000,0.000000,390,410,430,430,470,500,500,540,540,540,540,1618,1,290,305.6974457979072,126.74609996611252,3457.1864000172354,75.88689740420271
1790844923,50,POST,POST /events,36.700000,0.000000,72,76,79,80,83,85,89,91,110,110,110,6572,0,72,74.42918100987156,47.74080001516268,1981.180900009349,80.0
1790844923,50,,Aggregated,44.600000,0.000000,75,80,83,88,380,410,450,490,540,540,540,8190,1,75,120.11807630010864,47.74080001516268,3457.1864000172354,79.18742368742369
1790844924,50,GET,GET /inventory/{product_id},7.900000,0.000000,390,410,420,430,450,490,500,540,540,540,540,1624,1,290,306.0028023404982,126.74609996611252,3457.1864000172354,75.88731527093596
1790844924,50,POST,POST /events,36.200000,0.000000,72,76,79,80,83,87,89,92,110,110,110,6608,0,72,74.41610558367805,47.74080001516268,1981.180900009349,80.0
1790844924,50,,Aggregated,44.100000,0.000000,75,80,83,88,360,410,450,480,540,540,540,8232,1,75,120.10327705271058,47.74080001516268,3457.1864000172354,79.18865403304179
1790844925,50,GET,GET /inventory/{product_id},8.000000,0.000000,390,410,420,430,480,500,540,550,550,550,550,1633,1,290,306.55922718979593,126.74609996611252,3457.1864000172354,75.88793631353337
1790844925,50,POST,POST /events,36.300000,0.000000,72,76,78,80,83,86,89,91,110,110,110,6644,0,72,74.40249829880797,47.74080001516268,1981.180900009349,80.0
1790844925,50,,Aggregated,44.300000,0.000000,75,80,83,88,370,410,470,500,550,550,550,8277,1,75,120.20555958659139,47.74080001516268,3457.1864000172354,79.18871571825541
1790844926,50,GET,GET /inventory/{product_id},7.600000,0.000000,380,410,420,440,480,500,540,550,550,550,550,1642,1,290,306.86718185198146,126.74609996611252,3457.1864000172354,75.88855054811206
1790844926,50,POST,POST /events,37.000000,0.000000,73,77,79,80,83,87,90,94,110,110,110,6677,0,72,74.40019495241883,47.74080001516268,1981.180900009349,80.0
1790844926,50,,Aggregated,44.600000,0.000000,76,80,84,89,360,410,470,490,550,550,550,8319,1,75,120.28441090254287,47.74080001516268,3457.1864000172354,79.18848419281164
1790844927,50,GET,GET /inventory/{product_id},7.500000,0.000000,390,410,430,440,480,500,520,550,550,550,550,1651,1,290,307.50546686918636,126.74609996611252,3457.1864000172354,75.88915808600848
1790844927,50,POST,POST /events,37.000000,0.000000,74,77,79,81,84,87,90,94,110,110,110,6714,0,72,74.3957342861584,47.74080001516268,1981.180900009349,80.0
1790844927,50,,Aggregated,44.500000,0.000000,76,81,84,89,380,420,480,490,550,550,550,8365,1,75,120.40460081270702,47.74080001516268,3457.1864000172354,79.18864315600717
1790844928,50,GET,GET /inventory/{product_id},7.400000,0.000000,390,410,440,440,480,500,520,550,550,550,550,1655,1,290,307.7161882181013,126.74609996611252,3457.1864000172354,75.88942598187312
1790844928,50,POST,POST /events,37.200000,0.000000,74,77,79,80,84,88,90,94,110,110,110,6756,0,72,74.39799917072932,47.74080001516268,1981.180900009349,80.0
1790844928,50,,Aggregated,44.600000,0.000000,76,80,84,89,380,420,480,490,550,550,550,8411,1,75,120.30711852317262,47.74080001516268,3457.1864000172354,79.19117821899893
1790844929,50,GET,GET /inventory/{product_id},8.000000,0.000000,390,420,430,440,470,490,520,550,550,550,550,1666,1,290,308.21269477850626,126.74609996611252,3457.1864000172354,75.89015606242496
1790844929,50,POST,POST /events,36.300000,0.000000,74,77,79,80,84,88,90,94,110,110,110,6790,0,72,74.40262262113475,47.74080001516268,1981.180900009349,80.0
1790844929,50,,Aggregated,44.300000,0.000000,76,81,86,94,390,430,470,490,550,550,550,8456,1,75,120.4678520693586,47.74080001516268,3457.1864000172354,79.19027909176916
1790844930,50,GET,GET /inventory/{product_id},8.000000,0.000000,400,420,440,440,480,490,520,550,550,550,550,1677,1,290,308.79720375724173,126.74609996611252,3457.1864000172354,75.89087656529517
1790844930,50,POST,POST /events,36.600000,0.000000,74,77,79,80,84,88,91,94,110,110,110,6821,0,72,74.40093040573046,47.74080001516268,1981.180900009349,80.0
1790844930,50,,Aggregated,44.600000,0.000000,76,81,86,95,390,440,480,490,550,550,550,8498,1,75,120.65682007512143,47.74080001516268,3457.1864000172354,79.18910331842787
1790844931,50,GET,GET /inventory/{product_id},8.000000,0.000000,410,430,440,450,480,510,550,630,630,630,630,1685,1,290,309.5190164989941,126.74609996611252,3457.1864000172354,75.89139465875371
1790844931,50,POST,POST /events,36.300000,0.000000,74,77,79,81,84,88,90,94,96,96,96,6856,0,72,74.39567024466945,47.74080001516268,1981.180900009349,80.0
1790844931,50,,Aggregated,44.300000,0.000000,76,81,86,94,410,440,480,510,630,630,630,8541,1,75,120.78167170100208,47.74080001516268,3457.1864000172354,79.18943917574055
1790844932,50,GET,GET /inventory/{product_id},8.500000,0.000000,410,420,440,440,490,510,550,630,630,630,630,1698,1,300,310.09086331029533,126.74609996611252,3457.1864000172354,75.89222614840989
1790844932,50,POST,POST /events,35.300000,0.000000,74,77,79,81,84,88,90,94,96,96,96,6886,0,72,74.38247121658075,47.74080001516268,1981.180900009349,80.0
1790844932,50,,Aggregated,43.800000,0.000000,77,81,87,240,410,440,490,510,630,630,630,8584,1,75,121.00791969923772,47.74080001516268,3457.1864000172354,79.18744175209693
1790844933,50,GET,GET /inventory/{product_id},8.400000,0.000000,410,430,440,460,500,520,550,630,630,630,630,1706,1,300,310.6361384529679,126.74609996611252,3457.1864000172354,75.89273153575616
1790844933,50,POST,POST /events,34.900000,0.000000,74,78,79,80,84,88,90,94,96,96,96,6919,0,72,74.36556815974716,47.74080001516268,1981.180900009349,80.0
1790844933,50,,Aggregated,43.300000,0.000000,77,81,87,280,410,440,500,520,630,630,630,8625,1,75,121.09920212151347,47.74080001516268,3457.1864000172354,79.18759420289855
1790844934,50,GET,GET /inventory/{product_id},8.300000,0.000000,410,430,440,470,500,540,600,630,630,630,630,1717,1,300,311.4469474670111,126.74609996611252,3457.1864000172354,75.89341875364006
1790844934,50,POST,POST /events,35.200000,0.000000,74,78,79,81,84,88,92,94,100,100,100,6954,0,72,74.3633106697416,47.74080001516268,1981.180900009349,80.0
1790844934,50,,Aggregated,43.500000,0.000000,77,82,88,280,420,450,500,540,630,630,630,8671,1,75,121.30975333851241,47.74080001516268,3457.1864000172354,79.18682966209204
1790844935,50,GET,GET /inventory/{product_id},8.800000,0.000000,410,430,460,460,500,540,600,630,630,630,630,1728,1,300,312.12812170185686,126.74609996611252,3457.1864000172354,75.89409722222223
1790844935,50,POST,POST /events,35.000000,0.000000,74,77,78,80,84,88,91,93,100,100,100,6988,0,72,74.35396375175169,47.74080001516268,1981.180900009349,80.0
1790844935,50,,Aggregated,43.800000,0.000000,77,82,89,290,420,460,500,540,630,630,630,8716,1,75,121.49413641556328,47.74080001516268,3457.1864000172354,79.18597980725103
1790844936,50,GET,GET /inventory/{product_id},9.300000,0.000000,420,430,460,470,510,540,600,630,630,630,630,1736,1,300,312.6486548967834,126.74609996611252,3457.1864000172354,75.89458525345623
1790844936,50,POST,POST /events,34.700000,0.000000,74,77,78,80,84,88,92,94,100,100,100,7020,0,72,74.34640082582418,47.74080001516268,1981.180900009349,80.0
1790844936,50,,Aggregated,44.000000,0.000000,76,82,88,280,420,460,510,540,630,630,630,8756,1,75,121.59317024875533,47.74080001516268,3457.1864000172354,79.18604385564184
1790844937,50,GET,GET /inventory/{product_id},9.300000,0.000000,420,430,460,470,510,550,600,630,630,630,630,1748,1,300,313.32677488603673,126.74609996611252,3457.1864000172354,75.89530892448512
1790844937,50,POST,POST /events,34.400000,0.000000,74,77,78,80,84,88,92,94,100,100,100,7052,0,72,74.3388659950887,47.74080001516268,1981.180900009349,80.0
1790844937,50,,Aggregated,43.700000,0.000000,76,82,89,330,420,460,530,550,630,630,630,8800,1,75,121.8105551702452,47.74080001516268,3457.1864000172354,79.1846590909091
1790844938,50,GET,GET /inventory/{product_id},9.300000,0.000000,410,430,460,470,510,550,600,630,630,630,630,1755,1,300,313.69263868997183,126.74609996611252,3457.1864000172354,75.89572649572649
1790844938,50,POST,POST /events,33.800000,0.000000,73,76,78,80,85,88,91,94,100,100,100,7092,0,72,74.33959555796619,47.74080001516268,1981.180900009349,80.0
1790844938,50,,Aggregated,43.100000,0.000000,76,82,89,350,420,460,530,550,630,630,630,8847,1,75,121.8206163216906,47.74080001516268,3457.1864000172354,79.18582570362835
1790844939,50,GET,GET /inventory/{product_id},9.200000,0.000000,420,440,460,470,530,550,600,630,630,630,630,1764,1,300,314.2498312363242,126.74609996611252,3457.1864000172354,75.89625850340136
1790844939,50,POST,POST /events,33.800000,0.000000,73,76,78,80,85,89,92,95,100,100,100,7127,0,72,74.3237440012966,47.74080001516268,1981.180900009349,80.0
1790844939,50,,Aggregated,43.000000,0.000000,76,82,89,340,420,470,530,550,630,630,630,8891,1,75,121.92577053178684,47.74080001516268,3457.1864000172354,79.18580587110561
1790844940,50,GET,GET /inventory/{product_id},9.700000,0.000000,410,440,460,470,530,550,600,630,630,630,630,1772,1,300,314.7299502262177,126.74609996611252,3457.1864000172354,75.89672686230249
1790844940,50,POST,POST /events,33.500000,0.000000,72,76,78,80,84,89,92,95,100,100,100,7166,0,72,74.29666043780165,47.74080001516268,1981.180900009349,80.0
1790844940,50,,Aggregated,43.200000,0.000000,75,82,89,320,420,460,530,550,630,630,630,8938,1,75,121.96367649341511,47.74080001516268,3457.1864000172354,79.18650704855672
1790844941,50,GET,GET /inventory/{product_id},9.700000,0.000000,410,440,460,470,530,550,590,600,600,600,600,1778,1,300,315.21711591726114,126.74609996611252,3457.1864000172354,75.8970753655793
1790844941,50,POST,POST /events,33.300000,0.000000,73,76,78,80,84,89,92,97,100,100,100,7200,0,72,74.29551294404922,47.74080001516268,1981.180900009349,80.0
1790844941,50,,Aggregated,43.000000,0.000000,75,81,89,300,420,460,530,550,600,600,600,8978,1,75,122.00754347271605,47.74080001516268,3457.1864000172354,79.1874582312319
1790844942,50,GET,GET /inventory/{product_id},9.600000,0.000000,420,450,460,470,530,550,590,600,600,600,600,1787,1,300,315.7517672081232,126.74609996611252,3457.1864000172354,75.89759373251259
1790844942,50,POST,POST /events,33.400000,0.000000,73,76,78,80,84,89,92,97,100,100,100,7233,0,72,74.28339254765153,47.74080001516268,1981.180900009349,80.0
1790844942,50,,Aggregated,43.000000,0.000000,75,81,87,270,420,460,530,550,600,600,600,9020,1,75,122.12197187340131,47.74080001516268,3457.1864000172354,79.18725055432373
1790844943,50,GET,GET /inventory/{product_id},9.300000,0.000000,420,450,460,470,530,540,550,560,560,560,560,1799,1,300,316.64851445295983,126.74609996611252,3457.1864000172354,75.8982768204558
1790844943,50,POST,POST /events,34.200000,0.000000,73,76,78,80,84,89,95,100,100,100,100,7266,0,72,74.28496840037168,47.74080001516268,1981.180900009349,80.0
1790844943,50,,Aggregated,43.500000,0.000000,75,81,89,330,420,460,530,540,560,560,560,9065,1,75,122.38337097605906,47.74080001516268,3457.1864000172354,79.18599007170435
1790844944,50,GET,GET /inventory/{product_id},9.800000,0.000000,410,450,460,470,530,540,550,560,560,560,560,1806,1,300,316.8847519384632,126.74609996611252,3457.1864000172354,75.89867109634551
1790844944,50,POST,POST /events,34.200000,0.000000,72,75,78,80,84,89,96,100,100,100,100,7301,0,72,74.27960456060795,47.74080001516268,1981.180900009349,80.0
1790844944,50,,Aggregated,44.000000,0.000000,75,81,88,260,420,460,530,540,560,560,560,9107,1,75,122.39038705367993,47.74080001516268,3457.1864000172354,79.18666959481718
1790844945,50,GET,GET /inventory/{product_id},9.000000,0.000000,420,450,470,490,530,540,560,2200,2200,2200,2200,1817,1,300,318.5958516789843,126.74609996611252,3457.1864000172354,75.89928453494771
1790844945,50,POST,POST /events,34.200000,0.000000,73,76,79,81,85,90,96,100,100,100,100,7334,0,72,74.27837822430675,47.74080001516268,1981.180900009349,80.0
1790844945,50,,Aggregated,43.200000,0.000000,75,82,89,270,420,470,530,540,2200,2200,2200,9151,1,75,122.78945343654028,47.74080001516268,3457.1864000172354,79.18577204677085
1790844946,50,GET,GET /inventory/{product_id},8.900000,0.000000,420,450,470,490,530,550,560,2200,2200,2200,2200,1826,1,300,319.21477568489354,126.74609996611252,3457.1864000172354,75.89978094194961
1790844946,50,POST,POST /events,34.000000,0.000000,72,76,79,80,85,90,95,100,100,100,100,7369,0,72,74.26864041214813,47.74080001516268,1981.180900009349,80.0
1790844946,50,,Aggregated,42.900000,0.000000,75,82,88,240,420,470,530,550,2200,2200,2200,9195,1,75,122.91155971699132,47.74080001516268,3457.1864000172354,79.1857531266993
1790844947,50,GET,GET /inventory/{product_id},8.700000,0.000000,420,460,470,490,530,540,560,2200,2200,2200,2200,1833,1,300,319.5965571744168,126.74609996611252,3457.1864000172354,75.90016366612112
1790844947,50,POST,POST /events,33.600000,0.000000,72,76,79,80,84,89,95,100,100,100,100,7407,0,72,74.25880708752426,47.74080001516268,1981.180900009349,80.0
1790844947,50,,Aggregated,42.300000,0.000000,75,81,87,100,420,470,530,540,2200,2200,2200,9240,1,75,122.92808153657988,47.74080001516268,3457.1864000172354,79.18668831168831
1790844948,50,GET,GET /inventory/{product_id},8.900000,0.000000,420,450,470,490,530,540,560,2200,2200,2200,2200,1842,1,300,319.95281074963356,126.74609996611252,3457.1864000172354,75.90065146579805
1790844948,50,POST,POST /events,33.600000,0.000000,71,75,78,80,83,88,95,100,100,100,100,7442,0,72,74.2392896529594,47.74080001516268,1981.180900009349,80.0
1790844948,50,,Aggregated,42.500000,0.000000,75,80,87,240,420,470,530,540,2200,2200,2200,9284,1,75,122.99029200755588,47.74080001516268,3457.1864000172354,79.18666523050409
1790844949,50,GET,GET /inventory/{product_id},8.600000,0.000000,420,460,470,490,530,540,560,2200,2200,2200,2200,1851,1,300,320.45521161585407,126.74609996611252,3457.1864000172354,75.90113452188007
1790844949,50,POST,POST /events,34.600000,0.000000,72,76,78,80,84,88,95,100,110,110,110,7479,0,72,74.24399412988242,47.74080001516268,1981.180900009349,80.0
1790844949,50,,Aggregated,43.200000,0.000000,75,81,87,110,420,470,530,540,2200,2200,2200,9330,1,75,123.09039965684207,47.74080001516268,3457.1864000172354,79.18681672025724
1790844950,50,GET,GET /inventory/{product_id},8.500000,0.000000,420,450,470,470,530,540,560,2200,2200,2200,2200,1860,1,300,320.86774338752167,126.74609996611252,3457.1864000172354,75.90161290322581
1790844950,50,POST,POST /events,34.800000,0.000000,73,76,79,80,84,88,95,100,110,110,110,7510,0,72,74.24241994638908,47.74080001516268,1981.180900009349,80.0
1790844950,50,,Aggregated,43.300000,0.000000,75,81,88,260,420,470,530,540,2200,2200,2200,9370,1,75,123.19899429009308,47.74080001516268,3457.1864000172354,79.18644610458911
1790844951,50,GET,GET /inventory/{product_id},8.700000,0.000000,430,450,470,470,520,540,560,2200,2200,2200,2200,1867,1,300,321.27978371763174,126.74609996611252,3457.1864000172354,75.90198178896625
1790844951,50,POST,POST /events,34.500000,0.000000,72,76,79,80,84,87,95,100,110,110,110,7547,0,72,74.23085659168747,47.74080001516268,1981.180900009349,80.0
1790844951,50,,Aggregated,43.200000,0.000000,75,81,86,100,420,460,520,540,2200,2200,2200,9414,1,75,123.22600710625491,47.74080001516268,3457.1864000172354,79.18727427236031
1790844952,50,GET,GET /inventory/{product_id},8.600000,0.000000,420,450,470,470,520,540,560,2200,2200,2200,2200,1875,1,310,321.7465853871467,126.74609996611252,3457.1864000172354,75.9024
1790844952,50,POST,POST /events,34.700000,0.000000,72,76,79,80,84,87,95,100,110,110,110,7582,0,72,74.2097592716342,47.74080001516268,1981.180900009349,80.0
1790844952,50,,Aggregated,43.300000,0.000000,75,80,86,100,420,470,520,540,2200,2200,2200,9457,1,75,123.28785475292699,47.74080001516268,3457.1864000172354,79.1875859151951
1790844953,50,GET,GET /inventory/{product_id},8.900000,0.000000,420,440,460,470,500,540,560,2200,2200,2200,2200,1886,1,310,322.3069510078833,126.74609996611252,3457.1864000172354,75.90296924708377
1790844953,50,POST,POST /events,34.600000,0.000000,71,76,78,80,83,87,94,95,110,110,110,7613,0,72,74.19558741595071,47.74080001516268,1981.180900009349,80.0
1790844953,50,,Aggregated,43.500000,0.000000,75,81,86,240,420,460,500,540,2200,2200,2200,9499,1,75,123.45740779013587,47.74080001516268,3457.1864000172354,79.18654595220549
1790844954,50,GET,GET /inventory/{product_id},8.500000,0.000000,430,450,460,470,500,550,560,2200,2200,2200,2200,1897,1,310,322.74411049069204,126.74609996611252,3457.1864000172354,75.90353189246179
1790844954,50,POST,POST /events,35.000000,0.000000,72,76,78,80,83,86,92,94,110,110,110,7647,0,72,74.18877085095923,47.74080001516268,1981.180900009349,80.0
1790844954,50,,Aggregated,43.500000,0.000000,75,81,86,310,430,470,500,550,2200,2200,2200,9544,1,75,123.59253020726405,47.74080001516268,3457.1864000172354,79.18577116512992
1790844955,50,GET,GET /inventory/{product_id},8.700000,0.000000,420,440,460,460,490,540,550,560,560,560,560,1905,1,310,323.2522431499779,126.74609996611252,3457.1864000172354,75.90393700787402
1790844955,50,POST,POST /events,34.800000,0.000000,71,75,78,80,82,86,89,92,110,110,110,7685,0,72,74.17362087142484,47.74080001516268,1981.180900009349,80.0
1790844955,50,,Aggregated,43.500000,0.000000,74,80,85,110,420,460,490,540,560,560,560,9590,1,75,123.65169964521459,47.74080001516268,3457.1864000172354,79.18633993743482
1790844956,50,GET,GET /inventory/{product_id},8.500000,0.000000,430,440,460,460,490,540,550,560,560,560,560,1914,1,310,323.81661907033657,126.74609996611252,3457.1864000172354,75.90438871473354
1790844956,50,POST,POST /events,34.300000,0.000000,71,75,78,80,82,86,89,94,180,180,180,7721,0,72,74.17011231664624,47.74080001516268,1981.180900009349,80.0
1790844956,50,,Aggregated,42.800000,0.000000,74,80,85,300,430,460,490,540,560,560,560,9635,1,75,123.76257873351841,47.74080001516268,3457.1864000172354,79.18640373637778
1790844957,50,GET,GET /inventory/{product_id},9.100000,0.000000,430,440,450,460,490,540,550,560,560,560,560,1925,1,310,324.2178873768584,126.74609996611252,3457.1864000172354,75.90493506493506
1790844957,50,POST,POST /events,34.600000,0.000000,71,75,78,79,82,86,89,94,180,180,180,7756,0,72,74.14987608262656,47.74080001516268,1981.180900009349,80.0
1790844957,50,,Aggregated,43.700000,0.000000,74,80,86,310,430,460,490,540,560,560,560,9681,1,75,123.87417333925256,47.74080001516268,3457.1864000172354,79.1857246152257
1790844958,50,GET,GET /inventory/{product_id},8.800000,0.000000,430,450,460,470,500,540,550,560,560,560,560,1935,1,310,324.81559012942523,126.74609996611252,3457.1864000172354,75.90542635658915
1790844958,50,POST,POST /events,35.100000,0.000000,71,75,78,79,82,86,89,94,180,180,180,7790,0,72,74.13246757340401,47.74080001516268,1981.180900009349,80.0
1790844958,50,,Aggregated,43.900000,0.000000,75,80,86,320,430,460,500,540,560,560,560,9725,1,75,124.0113202362216,47.74080001516268,3457.1864000172354,79.18529562982005
1790844959,50,GET,GET /inventory/{product_id},8.900000,0.000000,430,450,460,470,500,550,560,570,570,570,570,1943,1,310,325.3001302112638,126.74609996611252,3457.1864000172354,75.905815748842
1790844959,50,POST,POST /events,34.800000,0.000000,71,75,78,79,82,86,88,94,1300,1300,1300,7824,0,72,74.28744530891004,47.74080001516268,1981.180900009349,80.0
1790844959,50,,Aggregated,43.700000,0.000000,75,80,86,320,430,460,530,550,1300,1300,1300,9767,1,75,124.22270145360886,47.74080001516268,3457.1864000172354,79.18552267840688
1790844960,50,GET,GET /inventory/{product_id},9.000000,0.000000,430,450,470,480,530,550,560,570,570,570,570,1950,1,310,325.65795794893535,126.74609996611252,3457.1864000172354,75.90615384615384
1790844960,50,POST,POST /events,34.600000,0.000000,71,75,78,80,84,86,94,140,1300,1300,1300,7858,0,72,74.32432559135847,47.74080001516268,1981.180900009349,80.0
1790844960,50,,Aggregated,43.600000,0.000000,75,80,86,310,440,470,530,550,1300,1300,1300,9808,1,75,124.2937977668555,47.74080001516268,3457.1864000172354,79.18607259380097
1790844961,50,GET,GET /inventory/{product_id},9.200000,0.000000,430,450,470,480,530,550,560,570,570,570,570,1958,1,310,326.1308323801412,126.74609996611252,3457.1864000172354,75.90653728294178
1790844961,50,POST,POST /events,34.700000,0.000000,71,76,79,80,85,90,140,180,1300,1300,1300,7893,0,72,74.37935495971917,47.74080001516268,1981.180900009349,80.0
1790844961,50,,Aggregated,43.900000,0.000000,75,81,88,310,440,470,540,550,1300,1300,1300,9851,1,75,124.41786808419245,47.74080001516268,3457.1864000172354,79.18637701756167
1790844962,50,GET,GET /inventory/{product_id},9.100000,0.000000,430,450,460,470,530,540,560,570,570,570,570,1967,1,310,326.38651499765353,126.74609996611252,3457.1864000172354,75.9069649211998
1790844962,50,POST,POST /events,34.600000,0.000000,72,76,79,80,85,92,140,180,1300,1300,1300,7930,0,72,74.38785945737534,47.74080001516268,1981.180900009349,80.0
1790844962,50,,Aggregated,43.700000,0.000000,76,81,91,300,430,470,530,550,1300,1300,1300,9897,1,75,124.47186020989906,47.74080001516268,3457.1864000172354,79.18652116803072
1790844963,50,GET,GET /inventory/{product_id},8.900000,0.000000,430,450,470,480,530,550,570,580,580,580,580,1974,1,310,326.7405502534832,126.74609996611252,3457.1864000172354,75.90729483282675
1790844963,50,POST,POST /events,34.600000,0.000000,72,77,79,80,86,94,140,180,1300,1300,1300,7968,0,72,74.39506927672103,47.74080001516268,1981.180900009349,80.0
1790844963,50,,Aggregated,43.500000,0.000000,76,81,89,270,430,470,540,550,1300,1300,1300,9942,1,75,124.49866809467802,47.74080001516268,3457.1864000172354,79.18738684369342
1790844964,50,GET,GET /inventory/{product_id},8.800000,0.000000,430,460,470,490,530,540,570,580,580,580,580,1981,1,310,327.1244286220384,126.74609996611252,3457.1864000172354,75.90762241292276
1790844964,50,POST,POST /events,33.900000,0.000000,73,77,79,81,87,96,140,180,1300,1300,1300,8003,0,72,74.41563701071381,47.74080001516268,1981.180900009349,80.0
1790844964,50,,Aggregated,42.700000,0.000000,76,81,89,160,430,470,530,550,1300,1300,1300,9984,1,75,124.55747557061305,47.74080001516268,3457.1864000172354,79.18800080128206
1790844965,50,GET,GET /inventory/{product_id},8.900000,0.000000,430,450,480,490,530,550,580,590,590,590,590,1989,1,310,327.5349208648593,126.74609996611252,3457.1864000172354,75.9079939668175
1790844965,50,POST,POST /events,34.200000,0.000000,74,77,80,81,88,120,160,180,1300,1300,1300,8037,0,72,74.45353552278534,47.74080001516268,1981.180900009349,80.0
1790844965,50,,Aggregated,43.100000,0.000000,76,81,94,180,430,480,530,560,1300,1300,1300,10026,1,75,124.6608839613835,47.74080001516268,3457.1864000172354,79.18821065230401
1790844966,50,GET,GET /inventory/{product_id},8.900000,0.000000,430,460,490,500,530,550,590,650,650,650,650,1998,1,310,328.20767682698045,126.74609996611252,3457.1864000172354,75.9084084084084
1790844966,50,POST,POST /events,35.100000,0.000000,74,78,80,81,90,130,160,170,1300,1300,1300,8073,0,72,74.47845857756069,47.74080001516268,1981.180900009349,80.0
1790844966,50,,Aggregated,44.000000,0.000000,77,82,96,170,430,490,540,570,1300,1300,1300,10071,1,75,124.81615871283431,47.74080001516268,3457.1864000172354,79.18826333035449
1790844967,50,GET,GET /inventory/{product_id},8.200000,0.000000,440,470,490,500,540,570,590,650,650,650,650,2004,1,310,328.520567315487,126.74609996611252,3457.1864000172354,75.90868263473054
1790844967,50,POST,POST /events,35.400000,0.000000,74,78,81,84,96,140,160,170,1300,1300,1300,8114,0,72,74.53279705405356,47.74080001516268,1981.180900009349,80.0
1790844967,50,,Aggregated,43.600000,0.000000,77,84,120,160,430,490,540,570,1300,1300,1300,10118,1,75,124.83834079826315,47.74080001516268,3457.1864000172354,79.18966198853528
1790844969,50,GET,GET /inventory/{product_id},8.300000,0.000000,440,470,490,500,540,570,590,650,650,650,650,2013,1,310,329.05862945860866,126.74609996611252,3457.1864000172354,75.9090909090909
1790844969,50,POST,POST /events,35.000000,0.000000,74,79,81,84,120,140,160,170,270,270,270,8148,0,72,74.54721872810177,47.74080001516268,1981.180900009349,80.0
1790844969,50,,Aggregated,43.300000,0.000000,77,85,130,160,430,490,530,570,650,650,650,10161,1,75,124.96858176328634,47.74080001516268,3457.1864000172354,79.1895482728078
1790844970,50,GET,GET /inventory/{product_id},7.900000,0.000000,440,470,490,500,540,570,590,650,650,650,650,2021,1,310,329.54100940135396,126.74609996611252,3457.1864000172354,75.90945076694706
1790844970,50,POST,POST /events,35.500000,0.000000,74,78,81,84,120,140,160,170,230,230,230,8183,0,72,74.56427323678889,47.74080001516268,1981.180900009349,80.0
1790844970,50,,Aggregated,43.400000,0.000000,77,85,130,160,430,490,540,570,650,650,650,10204,1,75,125.06485965276165,47.74080001516268,3457.1864000172354,79.18982751862015
1790844971,50,GET,GET /inventory/{product_id},7.900000,0.000000,430,470,490,500,550,570,590,650,650,650,650,2028,1,310,329.8651837278904,126.74609996611252,3457.1864000172354,75.90976331360947
1790844971,50,POST,POST /events,35.500000,0.000000,74,78,81,84,96,140,160,160,180,180,180,8218,0,72,74.58980411252762,47.74080001516268,1981.180900009349,80.0
1790844971,50,,Aggregated,43.400000,0.000000,76,84,120,150,420,490,550,570,650,650,650,10246,1,75,125.11668971275752,47.74080001516268,3457.1864000172354,79.19041577200859
1790844972,50,GET,GET /inventory/{product_id},7.800000,0.000000,450,490,500,500,560,570,590,650,650,650,650,2039,1,310,330.5220206474185,126.74609996611252,3457.1864000172354,75.91025012260913
1790844972,50,POST,POST /events,35.400000,0.000000,74,78,81,84,110,140,160,160,180,180,180,8250,0,72,74.59356339354858,47.74080001516268,1981.180900009349,80.0
1790844972,50,,Aggregated,43.200000,0.000000,77,84,120,160,430,490,560,570,650,650,650,10289,1,75,125.31162387956674,47.74080001516268,3457.1864000172354,79.18952279133055
1790844973,50,GET,GET /inventory/{product_id},7.800000,0.000000,450,480,490,500,550,570,590,650,650,650,650,2046,1,310,330.93719838711365,126.74609996611252,3457.1864000172354,75.91055718475073
1790844973,50,POST,POST /events,35.400000,0.000000,74,78,81,84,120,150,160,160,180,180,180,8288,0,72,74.60991671052896,47.74080001516268,1981.180900009349,80.0
1790844973,50,,Aggregated,43.200000,0.000000,77,84,120,160,440,490,550,570,650,650,650,10334,1,75,125.35944431942119,47.74080001516268,3457.1864000172354,79.19034255854461
1790844974,50,GET,GET /inventory/{product_id},7.800000,0.000000,450,490,500,510,560,570,600,650,650,650,650,2055,1,320,331.56075659372283,126.74609996611252,3457.1864000172354,75.91094890510949
1790844974,50,POST,POST /events,35.400000,0.000000,73,77,81,82,97,140,160,160,180,180,180,8325,0,72,74.59176001166253,47.74080001516268,1981.180900009349,80.0
1790844974,50,,Aggregated,43.200000,0.000000,76,83,120,160,440,500,560,570,650,650,650,10380,1,75,125.46567985522071,47.74080001516268,3457.1864000172354,79.19046242774566
1790844975,50,GET,GET /inventory/{product_id},7.900000,0.000000,450,490,500,520,560,570,600,650,650,650,650,2061,1,320,331.9191521107131,126.74609996611252,3457.1864000172354,75.91120815138282
1790844975,50,POST,POST /events,35.700000,0.000000,73,77,80,82,91,140,150,160,180,180,180,8365,0,72,74.58047226503618,47.74080001516268,1981.180900009349,80.0
1790844975,50,,Aggregated,43.600000,0.000000,75,82,110,150,440,500,560,570,650,650,650,10426,1,75,125.45089420652288,47.74080001516268,3457.1864000172354,79.19173220794168
1790844976,50,GET,GET /inventory/{product_id},8.000000,0.000000,440,470,500,510,560,570,590,600,600,600,600,2070,1,320,332.3952862320261,126.74609996611252,3457.1864000172354,75.91159420289856
1790844976,50,POST,POST /events,35.700000,0.000000,73,76,80,81,89,120,150,160,180,180,180,8398,0,72,74.57381626543955,47.74080001516268,1981.180900009349,80.0
1790844976,50,,Aggregated,43.700000,0.000000,75,82,91,150,430,490,560,570,600,600,600,10468,1,75,125.5568543654428,47.74080001516268,3457.1864000172354,79.19153611004967
1790844977,50,GET,GET /inventory/{product_id},7.900000,0.000000,440,470,510,530,560,590,610,630,630,630,630,2084,1,320,333.26927821516466,126.74609996611252,3457.1864000172354,75.91218809980806
1790844977,50,POST,POST /events,36.100000,0.000000,73,77,80,81,86,97,150,160,180,180,180,8426,0,72,74.57110843785718,47.74080001516268,1981.180900009349,80.0
1790844977,50,,Aggregated,44.000000,0.000000,76,82,95,310,440,510,560,590,630,630,630,10510,1,75,125.86768177904736,47.74080001516268,3457.1864000172354,79.1894386298763
1790844978,50,GET,GET /inventory/{product_id},7.800000,0.000000,440,480,520,520,560,590,610,630,630,630,630,2091,1,320,333.7287550934569,126.74609996611252,3457.1864000172354,75.91248206599712
1790844978,50,POST,POST /events,36.000000,0.000000,73,77,79,81,85,95,140,150,180,180,180,8458,0,72,74.56066422292582,47.74080001516268,1981.180900009349,80.0
1790844978,50,,Aggregated,43.800000,0.000000,76,81,90,310,440,520,560,590,630,630,630,10549,1,75,125.93240353568348,47.74080001516268,3457.1864000172354,79.18978102189782
1790844979,50,GET,GET /inventory/{product_id},8.400000,0.000000,440,480,520,520,560,590,610,630,630,630,630,2103,1,320,334.4048962912191,126.74609996611252,3457.1864000172354,75.9129814550642
1790844979,50,POST,POST /events,34.700000,0.000000,73,77,79,81,85,91,120,150,160,160,160,8492,0,72,74.56030233131072,47.74080001516268,1981.180900009349,80.0
1790844979,50,,Aggregated,43.100000,0.000000,76,81,91,350,440,520,570,600,630,630,630,10595,1,75,126.1368177723383,47.74080001516268,3457.1864000172354,79.1887682869278
1790844980,50,GET,GET /inventory/{product_id},8.700000,0.000000,440,470,520,520,560,590,610,630,630,630,630,2111,1,320,334.77763676004395,126.74609996611252,3457.1864000172354,75.91331122690669
1790844980,50,POST,POST /events,34.000000,0.000000,73,77,79,81,84,91,110,140,150,150,150,8527,0,72,74.56013745718623,47.74080001516268,1981.180900009349,80.0
1790844980,50,,Aggregated,42.700000,0.000000,76,81,91,370,440,520,570,600,630,630,630,10638,1,75,126.19758256231243,47.74080001516268,3457.1864000172354,79.18903929310021
1790844981,50,GET,GET /inventory/{product_id},9.000000,0.000000,450,490,520,530,560,600,610,630,630,630,630,2118,1,320,335.2908184610609,126.74609996611252,3457.1864000172354,75.91359773371104
1790844981,50,POST,POST /events,34.100000,0.000000,72,76,79,80,84,89,98,120,150,150,150,8562,0,72,74.54828251544626,47.74080001516268,1981.180900009349,80.0
1790844981,50,,Aggregated,43.100000,0.000000,75,81,88,310,450,520,560,600,630,630,630,10680,1,75,126.2573359923013,47.74080001516268,3457.1864000172354,79.18960674157303
1790844982,50,GET,GET /inventory/{product_id},8.900000,0.000000,460,490,520,530,560,590,610,630,630,630,630,2130,1,320,336.02212272319906,126.74609996611252,3457.1864000172354,75.91408450704225
1790844982,50,POST,POST /events,34.400000,0.000000,72,76,79,80,83,89,92,98,140,140,140,8595,0,72,74.54004439758543,47.74080001516268,1981.180900009349,80.0
1790844982,50,,Aggregated,43.300000,0.000000,74,81,89,370,460,520,560,600,630,630,630,10725,1,75,126.47075086225276,47.74080001516268,3457.1864000172354,79.18853146853147
1790844983,50,GET,GET /inventory/{product_id},8.900000,0.000000,460,490,520,520,550,590,610,630,630,630,630,2136,1,320,336.49589176050364,126.74609996611252,3457.1864000172354,75.91432584269663
1790844983,50,POST,POST /events,34.100000,0.000000,72,76,79,80,83,89,92,98,140,140,140,8631,0,72,74.5264755297663,47.74080001516268,1981.180900009349,80.0
1790844983,50,,Aggregated,43.000000,0.000000,75,81,89,360,460,520,560,590,630,630,630,10767,1,75,126.49700335263758,47.74080001516268,3457.1864000172354,79.1894678183338
1790844984,50,GET,GET /inventory/{product_id},9.000000,0.000000,460,480,520,520,550,590,610,630,630,630,630,2147,1,320,337.1796499303697,126.74609996611252,3457.1864000172354,75.91476478807638
1790844984,50,POST,POST /events,33.900000,0.000000,72,76,79,80,84,88,92,98,110,110,110,8663,0,72,74.51087278050814,47.74080001516268,1981.180900009349,80.0
1790844984,50,,Aggregated,42.900000,0.000000,75,82,90,380,470,520,560,590,630,630,630,10810,1,75,126.68014794616519,47.74080001516268,3457.1864000172354,79.1886216466235
1790844985,50,GET,GET /inventory/{product_id},9.000000,0.000000,460,510,520,530,550,590,630,630,630,630,630,2159,1,320,338.0522985644533,126.74609996611252,3457.1864000172354,75.91523853635942
1790844985,50,POST,POST /events,34.100000,0.000000,72,75,78,79,84,88,91,94,110,110,110,8699,0,72,74.49391435768673,47.74080001516268,1981.180900009349,80.0
1790844985,50,,Aggregated,43.100000,0.000000,75,82,91,380,470,530,570,610,630,630,630,10858,1,75,126.89974890386549,47.74080001516268,3457.1864000172354,79.18778780622583
1790844986,50,GET,GET /inventory/{product_id},9.200000,0.000000,470,510,520,530,580,610,630,630,630,630,630,2165,1,320,338.45070637442603,126.74609996611252,3457.1864000172354,75.91547344110855
1790844986,50,POST,POST /events,33.600000,0.000000,72,75,78,80,84,88,91,94,110,110,110,8735,0,72,74.48029372609622,47.74080001516268,1981.180900009349,80.0
1790844986,50,,Aggregated,42.800000,0.000000,74,81,88,360,470,530,590,610,630,630,630,10900,1,75,126.9111142200076,47.74080001516268,3457.1864000172354,79.18871559633027
1790844987,50,GET,GET /inventory/{product_id},9.700000,0.000000,470,510,520,530,580,590,620,630,630,630,630,2170,1,320,338.8005274196406,126.74609996611252,3457.1864000172354,75.91566820276498
1790844987,50,POST,POST /events,33.000000,0.000000,72,75,78,80,84,88,91,92,110,110,110,8769,0,72,74.4740787202078,47.74080001516268,1981.180900009349,80.0
1790844987,50,,Aggregated,42.700000,0.000000,74,81,88,300,470,520,580,590,630,630,630,10939,1,75,126.90925503228104,47.74080001516268,3457.1864000172354,79.18977968735716
1790844988,50,GET,GET /inventory/{product_id},9.600000,0.000000,480,510,530,540,590,600,620,630,630,630,630,2185,1,320,339.72922384470394,126.74609996611252,3457.1864000172354,75.9162471395881
1790844988,50,POST,POST /events,33.100000,0.000000,71,74,77,79,84,88,91,92,110,110,110,8797,0,72,74.45927500255982,47.74080001516268,1981.180900009349,80.0
1790844988,50,,Aggregated,42.700000,0.000000,74,81,88,330,480,530,590,600,630,630,630,10982,1,75,127.23789804208675,47.74080001516268,3457.1864000172354,79.18748861773811
1790844989,50,GET,GET /inventory/{product_id},8.800000,0.000000,480,510,520,540,580,600,620,630,630,630,630,2195,1,320,340.2756889296615,126.74609996611252,3457.1864000172354,75.91662870159453
1790844989,50,POST,POST /events,34.200000,0.000000,71,74,77,78,83,87,91,92,96,96,96,8832,0,72,74.44636797976457,47.74080001516268,1981.180900009349,80.0
1790844989,50,,Aggregated,43.000000,0.000000,74,80,88,350,490,530,590,600,630,630,630,11027,1,75,127.36151801921535,47.74080001516268,3457.1864000172354,79.18717692935522
1790844990,50,GET,GET /inventory/{product_id},9.400000,0.000000,480,510,520,530,590,600,620,630,630,630,630,2205,1,320,340.8480821771583,126.74609996611252,3457.1864000172354,75.91700680272109
1790844990,50,POST,POST /events,33.900000,0.000000,71,74,77,78,83,87,91,92,96,96,96,8866,0,72,74.43456879060946,47.74080001516268,1981.180900009349,80.0
1790844990,50,,Aggregated,43.300000,0.000000,74,81,89,380,500,530,590,610,630,630,630,11071,1,75,127.4958818623591,47.74080001516268,3457.1864000172354,79.18679432752235
1790844991,50,GET,GET /inventory/{product_id},9.200000,0.000000,490,510,530,550,590,600,620,630,630,630,630,2213,1,320,341.48081242690455,126.74609996611252,3457.1864000172354,75.91730682331676
1790844991,50,POST,POST /events,34.100000,0.000000,71,75,77,79,84,88,91,93,98,98,98,8903,0,72,74.42699885405096,47.74080001516268,1981.180900009349,80.0
1790844991,50,,Aggregated,43.300000,0.000000,74,80,88,330,490,540,590,610,630,630,630,11116,1,75,127.59271398869697,47.74080001516268,3457.1864000172354,79.18720762864339
1790844992,50,GET,GET /inventory/{product_id},9.200000,0.000000,490,510,530,550,590,600,620,630,630,630,630,2222,1,320,342.027728263189,126.74609996611252,3457.1864000172354,75.91764176417642
1790844992,50,POST,POST /events,33.600000,0.000000,71,74,77,78,83,88,91,92,98,98,98,8941,0,72,74.40542092579189,47.74080001516268,1981.180900009349,80.0
1790844992,50,,Aggregated,42.800000,0.000000,74,80,88,330,490,540,590,610,630,630,630,11163,1,75,127.67575747543772,47.74080001516268,3457.1864000172354,79.18740481949297
1790844993,50,GET,GET /inventory/{product_id},9.500000,0.000000,490,520,540,560,590,610,620,630,630,630,630,2226,1,320,342.3626370623577,126.74609996611252,3457.1864000172354,75.9177897574124
1790844993,50,POST,POST /events,33.700000,0.000000,71,75,77,79,83,88,91,92,98,98,98,8983,0,72,74.39374135559552,47.74080001516268,1981.180900009349,80.0
1790844993,50,,Aggregated,43.200000,0.000000,74,79,87,96,490,540,590,600,630,630,630,11209,1,75,127.60979647587855,47.74080001516268,3457.1864000172354,79.18931215987153
1790844994,50,GET,GET /inventory/{product_id},8.900000,0.000000,490,520,550,560,590,600,620,620,620,620,620,2232,1,320,342.77718490180325,126.74609996611252,3457.1864000172354,75.91801075268818
1790844994,50,POST,POST /events,34.000000,0.000000,71,75,77,79,84,88,91,93,98,98,98,9018,0,72,74.38143239051068,47.74080001516268,1981.180900009349,80.0
1790844994,50,,Aggregated,42.900000,0.000000,74,79,86,92,490,540,590,600,620,620,620,11250,1,75,127.63114968875112,47.74080001516268,3457.1864000172354,79.19013333333334
1790844995,50,GET,GET /inventory/{product_id},8.900000,0.000000,490,510,540,560,580,600,610,620,620,620,620,2238,1,320,343.0341877572474,126.74609996611252,3457.1864000172354,75.91823056300268
1790844995,50,POST,POST /events,33.900000,0.000000,71,75,77,78,84,87,91,93,98,98,98,9053,0,72,74.37350522453076,47.74080001516268,1981.180900009349,80.0
1790844995,50,,Aggregated,42.800000,0.000000,74,79,86,92,490,530,580,600,620,620,620,11291,1,75,127.62499822853572,47.74080001516268,3457.1864000172354,79.19094854308742
1790844996,50,GET,GET /inventory/{product_id},8.300000,0.000000,490,510,520,550,580,600,620,640,640,640,640,2247,1,320,343.63209207868226,126.74609996611252,3457.1864000172354,75.91855807743659
1790844996,50,POST,POST /events,34.600000,0.000000,71,75,76,78,83,87,90,92,98,98,98,9088,0,72,74.34865648079901,47.74080001516268,1981.180900009349,80.0
1790844996,50,,Aggregated,42.900000,0.000000,73,78,85,92,480,520,580,600,640,640,640,11335,1,75,127.73020741052495,47.74080001516268,3457.1864000172354,79.19091310101456
1790844997,50,GET,GET /inventory/{product_id},8.000000,0.000000,490,510,520,550,570,590,610,640,640,640,640,2257,1,320,344.2726219321294,126.74609996611252,3457.1864000172354,75.91891891891892
1790844997,50,POST,POST /events,34.900000,0.000000,71,74,76,78,83,86,90,92,98,98,98,9121,0,72,74.3290607606185,47.74080001516268,1981.180900009349,80.0
1790844997,50,,Aggregated,42.900000,0.000000,73,78,84,90,480,520,570,590,640,640,640,11378,1,75,127.8764871592914,47.74080001516268,3457.1864000172354,79.19045526454562
1790844998,50,GET,GET /inventory/{product_id},8.100000,0.000000,490,520,550,560,590,610,630,640,640,640,640,2265,1,330,344.84411549703555,126.74609996611252,3457.1864000172354,75.91920529801324
1790844998,50,POST,POST /events,35.400000,0.000000,71,74,76,78,83,87,90,93,99,99,99,9152,0,72,74.32797307666186,47.74080001516268,1981.180900009349,80.0
1790844998,50,,Aggregated,43.500000,0.000000,73,78,84,90,480,540,590,610,640,640,640,11417,1,75,127.9952291493733,47.74080001516268,3457.1864000172354,79.19041779802049
1790844999,50,GET,GET /inventory/{product_id},8.400000,0.000000,480,520,550,560,590,610,630,640,640,640,640,2275,1,330,345.5176070772347,126.74609996611252,3457.1864000172354,75.91956043956044
1790844999,50,POST,POST /events,34.900000,0.000000,71,74,76,77,82,86,91,97,99,99,99,9187,0,72,74.31190301485705,47.74080001516268,1981.180900009349,80.0
1790844999,50,,Aggregated,43.300000,0.000000,73,77,84,91,480,550,590,610,640,640,640,11462,1,75,128.14133738424363,47.74080001516268,3457.1864000172354,79.1901064386669
1790845000,50,GET,GET /inventory/{product_id},7.900000,0.000000,490,520,550,560,590,610,630,640,640,640,640,2284,1,330,346.05245148892425,126.74609996611252,3457.1864000172354,75.91987740805604
1790845000,50,POST,POST /events,35.200000,0.000000,71,74,76,77,82,86,89,92,99,99,99,9223,0,72,74.30441786809266,47.74080001516268,1981.180900009349,80.0
1790845000,50,,Aggregated,43.100000,0.000000,73,77,83,89,480,540,590,610,640,640,640,11507,1,75,128.2431081253256,47.74080001516268,3457.1864000172354,79.19014512905188
1790845001,50,GET,GET /inventory/{product_id},8.000000,0.000000,490,520,540,550,590,610,630,640,640,640,640,2296,1,330,346.6909533540322,126.74609996611252,3457.1864000172354,75.92029616724739
1790845001,50,POST,POST /events,35.100000,0.000000,71,74,76,77,82,85,89,92,99,99,99,9257,0,72,74.290054455805,47.32519999379292,1981.180900009349,80.0
1790845001,50,,Aggregated,43.100000,0.000000,73,78,84,92,480,540,580,610,640,640,640,11553,1,75,128.4259900457236,47.32519999379292,3457.1864000172354,79.18921492253095
1790845002,50,GET,GET /inventory/{product_id},8.200000,0.000000,480,510,540,550,590,610,630,640,640,640,640,2305,1,330,347.1174467682794,126.74609996611252,3457.1864000172354,75.92060737527115
1790845002,50,POST,POST /events,35.600000,0.000000,71,74,76,77,82,85,89,92,99,99,99,9293,0,72,74.28074569003202,47.32519999379292,1981.180900009349,80.0
1790845002,50,,Aggregated,43.800000,0.000000,73,78,84,98,480,540,580,610,640,640,640,11598,1,75,128.50462877205996,47.32519999379292,3457.1864000172354,79.18925676840834
1790845003,50,GET,GET /inventory/{product_id},8.000000,0.000000,480,500,530,550,590,610,630,640,640,640,640,2309,1,330,347.2518953230537,126.74609996611252,3457.1864000172354,75.92074491121697
1790845003,50,POST,POST /events,35.500000,0.000000,71,74,76,77,82,85,88,90,99,99,99,9331,0,72,74.26923212920963,47.32519999379292,1981.180900009349,80.0
1790845003,50,,Aggregated,43.500000,0.000000,73,78,84,98,480,520,580,610,640,640,640,11640,1,75,128.4201745101878,47.32519999379292,3457.1864000172354,79.19080756013746
1790845004,50,GET,GET /inventory/{product_id},8.100000,0.000000,480,500,530,550,600,620,640,640,640,640,640,2317,1,330,347.6852815282265,126.74609996611252,3457.1864000172354,75.9210185584808
1790845004,50,POST,POST /events,35.200000,0.000000,71,73,76,77,81,84,88,90,99,99,99,9366,0,72,74.25053200915355,47.32519999379292,1981.180900009349,80.0
1790845004,50,,Aggregated,43.300000,0.000000,73,78,84,99,480,530,590,610,640,640,640,11683,1,75,128.47875375319978,47.32519999379292,3457.1864000172354,79.19104682016605
1790845005,50,GET,GET /inventory/{product_id},8.400000,0.000000,480,500,530,540,580,610,630,640,640,640,640,2325,1,330,348.1187466670689,126.74609996611252,3457.1864000172354,75.92129032258065
1790845005,50,POST,POST /events,35.000000,0.000000,71,74,76,78,82,85,88,90,99,99,99,9397,0,72,74.239432637845,47.32519999379292,1981.180900009349,80.0
1790845005,50,,Aggregated,43.400000,0.000000,73,79,84,320,480,530,590,610,640,640,640,11722,1,75,128.56202307616147,47.32519999379292,3457.1864000172354,79.19100836034806
1790845006,50,GET,GET /inventory/{product_id},8.600000,0.000000,480,510,550,560,600,610,630,640,640,640,640,2333,1,330,348.76401020184323,126.74609996611252,3457.1864000172354,75.92156022288898
1790845006,50,POST,POST /events,34.700000,0.000000,71,74,76,78,82,85,88,90,99,99,99,9435,0,72,74.21952154719709,47.32519999379292,1981.180900009349,80.0
1790845006,50,,Aggregated,43.300000,0.000000,73,79,84,98,480,540,590,610,640,640,640,11768,1,75,128.64782644448545,47.32519999379292,3457.1864000172354,79.1914513936098
1790845007,50,GET,GET /inventory/{product_id},8.500000,0.000000,480,500,540,560,600,620,630,640,640,640,640,2344,1,330,349.40546570004955,126.74609996611252,3457.1864000172354,75.92192832764505
1790845007,50,POST,POST /events,34.900000,0.000000,71,74,77,78,82,86,90,97,110,110,110,9471,0,72,74.2124822613921,47.32519999379292,1981.180900009349,80.0
1790845007,50,,Aggregated,43.400000,0.000000,73,79,85,100,480,540,580,610,640,640,640,11815,1,75,128.80853415984433,47.32519999379292,3457.1864000172354,79.19094371561575
1790845008,50,GET,GET /inventory/{product_id},8.800000,0.000000,480,500,530,550,600,620,630,640,640,640,640,2352,1,330,349.8460997878184,126.74609996611252,3457.1864000172354,75.92219387755102
1790845008,50,POST,POST /events,34.400000,0.000000,70,73,77,79,82,86,90,95,110,110,110,9503,0,72,74.20025932840291,47.32519999379292,1981.180900009349,80.0
1790845008,50,,Aggregated,43.200000,0.000000,73,79,85,97,480,530,600,620,640,640,640,11855,1,75,128.88765002941895,47.32519999379292,3457.1864000172354,79.19097427245887
1790845009,50,GET,GET /inventory/{product_id},8.600000,0.000000,470,500,530,550,600,620,630,640,640,640,640,2358,1,330,350.14844486897,126.74609996611252,3457.1864000172354,75.92239185750635
1790845009,50,POST,POST /events,34.700000,0.000000,70,73,77,79,82,86,91,95,110,110,110,9539,0,72,74.19605684011543,47.32519999379292,1981.180900009349,80.0
1790845009,50,,Aggregated,43.300000,0.000000,73,79,84,94,470,530,600,620,640,640,640,11897,1,75,128.8901587962421,47.32519999379292,3457.1864000172354,79.1918130621165
1790845010,50,GET,GET /inventory/{product_id},8.200000,0.000000,470,510,540,550,600,620,630,640,640,640,640,2371,1,330,350.83450329021986,126.74609996611252,3457.1864000172354,75.92281737663433
1790845010,50,POST,POST /events,34.800000,0.000000,70,73,77,78,82,86,91,97,110,110,110,9573,0,72,74.18683950671824,47.32519999379292,1981.180900009349,80.0
1790845010,50,,Aggregated,43.000000,0.000000,73,79,85,100,470,540,580,610,640,640,640,11944,1,75,129.10408756688923,47.32519999379292,3457.1864000172354,79.19063965170797
1790845011,50,GET,GET /inventory/{product_id},8.300000,0.000000,480,520,550,560,600,620,630,640,640,640,640,2379,1,330,351.369636990818,126.74609996611252,3457.1864000172354,75.92307692307692
1790845011,50,POST,POST /events,34.800000,0.000000,70,74,77,78,82,87,94,97,110,110,110,9606,0,72,74.17556273140235,47.32519999379292,1981.180900009349,80.0
1790845011,50,,Aggregated,43.100000,0.000000,73,79,85,110,480,550,600,610,640,640,640,11985,1,75,129.1980660825204,47.32519999379292,3457.1864000172354,79.19073842302879
1790845012,50,GET,GET /inventory/{product_id},8.200000,0.000000,480,530,550,560,600,620,630,640,640,640,640,2389,1,330,351.8523673927306,126.74609996611252,3457.1864000172354,75.92339891167853
1790845012,50,POST,POST /events,34.600000,0.000000,71,75,77,78,83,87,95,97,110,110,110,9641,0,72,74.17654269245101,47.32519999379292,1981.180900009349,80.0
1790845012,50,,Aggregated,42.800000,0.000000,73,79,86,110,480,550,600,610,640,640,640,12030,1,75,129.31931453027045,47.32519999379292,3457.1864000172354,79.19044056525354
1790845013,50,GET,GET /inventory/{product_id},8.400000,0.000000,480,530,550,560,580,610,630,630,630,630,630,2397,1,330,352.2411020030248,126.74609996611252,3457.1864000172354,75.92365456821027
1790845013,50,POST,POST /events,34.500000,0.000000,70,74,77,79,84,87,95,97,110,110,110,9676,0,72,74.15836414818021,47.32519999379292,1981.180900009349,80.0
1790845013,50,,Aggregated,42.900000,0.000000,73,80,87,280,480,550,580,610,630,630,630,12073,1,75,129.3695231507531,47.32519999379292,3457.1864000172354,79.19067340346227
1790845014,50,GET,GET /inventory/{product_id},8.700000,0.000000,490,530,550,560,580,610,630,630,630,630,630,2406,1,330,352.65898287671473,126.74609996611252,3457.1864000172354,75.92394014962593
1790845014,50,POST,POST /events,34.700000,0.000000,70,74,77,79,84,88,95,97,110,110,110,9713,0,72,74.14675107564415,47.32519999379292,1981.180900009349,80.0
1790845014,50,,Aggregated,43.400000,0.000000,73,80,87,340,490,550,580,610,630,630,630,12119,1,75,129.44012756820754,47.32519999379292,3457.1864000172354,79.19077481640399
1790845015,50,GET,GET /inventory/{product_id},8.500000,0.000000,480,520,550,550,580,610,630,640,640,640,640,2414,1,330,353.0916674405249,126.74609996611252,3457.1864000172354,75.9241922120961
1790845015,50,POST,POST /events,34.500000,0.000000,70,74,77,79,85,88,95,97,110,110,110,9747,0,72,74.13151737945495,47.32519999379292,1981.180900009349,80.0
1790845015,50,,Aggregated,43.000000,0.000000,73,80,87,320,480,550,580,610,640,640,640,12161,1,75,129.50605913156602,47.32519999379292,3457.1864000172354,79.19093824521009
1790845016,50,GET,GET /inventory/{product_id},8.600000,0.000000,490,520,550,550,590,610,630,640,640,640,640,2421,1,330,353.5497418427788,126.74609996611252,3457.1864000172354,75.92441140024783
1790845016,50,POST,POST /events,34.400000,0.000000,70,74,77,78,84,87,94,96,110,110,110,9782,0,72,74.1171883252364,47.32519999379292,1981.180900009349,80.0
1790845016,50,,Aggregated,43.000000,0.000000,73,80,87,280,490,550,590,610,640,640,640,12203,1,75,129.5548849626182,47.32519999379292,3457.1864000172354,79.19142833729411
1790845017,50,GET,GET /inventory/{product_id},8.800000,0.000000,490,520,550,550,580,610,630,640,640,640,640,2433,1,340,354.0808275386056,126.74609996611252,3457.1864000172354,75.92478421701603
1790845017,50,POST,POST /events,34.300000,0.000000,70,74,76,77,83,87,90,94,98,98,98,9810,0,72,74.09894979587604,47.32519999379292,1981.180900009349,80.0
1790845017,50,,Aggregated,43.100000,0.000000,73,80,87,360,500,550,580,610,640,640,640,12243,1,75,129.73857313558534,47.32519999379292,3457.1864000172354,79.19014947316835
1790845018,50,GET,GET /inventory/{product_id},8.500000,0.000000,490,520,540,550,590,610,620,640,640,640,640,2448,1,340,355.0250372145396,126.74609996611252,3457.1864000172354,75.92524509803921
1790845018,50,POST,POST /events,34.300000,0.000000,70,74,76,77,82,87,90,94,98,98,98,9840,0,72,74.09235192046948,47.32519999379292,1981.180900009349,80.0
1790845018,50,,Aggregated,42.800000,0.000000,74,80,88,370,500,550,590,610,640,640,640,12288,1,75,130.05941031889753,47.32519999379292,3457.1864000172354,79.188232421875
1790845019,50,GET,GET /inventory/{product_id},9.100000,0.000000,490,520,550,550,600,610,640,650,650,650,650,2456,1,340,355.5681219467666,126.74609996611252,3457.1864000172354,75.92548859934854
1790845019,50,POST,POST /events,34.200000,0.000000,70,74,77,78,83,87,90,94,98,98,98,9876,0,72,74.08841069233813,47.32519999379292,1981.180900009349,80.0
1790845019,50,,Aggregated,43.300000,0.000000,73,80,89,380,500,550,600,610,650,650,650,12332,1,75,130.14697141573063,47.32519999379292,3457.1864000172354,79.18853389555628
1790845020,50,GET,GET /inventory/{product_id},9.600000,0.000000,490,520,550,550,600,610,640,650,650,650,650,2461,1,340,355.84947854585204,126.74609996611252,3457.1864000172354,75.92563998374645
1790845020,50,POST,POST /events,33.600000,0.000000,70,74,77,78,82,87,90,94,98,98,98,9915,0,72,74.0754524556123,47.32519999379292,1981.180900009349,80.0
1790845020,50,,Aggregated,43.200000,0.000000,74,80,87,350,500,550,600,610,650,650,650,12376,1,75,130.10695521967824,47.32519999379292,3457.1864000172354,79.18980284421461
1790845021,50,GET,GET /inventory/{product_id},9.400000,0.000000,490,520,550,550,600,620,640,650,650,650,650,2470,1,340,356.36906704513325,126.74609996611252,3457.1864000172354,75.92591093117409
1790845021,50,POST,POST /events,33.400000,0.000000,70,74,75,77,82,86,89,94,98,98,98,9948,0,72,74.06411950116994,47.32519999379292,1981.180900009349,80.0
1790845021,50,,Aggregated,42.800000,0.000000,73,78,86,350,500,550,600,620,650,650,650,12418,1,75,130.2159330326234,47.32519999379292,3457.1864000172354,79.18964406506684
1790845022,50,GET,GET /inventory/{product_id},9.300000,0.000000,490,520,550,550,600,620,640,650,650,650,650,2479,1,340,356.8050924975695,126.74609996611252,3457.1864000172354,75.92617991125454
1790845022,50,POST,POST /events,33.700000,0.000000,70,74,76,78,82,87,94,99,140,140,140,9983,0,72,74.06863016100058,47.32519999379292,1981.180900009349,80.0
1790845022,50,,Aggregated,43.000000,0.000000,73,79,87,350,490,550,600,620,650,650,650,12462,1,75,130.3119049268772,47.32519999379292,3457.1864000172354,79.18961643395923
1790845023,50,GET,GET /inventory/{product_id},9.000000,0.000000,500,520,550,560,600,620,640,650,650,650,650,2486,1,340,357.2136276353908,126.74609996611252,3457.1864000172354,75.92638777152051
1790845023,50,POST,POST /events,34.100000,0.000000,70,74,76,78,81,86,94,99,140,140,140,10020,0,72,74.0570368560216,47.32519999379292,1981.180900009349,80.0
1790845023,50,,Aggregated,43.100000,0.000000,73,79,86,350,500,550,600,620,650,650,650,12506,1,75,130.34420179105373,47.32519999379292,3457.1864000172354,79.1902286902287
1790845024,50,GET,GET /inventory/{product_id},8.700000,0.000000,500,530,550,560,600,620,640,650,650,650,650,2492,1,340,357.52928631682823,126.74609996611252,3457.1864000172354,75.92656500802568
1790845024,50,POST,POST /events,34.000000,0.000000,70,74,76,78,81,87,94,99,140,140,140,10058,0,72,74.0512367366936,47.32519999379292,1981.180900009349,80.0
1790845024,50,,Aggregated,42.700000,0.000000,73,79,85,350,500,550,600,620,650,650,650,12550,1,75,130.3402645895777,47.32519999379292,3457.1864000172354,79.19115537848606
1790845025,50,GET,GET /inventory/{product_id},8.900000,0.000000,490,520,550,560,600,620,640,650,650,650,650,2504,1,340,358.18566617474744,126.74609996611252,3457.1864000172354,75.92691693290735
1790845025,50,POST,POST /events,34.200000,0.000000,70,74,77,78,81,87,94,99,140,140,140,10090,0,72,74.040215906607,47.32519999379292,1981.180900009349,80.0
1790845025,50,,Aggregated,43.100000,0.000000,74,80,88,380,500,550,600,620,650,650,650,12594,1,75,130.53538880413151,47.32519999379292,3457.1864000172354,79.19016992218516
1790845026,50,GET,GET /inventory/{product_id},8.800000,0.000000,490,520,550,560,610,630,640,650,650,650,650,2508,1,340,358.39329138817783,126.74609996611252,3457.1864000172354,75.92703349282297
1790845026,50,POST,POST /events,34.300000,0.000000,71,74,77,79,82,87,94,99,140,140,140,10129,0,72,74.02609852872914,47.32519999379292,1981.180900009349,80.0
1790845026,50,,Aggregated,43.100000,0.000000,73,79,85,98,480,550,600,620,650,650,650,12637,1,75,130.46298384102616,47.32519999379292,3457.1864000172354,79.19165941283532
1790845027,50,GET,GET /inventory/{product_id},8.600000,0.000000,490,520,550,560,610,640,650,660,660,660,660,2522,1,340,359.00167474285183,126.74609996611252,3457.1864000172354,75.9274385408406
1790845027,50,POST,POST /events,34.100000,0.000000,71,74,77,79,82,88,95,99,140,140,140,10155,0,72,74.02260289487926,47.32519999379292,1981.180900009349,80.0
1790845027,50,,Aggregated,42.700000,0.000000,73,80,86,100,480,550,600,630,660,660,660,12677,1,75,130.71718514624683,47.32519999379292,3457.1864000172354,79.18979253766663
1790845028,50,GET,GET /inventory/{product_id},9.100000,0.000000,480,520,550,560,620,640,650,660,660,660,660,2532,1,340,359.5141998820599,126.74609996611252,3457.1864000172354,75.92772511848341
1790845028,50,POST,POST /events,34.100000,0.000000,71,74,77,79,82,87,94,99,140,140,140,10190,0,72,74.01506667295233,47.32519999379292,1981.180900009349,80.0
1790845028,50,,Aggregated,43.200000,0.000000,74,79,85,100,480,550,610,630,660,660,660,12722,1,75,130.83662030331394,47.32519999379292,3457.1864000172354,79.18951422732275
1790845029,50,GET,GET /inventory/{product_id},8.400000,0.000000,480,520,560,560,610,630,660,700,700,700,700,2542,1,340,360.16282789199136,126.74609996611252,3457.1864000172354,75.92800944138473
1790845029,50,POST,POST /events,34.500000,0.000000,71,74,77,79,82,85,94,99,140,140,140,10222,0,72,74.01495288566618,47.32519999379292,1981.180900009349,80.0
1790845029,50,,Aggregated,42.900000,0.000000,74,80,85,370,480,560,610,630,700,700,700,12764,1,75,131.00240965988104,47.32519999379292,3457.1864000172354,79.18904732058915
1790845030,50,GET,GET /inventory/{product_id},8.800000,0.000000,490,520,560,560,610,630,690,700,700,700,700,2548,1,340,360.5015561230144,126.74609996611252,3457.1864000172354,75.92817896389325
1790845030,50,POST,POST /events,34.500000,0.000000,72,75,78,79,82,86,95,99,140,140,140,10261,0,72,74.00637699027487,47.32519999379292,1981.180900009349,80.0
1790845030,50,,Aggregated,43.300000,0.000000,74,80,84,320,490,560,610,630,700,700,700,12809,1,75,130.99675222879625,47.32519999379292,3457.1864000172354,79.19002264033102
1790845031,50,GET,GET /inventory/{product_id},8.300000,0.000000,490,530,560,570,610,630,690,700,700,700,700,2555,1,340,360.8722830142957,126.74609996611252,3457.1864000172354,75.92837573385519
1790845031,50,POST,POST /events,34.600000,0.000000,72,75,78,79,82,85,90,95,98,98,98,10300,0,72,73.99812350456503,47.32519999379292,1981.180900009349,80.0
1790845031,50,,Aggregated,42.900000,0.000000,74,80,84,98,490,560,610,630,700,700,700,12855,1,75,131.01589694271064,47.32519999379292,3457.1864000172354,79.19074290159472
1790845032,50,GET,GET /inventory/{product_id},8.800000,0.000000,490,530,560,580,620,650,690,700,700,700,700,2565,1,340,361.37354791481647,126.74609996611252,3457.1864000172354,75.92865497076023
1790845032,50,POST,POST /events,34.000000,0.000000,71,75,78,79,83,86,90,95,98,98,98,10332,0,72,73.98397135086215,47.32519999379292,1981.180900009349,80.0
1790845032,50,,Aggregated,42.800000,0.000000,74,80,84,320,490,560,620,650,700,700,700,12897,1,75,131.1410050708391,47.32519999379292,3457.1864000172354,79.19027680856013
1790845033,50,GET,GET /inventory/{product_id},8.600000,0.000000,490,530,560,580,630,650,690,700,700,700,700,2573,1,340,361.8635681699969,126.74609996611252,3457.1864000172354,75.92887679751263
1790845033,50,POST,POST /events,34.200000,0.000000,71,75,78,80,83,86,90,95,98,98,98,10368,0,72,73.97960981840956,47.32519999379292,1981.180900009349,80.0
1790845033,50,,Aggregated,42.800000,0.000000,74,80,85,330,490,560,630,650,700,700,700,12941,1,75,131.21826408304398,47.32519999379292,3457.1864000172354,79.19055714396106
1790845034,50,GET,GET /inventory/{product_id},8.800000,0.000000,490,530,550,570,630,650,690,700,700,700,700,2578,1,340,362.17583560954154,126.74609996611252,3457.1864000172354,75.92901474010861
1790845034,50,POST,POST /events,34.800000,0.000000,71,75,78,80,83,87,92,95,140,140,140,10405,0,72,73.97956443032078,47.32519999379292,1981.180900009349,80.0
1790845034,50,,Aggregated,43.600000,0.000000,74,80,85,140,490,550,630,650,700,700,700,12983,1,75,131.20593638595747,47.32519999379292,3457.1864000172354,79.19163521528152
1790845035,50,GET,GET /inventory/{product_id},8.700000,0.000000,500,530,560,570,630,650,690,700,700,700,700,2588,1,350,362.6348947068373,126.74609996611252,3457.1864000172354,75.92928902627511
1790845035,50,POST,POST /events,34.300000,0.000000,71,75,78,79,83,88,92,95,140,140,140,10442,0,72,73.9700776285634,47.32519999379292,1981.180900009349,80.0
1790845035,50,,Aggregated,43.000000,0.000000,74,80,85,96,500,560,620,650,700,700,700,13030,1,75,131.30427153482378,47.32519999379292,3457.1864000172354,79.19148119723714
1790845036,50,GET,GET /inventory/{product_id},8.600000,0.000000,500,530,550,560,620,650,690,700,700,700,700,2593,1,350,362.9006646360557,126.74609996611252,3457.1864000172354,75.92942537601235
1790845036,50,POST,POST /events,34.300000,0.000000,71,75,78,79,83,86,91,95,140,140,140,10480,0,72,73.96008694631746,47.32519999379292,1981.180900009349,80.0
1790845036,50,,Aggregated,42.900000,0.000000,74,80,84,94,490,550,600,640,700,700,700,13073,1,75,131.27079741441898,47.32519999379292,3457.1864000172354,79.19261072439379
1790845037,50,GET,GET /inventory/{product_id},9.000000,0.000000,510,540,560,580,630,650,690,700,700,700,700,2604,1,350,363.474349347612,126.74609996611252,3457.1864000172354,75.92972350230414
1790845037,50,POST,POST /events,34.300000,0.000000,71,75,78,79,83,87,91,95,140,140,140,10513,0,72,73.94955856534999,47.32519999379292,1981.180900009349,80.0
1790845037,50,,Aggregated,43.300000,0.000000,74,79,84,90,500,550,620,640,700,700,700,13117,1,75,131.4263105053523,47.32519999379292,3457.1864000172354,79.19196462605778
1790845038,50,GET,GET /inventory/{product_id},8.200000,0.000000,510,540,560,580,620,640,650,690,690,690,690,2610,1,350,363.90804168629955,126.74609996611252,3457.1864000172354,75.92988505747127
1790845038,50,POST,POST /events,34.800000,0.000000,71,75,78,79,83,87,91,95,140,140,140,10547,0,72,73.9427016495241,47.32519999379292,1981.180900009349,80.0
1790845038,50,,Aggregated,43.000000,0.000000,74,79,84,90,500,550,620,640,690,690,690,13157,1,75,131.46413795688778,47.32519999379292,3457.1864000172354,79.19259709660257
1790845039,50,GET,GET /inventory/{product_id},8.100000,0.000000,510,540,560,570,620,640,650,680,680,680,680,2621,1,350,364.55451045449604,126.74609996611252,3457.1864000172354,75.9301793208699
1790845039,50,POST,POST /events,34.800000,0.000000,71,75,78,79,83,87,91,95,140,140,140,10581,0,72,73.93570847723453,47.32519999379292,1981.180900009349,80.0
1790845039,50,,Aggregated,42.900000,0.000000,74,79,84,90,500,550,620,640,680,680,680,13202,1,75,131.6324120056698,47.32519999379292,3457.1864000172354,79.1920163611574
1790845040,50,GET,GET /inventory/{product_id},7.700000,0.000000,510,540,550,570,620,640,650,680,680,680,680,2630,1,350,364.84432026662887,126.74609996611252,3457.1864000172354,75.93041825095057
1790845040,50,POST,POST /events,35.500000,0.000000,71,75,78,79,84,87,90,95,140,140,140,10617,0,72,73.93721229136517,47.32519999379292,1981.180900009349,80.0
1790845040,50,,Aggregated,43.200000,0.000000,74,79,85,92,500,550,620,640,680,680,680,13247,1,75,131.69260551058036,47.32519999379292,3457.1864000172354,79.192043481543
1790845041,50,GET,GET /inventory/{product_id},8.000000,0.000000,510,540,550,570,620,640,650,680,680,680,680,2635,1,350,365.0572756361446,126.74609996611252,3457.1864000172354,75.93055028462999
1790845041,50,POST,POST /events,35.300000,0.000000,72,75,78,79,83,87,90,94,140,140,140,10659,0,72,73.92449818910387,47.32519999379292,1981.180900009349,80.0
1790845041,50,,Aggregated,43.300000,0.000000,74,79,84,89,500,550,600,630,680,680,680,13294,1,75,131.62984410251988,47.32519999379292,3457.1864000172354,79.19339551677449
1790845042,50,GET,GET /inventory/{product_id},7.900000,0.000000,510,540,560,570,620,640,680,720,720,720,720,2640,1,350,365.4348188262013,126.74609996611252,3457.1864000172354,75.93068181818182
1790845042,50,POST,POST /events,35.400000,0.000000,71,75,78,79,83,87,90,94,140,140,140,10697,0,72,73.91461959403682,47.32519999379292,1981.180900009349,80.0
1790845042,50,,Aggregated,43.300000,0.000000,74,79,83,88,490,550,600,640,720,720,720,13337,1,75,131.6197501311077,47.32519999379292,3457.1864000172354,79.1944965134588
1790845043,50,GET,GET /inventory/{product_id},7.900000,0.000000,520,550,570,580,620,650,680,720,720,720,720,2650,1,350,366.1874272456867,126.74609996611252,3457.1864000172354,75.93094339622641
1790845043,50,POST,POST /events,35.500000,0.000000,72,75,78,79,83,86,89,90,120,120,120,10733,0,72,73.91433592632663,47.32519999379292,1981.180900009349,80.0
1790845043,50,,Aggregated,43.400000,0.000000,74,79,83,87,500,560,620,640,720,720,720,13383,1,75,131.78803330332013,47.32519999379292,3457.1864000172354,79.19427632070537
1790845044,50,GET,GET /inventory/{product_id},7.500000,0.000000,530,550,570,580,620,650,680,720,720,720,720,2656,1,350,366.6169262805523,126.74609996611252,3457.1864000172354,75.93109939759036
1790845044,50,POST,POST /events,35.600000,0.000000,72,75,78,79,82,86,89,90,120,120,120,10767,0,72,73.90527635342816,47.32519999379292,1981.180900009349,80.0
1790845044,50,,Aggregated,43.100000,0.000000,73,79,82,87,500,550,620,640,720,720,720,13423,1,75,131.82393404592924,47.32519999379292,3457.1864000172354,79.19488936899351
1790845045,50,GET,GET /inventory/{product_id},7.300000,0.000000,530,550,580,590,620,650,680,720,720,720,720,2661,1,350,367.005031229285,126.74609996611252,3457.1864000172354,75.93122886133033
1790845045,50,POST,POST /events,36.000000,0.000000,72,75,78,79,82,86,89,90,120,120,120,10797,0,72,73.90198937642451,47.32519999379292,1981.180900009349,80.0
1790845045,50,,Aggregated,43.300000,0.000000,74,79,83,87,510,570,620,640,720,720,720,13458,1,75,131.8561574824181,47.32519999379292,3457.1864000172354,79.1954971020954
1790845046,50,GET,GET /inventory/{product_id},7.400000,0.000000,530,550,570,580,640,660,680,720,720,720,720,2672,1,350,367.5845115647756,126.74609996611252,3457.1864000172354,75.9315119760479
1790845046,50,POST,POST /events,36.100000,0.000000,72,75,78,79,82,86,90,90,120,120,120,10832,0,72,73.89079421135348,47.32519999379292,1981.180900009349,80.0
1790845046,50,,Aggregated,43.500000,0.000000,74,79,83,90,510,570,630,660,720,720,720,13504,1,75,132.00317667346425,47.32519999379292,3457.1864000172354,79.19497926540285
1790845047,50,GET,GET /inventory/{product_id},7.300000,0.000000,530,550,570,580,630,660,680,720,720,720,720,2680,1,350,367.9558795153332,126.74609996611252,3457.1864000172354,75.93171641791045
1790845047,50,POST,POST /events,36.500000,0.000000,72,74,78,79,83,86,89,90,120,120,120,10863,0,72,73.88132915378229,47.32519999379292,1981.180900009349,80.0
1790845047,50,,Aggregated,43.800000,0.000000,73,79,83,88,510,570,620,660,720,720,720,13543,1,75,132.07521492273722,47.32519999379292,3457.1864000172354,79.19493465258805
1790845048,50,GET,GET /inventory/{product_id},7.400000,0.000000,530,560,580,590,650,680,720,730,730,730,730,2693,1,350,368.84468343893326,126.74609996611252,3457.1864000172354,75.93204604530264
1790845048,50,POST,POST /events,36.100000,0.000000,72,74,77,79,82,86,89,90,120,120,120,10897,0,72,73.87229357597161,47.32519999379292,1981.180900009349,80.0
1790845048,50,,Aggregated,43.500000,0.000000,73,79,83,90,520,570,640,660,730,730,730,13590,1,75,132.3241438998094,47.32519999379292,3457.1864000172354,79.19389256806475
1790845049,50,GET,GET /inventory/{product_id},7.700000,0.000000,540,560,580,590,640,660,720,730,730,730,730,2700,1,350,369.2097476670622,126.74609996611252,3457.1864000172354,75.93222222222222
1790845049,50,POST,POST /events,35.800000,0.000000,71,74,77,78,82,85,87,90,120,120,120,10939,0,72,73.8561001186088,47.32519999379292,1981.180900009349,80.0
1790845049,50,,Aggregated,43.500000,0.000000,73,78,82,86,520,570,630,660,730,730,730,13639,1,75,132.32481838100517,47.32519999379292,3457.1864000172354,79.19473568443435
1790845050,50,GET,GET /inventory/{product_id},8.100000,0.000000,540,560,590,600,640,660,720,730,730,730,730,2703,1,350,369.3181867928744,126.74609996611252,3457.1864000172354,75.9322974472808
1790845050,50,POST,POST /events,34.800000,0.000000,71,74,76,78,82,86,89,94,120,120,120,10973,0,72,73.85924762574433,47.32519999379292,1981.180900009349,80.0
1790845050,50,,Aggregated,42.900000,0.000000,73,78,83,87,520,570,630,660,730,730,730,13676,1,75,132.2553804546967,47.32519999379292,3457.1864000172354,79.19603685288097
1790845051,50,GET,GET /inventory/{product_id},7.900000,0.000000,550,570,590,610,660,680,730,730,730,730,730,2719,1,350,370.54289106333385,126.74609996611252,3457.1864000172354,75.93269584406032
1790845051,50,POST,POST /events,35.500000,0.000000,71,74,77,78,82,86,89,94,120,120,120,11003,0,72,73.85743757131371,47.32519999379292,1981.180900009349,80.0
1790845051,50,,Aggregated,43.400000,0.000000,74,79,85,370,550,590,660,680,730,730,730,13722,1,75,132.6453509982779,47.32519999379292,3457.1864000172354,79.19406792012826
1790845052,50,GET,GET /inventory/{product_id},7.400000,0.000000,560,580,600,620,660,670,730,730,730,730,730,2725,1,350,370.9684806977134,126.74609996611252,3457.1864000172354,75.93284403669725
1790845052,50,POST,POST /events,35.800000,0.000000,71,74,77,78,83,86,89,98,120,120,120,11039,0,72,73.85197319480245,47.32519999379292,1981.180900009349,80.0
1790845052,50,,Aggregated,43.200000,0.000000,74,79,86,120,550,600,660,670,730,730,730,13764,1,75,132.67517015393005,47.32519999379292,3457.1864000172354,79.19478349317059
1790845053,50,GET,GET /inventory/{product_id},7.900000,0.000000,560,580,610,630,660,730,760,780,780,780,780,2730,1,350,371.43449505540326,126.74609996611252,3457.1864000172354,75.93296703296703
1790845053,50,POST,POST /events,34.600000,0.000000,72,75,77,78,83,86,89,94,110,110,110,11073,0,72,73.84908877427186,47.32519999379292,1981.180900009349,80.0
1790845053,50,,Aggregated,42.500000,0.000000,74,80,86,99,560,600,660,680,780,780,780,13803,1,75,132.70645015567365,47.32519999379292,3457.1864000172354,79.19560965007607
1790845054,50,GET,GET /inventory/{product_id},8.400000,0.000000,560,590,620,630,660,680,760,780,780,780,780,2743,1,350,372.20621804640206,126.74609996611252,3457.1864000172354,75.93328472475392
1790845054,50,POST,POST /events,34.000000,0.000000,72,75,77,78,83,86,89,93,110,110,110,11104,0,72,73.84612419825581,47.32519999379292,1981.180900009349,80.0
1790845054,50,,Aggregated,42.400000,0.000000,74,80,86,380,560,620,660,680,780,780,780,13847,1,75,132.94930448463302,47.32519999379292,3457.1864000172354,79.19441034159024
1790845055,50,GET,GET /inventory/{product_id},8.300000,0.000000,560,590,610,630,660,730,760,780,780,780,780,2753,1,350,372.85993523476935,126.74609996611252,3457.1864000172354,75.93352706138758
1790845055,50,POST,POST /events,34.400000,0.000000,72,75,78,79,84,86,89,93,110,110,110,11135,0,72,73.8424521236926,47.32519999379292,1981.180900009349,80.0
1790845055,50,,Aggregated,42.700000,0.000000,75,80,87,400,560,620,660,730,780,780,780,13888,1,75,133.11629508198712,47.32519999379292,3457.1864000172354,79.19390841013825
1790845056,50,GET,GET /inventory/{product_id},8.700000,0.000000,560,590,610,630,660,730,760,780,780,780,780,2765,1,360,373.5610471975655,126.74609996611252,3457.1864000172354,75.93381555153707
1790845056,50,POST,POST /events,34.000000,0.000000,72,76,78,79,84,87,89,93,110,110,110,11168,0,72,73.84031418316232,47.32519999379292,1981.180900009349,80.0
1790845056,50,,Aggregated,42.700000,0.000000,75,81,88,420,570,620,660,730,780,780,780,13933,1,75,133.31981083031832,47.32519999379292,3457.1864000172354,79.19306681978038
1790845057,50,GET,GET /inventory/{product_id},8.800000,0.000000,570,600,620,630,660,690,760,780,780,780,780,2773,1,360,374.2174366755847,126.74609996611252,3457.1864000172354,75.93400649116481
1790845057,50,POST,POST /events,33.500000,0.000000,72,76,78,79,84,86,89,93,110,110,110,11204,0,72,73.837116672385,47.32519999379292,1981.180900009349,80.0
1790845057,50,,Aggregated,42.300000,0.000000,75,80,86,380,570,620,660,690,780,780,780,13977,1,75,133.43178129060584,47.32519999379292,3457.1864000172354,79.19331759318881
1790845058,50,GET,GET /inventory/{product_id},9.500000,0.000000,570,600,630,640,660,690,760,780,780,780,780,2778,1,360,374.4936616635736,126.74609996611252,3457.1864000172354,75.9341252699784
1790845058,50,POST,POST /events,32.900000,0.000000,72,76,78,80,84,87,89,93,110,110,110,11245,0,72,73.82999089348353,47.32519999379292,1981.180900009349,80.0
1790845058,50,,Aggregated,42.400000,0.000000,75,80,86,370,570,630,660,690,780,780,780,14023,1,75,133.39240103391782,47.32519999379292,3457.1864000172354,79.19453754546103
1790845059,50,GET,GET /inventory/{product_id},9.400000,0.000000,570,610,630,640,660,690,760,780,780,780,780,2781,1,360,374.71770474700025,126.74609996611252,3457.1864000172354,75.93419633225459
1790845059,50,POST,POST /events,32.900000,0.000000,73,76,79,80,84,87,90,100,110,110,110,11285,0,72,73.82671382341337,47.32519999379292,1981.180900009349,80.0
1790845059,50,,Aggregated,42.300000,0.000000,75,80,86,110,570,630,660,690,780,780,780,14066,1,75,133.3161099387621,47.32519999379292,3457.1864000172354,79.19614673681217
1790845060,50,GET,GET /inventory/{product_id},8.800000,0.000000,570,610,630,640,660,690,760,780,780,780,780,2785,1,360,374.8512211136179,126.74609996611252,3457.1864000172354,75.93429084380611
1790845060,50,POST,POST /events,33.900000,0.000000,72,76,78,79,83,87,90,100,110,110,110,11323,0,72,73.81368952549448,47.32519999379292,1981.180900009349,80.0
1790845060,50,,Aggregated,42.700000,0.000000,75,80,85,89,560,620,660,680,780,780,780,14108,1,75,133.24022237727527,47.32519999379292,3457.1864000172354,79.19740572724695
1790845061,50,GET,GET /inventory/{product_id},8.400000,0.000000,570,600,620,630,650,690,760,780,780,780,780,2797,1,360,375.60999728330955,126.74609996611252,3457.1864000172354,75.93457275652484
1790845061,50,POST,POST /events,34.100000,0.000000,72,76,78,79,83,87,90,100,110,110,110,11357,0,72,73.80298511908185,47.32519999379292,1981.180900009349,80.0
1790845061,50,,Aggregated,42.500000,0.000000,75,80,85,90,550,610,640,670,780,780,780,14154,1,75,133.44366711875296,47.32519999379292,3457.1864000172354,79.19662286279497
1790845062,50,GET,GET /inventory/{product_id},8.200000,0.000000,570,600,620,630,650,690,760,780,780,780,780,2803,1,360,376.0225196223255,126.74609996611252,3457.1864000172354,75.93471280770603
1790845062,50,POST,POST /events,34.300000,0.000000,71,75,77,79,83,86,90,94,110,110,110,11396,0,72,73.78942392044733,47.32519999379292,1981.180900009349,80.0
1790845062,50,,Aggregated,42.500000,0.000000,74,79,83,90,550,610,640,670,780,780,780,14199,1,75,133.4527359320231,47.32519999379292,3457.1864000172354,79.19747869568279
1790845063,50,GET,GET /inventory/{product_id},7.600000,0.000000,570,590,610,620,640,670,710,730,730,730,730,2812,1,360,376.5993974756181,126.74609996611252,3457.1864000172354,75.93492176386913
1790845063,50,POST,POST /events,35.300000,0.000000,71,75,77,78,83,86,90,94,110,110,110,11428,0,72,73.7762834964403,47.32519999379292,1981.180900009349,80.0
1790845063,50,,Aggregated,42.900000,0.000000,74,79,83,89,540,610,640,650,730,730,730,14240,1,75,133.5753422400813,47.32519999379292,3457.1864000172354,79.19726123595505
1790845064,50,GET,GET /inventory/{product_id},8.000000,0.000000,570,590,610,620,640,650,710,730,730,730,730,2823,1,360,377.28184250846016,126.74609996611252,3457.1864000172354,75.93517534537726
1790845064,50,POST,POST /events,35.300000,0.000000,71,75,77,79,83,86,90,94,110,110,110,11460,0,72,73.76811314113849,47.32519999379292,1981.180900009349,80.0
1790845064,50,,Aggregated,43.300000,0.000000,74,79,83,89,560,610,640,650,730,730,730,14283,1,75,133.7568590631401,47.32519999379292,3457.1864000172354,79.19659735349717
1790845065,50,GET,GET /inventory/{product_id},7.900000,0.000000,570,590,620,630,640,650,680,710,710,710,710,2833,1,360,377.88900854262437,126.74609996611252,3457.1864000172354,75.9354041651959
1790845065,50,POST,POST /events,35.300000,0.000000,71,75,77,79,83,87,92,95,110,110,110,11496,0,72,73.77539987800667,47.32519999379292,1981.180900009349,80.0
1790845065,50,,Aggregated,43.200000,0.000000,74,79,83,90,540,610,640,650,710,710,710,14329,1,75,133.90198605616717,47.32519999379292,3457.1864000172354,79.19638495359062
1790845066,50,GET,GET /inventory/{product_id},7.800000,0.000000,570,590,620,630,640,650,680,710,710,710,710,2839,1,360,378.1734599511088,126.74609996611252,3457.1864000172354,75.9355406833392
1790845066,50,POST,POST /events,35.000000,0.000000,71,74,77,79,83,87,91,95,110,110,110,11531,0,72,73.77015845091911,47.32519999379292,1981.180900009349,80.0
1790845066,50,,Aggregated,42.800000,0.000000,73,79,83,90,530,610,640,650,710,710,710,14370,1,75,133.9094050033922,47.32519999379292,3457.1864000172354,79.19700765483647
1790845067,50,GET,GET /inventory/{product_id},7.700000,0.000000,540,590,610,620,640,650,680,710,710,710,710,2846,1,360,378.5052526708392,126.74609996611252,3457.1864000172354,75.93569922698524
1790845067,50,POST,POST /events,34.600000,0.000000,70,74,77,78,83,87,92,95,110,110,110,11566,0,72,73.7625042017547,47.32519999379292,1981.180900009349,80.0
1790845067,50,,Aggregated,42.300000,0.000000,73,78,83,89,520,600,630,650,710,710,710,14412,1,75,133.9413733485084,47.32519999379292,3457.1864000172354,79.1974049403275
1790845068,50,GET,GET /inventory/{product_id},7.400000,0.000000,550,590,610,620,640,670,690,710,710,710,710,2856,1,360,379.1916880606247,126.74609996611252,3457.1864000172354,75.9359243697479
1790845068,50,POST,POST /events,35.100000,0.000000,70,74,77,78,83,87,92,95,110,110,110,11604,0,72,73.7540591259348,47.32519999379292,1981.180900009349,80.0
1790845068,50,,Aggregated,42.500000,0.000000,73,79,84,92,540,610,640,670,710,710,710,14460,1,75,134.08115928067022,47.32519999379292,3457.1864000172354,79.19730290456431
1790845069,50,GET,GET /inventory/{product_id},7.400000,0.000000,550,590,610,620,640,680,710,760,760,760,760,2862,1,360,379.60870894524925,126.74609996611252,3457.1864000172354,75.93605870020964
1790845069,50,POST,POST /events,35.700000,0.000000,71,74,77,78,82,87,91,92,95,95,95,11640,0,72,73.74566387435337,47.32519999379292,1981.180900009349,80.0
1790845069,50,,Aggregated,43.100000,0.000000,73,79,84,92,540,610,640,670,760,760,760,14502,1,75,134.10837487924263,47.32519999379292,3457.1864000172354,79.19797269342159
1790845070,50,GET,GET /inventory/{product_id},7.100000,0.000000,550,590,610,620,640,670,710,760,760,760,760,2867,1,360,379.90761803326507,126.74609996611252,3457.1864000172354,75.93617021276596
1790845070,50,POST,POST /events,35.800000,0.000000,71,74,77,79,83,87,91,94,95,95,95,11678,0,72,73.73875816044072,47.32519999379292,1981.180900009349,80.0
1790845070,50,,Aggregated,42.900000,0.000000,73,79,86,92,550,610,640,670,760,760,760,14545,1,75,134.0884399243037,47.32519999379292,3457.1864000172354,79.19896871777243
1790845071,50,GET,GET /inventory/{product_id},7.800000,0.000000,550,600,620,620,650,690,760,760,760,760,760,2873,1,360,380.352487539619,126.74609996611252,3457.1864000172354,75.93630351548903
1790845071,50,POST,POST /events,35.200000,0.000000,71,75,77,79,83,87,91,92,95,95,95,11708,0,72,73.73845326253507,47.32519999379292,1981.180900009349,80.0
1790845071,50,,Aggregated,43.000000,0.000000,73,79,84,90,540,610,650,680,760,760,760,14581,1,75,134.15283639661794,47.32519999379292,3457.1864000172354,79.1993004595021
1790845072,50,GET,GET /inventory/{product_id},8.200000,0.000000,550,590,610,620,650,690,760,760,760,760,760,2881,1,360,380.69488351312987,126.74609996611252,3457.1864000172354,75.9364803887539
1790845072,50,POST,POST /events,34.800000,0.000000,72,75,78,80,84,87,91,92,95,95,95,11744,0,72,73.7402894753064,47.32519999379292,1981.180900009349,80.0
1790845072,50,,Aggregated,43.000000,0.000000,74,80,86,90,540,610,640,680,760,760,760,14625,1,75,134.20772095721884,47.32519999379292,3457.1864000172354,79.19952136752137
1790845073,50,GET,GET /inventory/{product_id},8.100000,0.000000,570,600,620,620,660,690,760,760,760,760,760,2897,1,360,381.7502305838355,126.74609996611252,3457.1864000172354,75.93683120469451
1790845073,50,POST,POST /events,35.300000,0.000000,72,76,79,81,85,88,92,95,100,100,100,11770,0,72,73.73999440084118,47.32519999379292,1981.180900009349,80.0
1790845073,50,,Aggregated,43.400000,0.000000,75,81,87,96,560,620,660,690,760,760,760,14667,1,75,134.57763360600478,47.32519999379292,3457.1864000172354,79.19745005795323
1790845074,50,GET,GET /inventory/{product_id},7.500000,0.000000,560,600,620,630,660,690,760,760,760,760,760,2904,1,360,382.19717840950557,126.74609996611252,3457.1864000172354,75.93698347107438
1790845074,50,POST,POST /events,35.400000,0.000000,71,75,78,80,84,88,92,95,100,100,100,11804,0,72,73.72792018787524,47.32519999379292,1981.180900009349,80.0
1790845074,50,,Aggregated,42.900000,0.000000,74,81,86,95,550,620,660,690,760,760,760,14708,1,75,134.63319118839294,47.32519999379292,3457.1864000172354,79.19778351917324
1790845075,50,GET,GET /inventory/{product_id},7.700000,0.000000,570,600,620,640,680,700,760,3500,3500,3500,3500,2913,2,360,383.8096976317099,126.74609996611252,3532.120699994266,75.93717816683831
1790845075,50,POST,POST /events,34.500000,0.000000,71,75,77,79,84,88,92,97,1900,1900,1900,11836,0,72,74.01975193457214,47.32519999379292,1981.180900009349,80.0
1790845075,50,,Aggregated,42.200000,0.000000,73,81,86,97,570,620,680,760,3500,3500,3500,14749,2,75,135.20478900934077,47.32519999379292,3532.120699994266,79.19757271679435
1790845076,50,GET,GET /inventory/{product_id},8.400000,0.000000,570,600,620,640,680,700,760,3500,3500,3500,3500,2925,2,370,384.4251672141095,126.74609996611252,3532.120699994266,75.9374358974359
1790845076,50,POST,POST /events,33.600000,0.000000,71,74,77,79,84,88,95,100,1900,1900,1900,11866,0,72,74.08744304715678,47.32519999379292,1981.180900009349,80.0
1790845076,50,,Aggregated,42.000000,0.000000,73,81,88,410,570,640,690,760,3500,3500,3500,14791,2,75,135.45840127772513,47.32519999379292,3532.120699994266,79.19660604421608
1790845077,50,GET,GET /inventory/{product_id},8.200000,0.000000,570,600,630,640,680,730,760,3500,3500,3500,3500,2934,2,370,385.00327886885395,126.74609996611252,3532.120699994266,75.93762781186093
1790845077,50,POST,POST /events,34.200000,0.000000,71,74,77,79,83,88,96,110,1900,1900,1900,11903,0,72,74.07158957384708,47.32519999379292,1981.180900009349,80.0
1790845077,50,,Aggregated,42.400000,0.000000,73,81,88,440,580,640,700,760,3500,3500,3500,14837,2,75,135.55798011044817,47.32519999379292,3532.120699994266,79.1966704859473
1790845078,50,GET,GET /inventory/{product_id},8.200000,0.100000,550,600,620,640,680,730,760,3500,3500,3500,3500,2939,2,370,385.25742368192965,126.74609996611252,3532.120699994266,75.9377339231031
1790845078,50,POST,POST /events,34.100000,0.000000,71,74,77,79,83,88,96,110,1900,1900,1900,11939,0,72,74.05837258543207,47.32519999379292,1981.180900009349,80.0
1790845078,50,,Aggregated,42.300000,0.100000,73,80,87,410,570,630,700,760,3500,3500,3500,14878,2,75,135.53263062902707,47.32519999379292,3532.120699994266,79.1975399919344
1790845079,50,GET,GET /inventory/{product_id},8.600000,0.100000,550,590,620,630,680,700,760,3500,3500,3500,3500,2948,2,370,385.666637042483,126.74609996611252,3532.120699994266,75.93792401628222
1790845079,50,POST,POST /events,33.200000,0.000000,71,74,77,79,83,88,96,110,1900,1900,1900,11975,0,72,74.0526063296417,47.32519999379292,1981.180900009349,80.0
1790845079,50,,Aggregated,41.800000,0.100000,73,80,88,430,560,630,690,760,3500,3500,3500,14923,2,75,135.6111510285264,47.32519999379292,3532.120699994266,79.1975474100382
1790845080,50,GET,GET /inventory/{product_id},8.800000,0.100000,550,590,620,630,680,700,760,3500,3500,3500,3500,2957,2,370,386.2387264461332,126.74609996611252,3532.120699994266,75.93811295231654
1790845080,50,POST,POST /events,33.200000,0.000000,71,75,78,80,84,89,97,110,1900,1900,1900,12010,0,72,74.04890079078882,47.32519999379292,1981.180900009349,80.0
1790845080,50,,Aggregated,42.000000,0.100000,74,82,90,450,580,630,700,760,3500,3500,3500,14967,2,75,135.72761492607668,47.32519999379292,3532.120699994266,79.19750116923899
1790845081,50,GET,GET /inventory/{product_id},8.400000,0.100000,550,590,620,630,680,700,750,3500,3500,3500,3500,2966,2,370,386.6209052599664,126.74609996611252,3532.120699994266,75.93830074173972
1790845081,50,POST,POST /events,33.600000,0.000000,70,74,78,79,84,89,97,110,1900,1900,1900,12043,0,72,74.03828030369328,47.32519999379292,1981.180900009349,80.0
1790845081,50,,Aggregated,42.000000,0.100000,73,81,92,450,570,630,690,750,3500,3500,3500,15009,2,75,135.8092221132946,47.32519999379292,3532.120699994266,79.19734825771204
1790845082,50,GET,GET /inventory/{product_id},8.400000,0.100000,550,590,630,630,680,700,750,3500,3500,3500,3500,2973,2,370,387.15798039052504,126.74609996611252,3532.120699994266,75.93844601412714
1790845082,50,POST,POST /events,33.400000,0.000000,70,73,76,79,83,90,98,140,1900,1900,1900,12083,0,72,74.02676930376771,47.32519999379292,1981.180900009349,80.0
1790845082,50,,Aggregated,41.800000,0.100000,73,80,90,450,570,630,700,750,3500,3500,3500,15056,2,75,135.85853674272425,47.32519999379292,3532.120699994266,79.19799415515409
1790845083,50,GET,GET /inventory/{product_id},9.000000,0.100000,540,590,620,630,680,730,750,3500,3500,3500,3500,2976,2,370,387.2837132059763,126.74609996611252,3532.120699994266,75.93850806451613
1790845083,50,POST,POST /events,32.700000,0.000000,70,73,76,78,82,89,97,140,1900,1900,1900,12123,0,72,74.0152623935981,47.32519999379292,1981.180900009349,80.0
1790845083,50,,Aggregated,41.700000,0.100000,73,78,83,96,540,620,680,750,3500,3500,3500,15099,2,75,135.7602064043033,47.32519999379292,3532.120699994266,79.19948340949732
1790845084,50,GET,GET /inventory/{product_id},9.100000,0.100000,540,590,630,630,680,730,750,3500,3500,3500,3500,2986,2,370,387.6959397859886,126.74609996611252,3532.120699994266,75.93871399866042
1790845084,50,POST,POST /events,32.700000,0.000000,71,74,76,79,83,89,97,140,1900,1900,1900,12155,0,72,74.01477328649328,47.32519999379292,1981.180900009349,80.0
1790845084,50,,Aggregated,41.800000,0.100000,73,79,85,98,540,630,680,750,3500,3500,3500,15141,2,75,135.87673505701656,47.32519999379292,3532.120699994266,79.19906214913149
1790845085,50,GET,GET /inventory/{product_id},9.100000,0.100000,540,590,620,630,670,700,750,750,750,750,750,2994,2,370,388.19698132963,126.74609996611252,3532.120699994266,75.93887775551102
1790845085,50,POST,POST /events,33.600000,0.000000,71,74,76,78,82,86,95,98,1000,1000,1000,12181,0,72,74.01125651401135,47.32519999379292,1981.180900009349,80.0
1790845085,50,,Aggregated,42.700000,0.100000,73,79,84,97,540,620,670,700,1000,1000,1000,15175,2,75,135.99953065555746,47.32519999379292,3532.120699994266,79.19874794069193
1790845086,50,GET,GET /inventory/{product_id},7.700000,0.100000,540,580,610,630,660,680,730,750,750,750,750,3009,2,370,388.8529861086593,126.74609996611252,3532.120699994266,75.93918245264207
1790845086,50,POST,POST /events,35.500000,0.000000,71,74,77,79,82,86,92,97,140,140,140,12210,0,72,74.00776649444184,47.32519999379292,1981.180900009349,80.0
1790845086,50,,Aggregated,43.200000,0.100000,74,79,84,98,540,610,660,680,750,750,750,15219,2,75,136.25688048479472,47.32519999379292,3532.120699994266,79.19712201852947
1790845087,50,GET,GET /inventory/{product_id},8.100000,0.100000,540,580,610,630,660,680,720,750,750,750,750,3016,2,370,389.24550547116525,126.74609996611252,3532.120699994266,75.93932360742706
1790845087,50,POST,POST /events,35.000000,0.000000,71,74,77,79,83,86,92,96,140,140,140,12249,0,72,73.99581554390551,47.32519999379292,1981.180900009349,80.0
1790845087,50,,Aggregated,43.100000,0.100000,74,79,85,96,530,610,660,680,750,750,750,15265,2,75,136.28163701921605,47.32519999379292,3532.120699994266,79.19770717327219
1790845088,50,GET,GET /inventory/{product_id},8.000000,0.000000,540,580,610,630,660,680,720,750,750,750,750,3022,2,370,389.6295450698531,126.74609996611252,3532.120699994266,75.93944407677036
1790845088,50,POST,POST /events,34.200000,0.000000,71,74,77,79,83,86,92,96,140,140,140,12285,0,72,73.98100886426167,47.32519999379292,1981.180900009349,80.0
1790845088,50,,Aggregated,42.200000,0.000000,74,79,85,97,540,610,660,680,750,750,750,15307,2,75,136.29824126860592,47.32519999379292,3532.120699994266,79.19834062847063
1790845089,50,GET,GET /inventory/{product_id},8.200000,0.000000,550,590,630,640,680,700,730,750,750,750,750,3034,2,370,390.38916947959734,126.74609996611252,3532.120699994266,75.93968358602505
1790845089,50,POST,POST /events,34.200000,0.000000,71,74,77,78,83,86,92,96,140,140,140,12315,0,72,73.97363318696239,47.32519999379292,1981.180900009349,80.0
1790845089,50,,Aggregated,42.400000,0.000000,74,79,86,390,550,630,680,700,750,750,750,15349,2,75,136.5187330053124,47.32519999379292,3532.120699994266,79.19740699719851
1790845091,50,GET,GET /inventory/{product_id},8.100000,0.000000,550,600,640,640,680,720,750,760,760,760,760,3042,2,370,390.8648866210849,126.74609996611252,3532.120699994266,75.93984220907298
1790845091,50,POST,POST /events,34.300000,0.000000,71,74,76,77,82,85,88,92,140,140,140,12352,0,72,73.959278027633,47.32519999379292,1981.180900009349,80.0
1790845091,50,,Aggregated,42.400000,0.000000,73,78,84,140,550,630,680,720,760,760,760,15394,2,75,136.5828236519854,47.32519999379292,3532.120699994266,79.19767441860465
1790845092,50,GET,GET /inventory/{product_id},8.600000,0.000000,550,600,630,640,670,700,730,760,760,760,760,3049,2,370,391.23130816706737,126.74609996611252,3532.120699994266,75.93998032141685
1790845092,50,POST,POST /events,33.700000,0.000000,71,74,77,78,83,86,90,92,93,93,93,12390,0,72,73.95133016928575,47.32519999379292,1981.180900009349,80.0
1790845092,50,,Aggregated,42.300000,0.000000,74,79,84,93,550,630,670,700,760,760,760,15439,2,75,136.60996433699327,47.32519999379292,3532.120699994266,79.19819936524387
1790845093,50,GET,GET /inventory/{product_id},8.500000,0.000000,560,610,630,650,680,700,730,760,760,760,760,3058,2,370,391.8732077506241,126.74609996611252,3532.120699994266,75.94015696533683
1790845093,50,POST,POST /events,33.900000,0.000000,72,75,77,79,83,86,92,92,93,93,93,12423,0,72,73.95581626801656,47.32519999379292,1981.180900009349,80.0
1790845093,50,,Aggregated,42.400000,0.000000,75,81,87,420,570,640,680,720,760,760,760,15481,2,75,136.75482041205208,47.32519999379292,3532.120699994266,79.1980492216265
1790845094,50,GET,GET /inventory/{product_id},8.300000,0.000000,570,610,630,650,690,730,730,760,760,760,760,3065,2,380,392.322401044496,126.74609996611252,3532.120699994266,75.94029363784665
1790845094,50,POST,POST /events,34.300000,0.000000,72,75,77,79,83,86,92,92,100,100,100,12458,0,72,73.95112150405015,47.32519999379292,1981.180900009349,80.0
1790845094,50,,Aggregated,42.600000,0.000000,74,80,85,400,570,640,690,730,760,760,760,15523,2,75,136.81319531655203,47.32519999379292,3532.120699994266,79.19841525478323
1790845095,50,GET,GET /inventory/{product_id},8.400000,0.000000,560,610,630,650,690,730,730,760,760,760,760,3073,2,380,392.7587704202497,126.74609996611252,3532.120699994266,75.94044907256752
1790845095,50,POST,POST /events,33.800000,0.000000,72,75,77,78,83,86,92,92,100,100,100,12491,0,72,73.94600643644256,47.32519999379292,1981.180900009349,80.0
1790845095,50,,Aggregated,42.200000,0.000000,74,80,85,320,560,630,690,730,760,760,760,15564,2,75,136.89329657536825,47.32519999379292,3532.120699994266,79.1984708301208
1790845096,50,GET,GET /inventory/{product_id},8.900000,0.000000,580,620,640,650,700,730,730,760,760,760,760,3083,2,380,393.29874914092613,126.74609996611252,3532.120699994266,75.9406422315926
1790845096,50,POST,POST /events,33.100000,0.000000,72,75,77,79,83,87,92,92,100,100,100,12523,0,72,73.9451484146957,47.32519999379292,1981.180900009349,80.0
1790845096,50,,Aggregated,42.000000,0.000000,74,80,85,92,570,630,700,730,760,760,760,15606,2,75,137.03416232210108,47.32519999379292,3532.120699994266,79.19806484685377
1790845097,50,GET,GET /inventory/{product_id},8.600000,0.000000,580,620,640,660,710,730,760,3600,3600,3600,3600,3090,3,380,394.6196077674632,126.74609996611252,3591.6134000290185,75.94077669902913
1790845097,50,POST,POST /events,33.200000,0.000000,72,75,77,79,83,87,91,92,100,100,100,12559,0,72,73.93908026891894,47.32519999379292,1981.180900009349,80.0
1790845097,50,,Aggregated,41.800000,0.000000,74,80,85,93,570,640,710,730,3600,3600,3600,15649,3,75,137.25960106708507,47.32519999379292,3591.6134000290185,79.19847913604703
1790845098,50,GET,GET /inventory/{product_id},8.700000,0.000000,570,620,640,660,710,730,760,3600,3600,3600,3600,3095,3,380,394.87403172908216,126.74609996611252,3591.6134000290185,75.94087237479806
1790845098,50,POST,POST /events,33.900000,0.000000,72,76,78,80,84,89,92,93,100,100,100,12597,0,72,73.94053407930248,47.32519999379292,1981.180900009349,80.0
1790845098,50,,Aggregated,42.600000,0.000000,74,81,86,93,560,640,710,730,3600,3600,3600,15692,3,75,137.2396148354883,47.32519999379292,3591.6134000290185,79.19940096864644
1790845099,50,GET,GET /inventory/{product_id},8.100000,0.100000,590,620,650,670,730,750,790,3600,3600,3600,3600,3100,3,380,395.3457634520882,126.74609996611252,3591.6134000290185,75.94096774193548
1790845099,50,POST,POST /events,34.600000,0.000000,72,75,78,80,84,89,92,96,120,120,120,12636,0,72,73.93156702254848,47.32519999379292,1981.180900009349,80.0
1790845099,50,,Aggregated,42.700000,0.100000,74,80,84,90,550,630,710,750,3600,3600,3600,15736,3,75,137.2503271224197,47.32519999379292,3591.6134000290185,79.20036858159634
1790845100,50,GET,GET /inventory/{product_id},7.800000,0.100000,590,620,650,670,730,750,790,3600,3600,3600,3600,3109,3,380,395.88331138679877,126.74609996611252,3591.6134000290185,75.94113862978449
1790845100,50,POST,POST /events,34.600000,0.000000,72,76,79,81,85,89,92,96,120,120,120,12672,0,72,73.92875897229338,47.32519999379292,1981.180900009349,80.0
1790845100,50,,Aggregated,42.400000,0.100000,74,81,85,90,560,640,710,750,3600,3600,3600,15781,3,75,137.3567231986857,47.32519999379292,3591.6134000290185,79.20036753057474
1790845101,50,GET,GET /inventory/{product_id},7.800000,0.100000,580,620,650,680,730,750,790,3600,3600,3600,3600,3112,3,380,396.0441480403297,126.74609996611252,3591.6134000290185,75.94119537275064
1790845101,50,POST,POST /events,34.900000,0.000000,72,76,78,80,85,88,91,96,120,120,120,12708,0,72,73.9272768804543,47.32519999379292,1981.180900009349,80.0
1790845101,50,,Aggregated,42.700000,0.100000,75,80,84,89,540,630,710,750,3600,3600,3600,15820,3,75,137.2918598797926,47.32519999379292,3591.6134000290185,79.20158027812894
1790845102,50,GET,GET /inventory/{product_id},7.000000,0.100000,580,620,650,690,730,770,800,3600,3600,3600,3600,3122,3,380,396.729012460461,126.74609996611252,3591.6134000290185,75.94138372837925
1790845102,50,POST,POST /events,35.700000,0.000000,72,76,78,80,84,88,95,97,120,120,120,12742,0,72,73.92656816016093,47.32519999379292,1981.180900009349,80.0
1790845102,50,,Aggregated,42.700000,0.100000,74,80,85,89,540,640,730,770,3600,3600,3600,15864,3,75,137.45337294492748,47.32519999379292,3591.6134000290185,79.2012733232476
1790845103,50,GET,GET /inventory/{product_id},7.000000,0.100000,580,620,650,680,730,770,800,3600,3600,3600,3600,3129,3,380,397.09964241021345,126.74609996611252,3591.6134000290185,75.94151486097795
1790845103,50,POST,POST /events,35.400000,0.000000,72,75,78,80,84,87,95,97,1100,1100,1100,12782,0,72,73.99573760731441,47.32519999379292,1981.180900009349,80.0
1790845103,50,,Aggregated,42.400000,0.100000,74,79,84,88,540,630,730,790,3600,3600,3600,15911,3,75,137.5361887498115,47.32519999379292,3591.6134000290185,79.20187291810697
1790845104,50,GET,GET /inventory/{product_id},7.100000,0.100000,580,620,650,670,730,770,800,3600,3600,3600,3600,3135,3,380,397.43199148376885,126.74609996611252,3591.6134000290185,75.94162679425837
1790845104,50,POST,POST /events,35.200000,0.000000,73,76,78,80,84,87,96,98,1100,1100,1100,12821,0,72,73.99284201674436,47.32519999379292,1981.180900009349,80.0
1790845104,50,,Aggregated,42.300000,0.100000,74,79,84,87,530,630,730,790,3600,3600,3600,15956,3,75,137.5414590623148,47.32519999379292,3591.6134000290185,79.20261970418652
1790845105,50,GET,GET /inventory/{product_id},7.000000,0.100000,590,630,660,670,750,790,800,3600,3600,3600,3600,3141,3,380,397.90082126763934,126.74609996611252,3591.6134000290185,75.94173829990449
1790845105,50,POST,POST /events,35.700000,0.000000,72,75,78,80,84,89,96,98,1100,1100,1100,12858,0,72,73.98805547492978,47.32519999379292,1981.180900009349,80.0
1790845105,50,,Aggregated,42.700000,0.100000,74,79,83,86,570,640,730,790,3600,3600,3600,15999,3,75,137.58015481581987,47.32519999379292,3591.6134000290185,79.203262703919
1790845106,50,GET,GET /inventory/{product_id},6.900000,0.100000,580,630,650,660,710,770,790,800,800,800,800,3148,3,380,398.1253930119648,126.74609996611252,3591.6134000290185,75.94186785260483
1790845106,50,POST,POST /events,36.100000,0.000000,73,76,78,80,85,89,97,98,1100,1100,1100,12894,0,72,73.98619271728563,47.32519999379292,1981.180900009349,80.0
1790845106,50,,Aggregated,43.000000,0.100000,74,79,83,88,530,630,690,770,1100,1100,1100,16042,3,75,137.5936109025275,47.32519999379292,3591.6134000290185,79.20365291110834
1790845107,50,GET,GET /inventory/{product_id},6.600000,0.100000,590,630,650,670,710,770,790,800,800,800,800,3152,3,380,398.35967195485034,126.74609996611252,3591.6134000290185,75.94194162436548
1790845107,50,POST,POST /events,36.600000,0.000000,72,75,78,80,84,89,97,98,1100,1100,1100,12932,0,72,73.98034967494152,47.32519999379292,1981.180900009349,80.0
1790845107,50,,Aggregated,43.200000,0.100000,74,79,83,86,510,630,710,770,1100,1100,1100,16084,3,75,137.54933897028303,47.32519999379292,3591.6134000290185,79.20473762745586
1790845108,50,GET,GET /inventory/{product_id},6.400000,0.100000,580,620,640,650,710,760,780,800,800,800,800,3163,3,380,398.98924546368823,126.74609996611252,3591.6134000290185,75.94214353461903
1790845108,50,POST,POST /events,37.100000,0.000000,73,76,78,80,84,89,96,98,1100,1100,1100,12966,0,72,73.97798651830672,47.32519999379292,1981.180900009349,80.0
1790845108,50,,Aggregated,43.500000,0.100000,74,79,84,89,530,630,710,770,1100,1100,1100,16129,3,75,137.71477193862054,47.32519999379292,3591.6134000290185,79.20422840845681
1790845109,50,GET,GET /inventory/{product_id},6.200000,0.000000,580,620,640,670,710,750,780,800,800,800,800,3167,3,380,399.2849880017487,126.74609996611252,3591.6134000290185,75.94221660877803
1790845109,50,POST,POST /events,37.400000,0.000000,72,76,78,80,84,88,96,98,1100,1100,1100,13004,0,72,73.97114463980985,47.32519999379292,1981.180900009349,80.0
1790845109,50,,Aggregated,43.600000,0.000000,74,79,84,89,550,630,710,760,1100,1100,1100,16171,3,75,137.68204328103553,47.32519999379292,3591.6134000290185,79.20530579432317
1790845110,50,GET,GET /inventory/{product_id},6.500000,0.000000,580,630,670,690,730,760,780,800,800,800,800,3175,3,380,399.8812741422329,126.74609996611252,3591.6134000290185,75.9423622047244
1790845110,50,POST,POST /events,36.800000,0.000000,72,76,78,80,84,89,97,98,1100,1100,1100,13041,0,72,73.9673073457768,47.32519999379292,1981.180900009349,80.0
1790845110,50,,Aggregated,43.300000,0.000000,74,80,84,89,550,640,730,760,1100,1100,1100,16216,3,75,137.77939692266062,47.32519999379292,3591.6134000290185,79.2055377405032
1790845111,50,GET,GET /inventory/{product_id},6.700000,0.000000,570,630,670,690,730,740,760,780,780,780,780,3185,3,380,400.39601987490965,126.74609996611252,3591.6134000290185,75.9425431711146
1790845111,50,POST,POST /events,36.700000,0.000000,72,76,78,80,84,89,96,98,1100,1100,1100,13076,0,72,73.96258371797207,47.32519999379292,1981.180900009349,80.0
1790845111,50,,Aggregated,43.400000,0.000000,74,80,84,91,550,640,730,760,1100,1100,1100,16261,3,75,137.90025631866368,47.32519999379292,3591.6134000290185,79.20527642826394
1790845112,50,GET,GET /inventory/{product_id},7.100000,0.000000,590,640,670,700,730,760,770,780,780,780,780,3191,3,380,400.8857687877299,126.74609996611252,3591.6134000290185,75.94265120651833
1790845112,50,POST,POST /events,36.600000,0.000000,72,76,78,80,85,89,96,98,110,110,110,13111,0,72,73.9592553883092,47.32519999379292,1981.180900009349,80.0
1790845112,50,,Aggregated,43.700000,0.000000,74,80,85,92,530,650,730,760,780,780,780,16302,3,75,137.95278405089977,47.32519999379292,3591.6134000290185,79.20580296896087
1790845113,50,GET,GET /inventory/{product_id},7.200000,0.000000,610,640,670,700,730,760,770,780,780,780,780,3203,3,380,401.5702110839113,126.74609996611252,3591.6134000290185,75.94286606306588
1790845113,50,POST,POST /events,36.600000,0.000000,72,76,79,81,85,89,96,97,100,100,100,13142,0,72,73.95723036800437,47.32519999379292,1981.180900009349,80.0
1790845113,50,,Aggregated,43.800000,0.000000,74,81,86,95,570,650,730,760,780,780,780,16345,3,75,138.15694754347393,47.32519999379292,3591.6134000290185,79.2049556439278
1790845114,50,GET,GET /inventory/{product_id},7.100000,0.000000,610,640,680,690,730,760,770,780,780,780,780,3210,3,380,402.07448454881654,126.74609996611252,3591.6134000290185,75.9429906542056
1790845114,50,POST,POST /events,35.900000,0.000000,72,76,79,80,86,89,96,98,100,100,100,13178,0,72,73.95073689453326,47.32519999379292,1981.180900009349,80.0
1790845114,50,,Aggregated,43.000000,0.000000,75,81,86,96,570,670,730,760,780,780,780,16388,3,75,138.221985977414,47.32519999379292,3591.6134000290185,79.20533317061265
1790845115,50,GET,GET /inventory/{product_id},7.300000,0.000000,600,640,680,700,730,760,770,780,780,780,780,3215,3,380,402.26927182012895,126.74609996611252,3591.6134000290185,75.94307931570762
1790845115,50,POST,POST /events,35.000000,0.000000,71,76,78,80,84,88,95,96,100,100,100,13211,0,72,73.9457812880282,47.32519999379292,1981.180900009349,80.0
1790845115,50,,Aggregated,42.300000,0.000000,74,80,85,91,570,650,730,760,780,780,780,16426,3,75,138.20731921939944,47.32519999379292,3591.6134000290185,79.20595397540485
1790845116,50,GET,GET /inventory/{product_id},7.500000,0.000000,600,630,670,690,730,760,770,780,780,780,780,3226,3,380,402.82730827707354,126.74609996611252,3591.6134000290185,75.94327340359578
1790845116,50,POST,POST /events,35.000000,0.000000,71,76,78,79,83,88,95,96,100,100,100,13247,0,72,73.93736183258196,47.32519999379292,1981.180900009349,80.0
1790845116,50,,Aggregated,42.500000,0.000000,75,80,86,96,590,650,730,760,780,780,780,16473,3,75,138.34572504692846,47.32519999379292,3591.6134000290185,79.20554847325927
1790845117,50,GET,GET /inventory/{product_id},7.600000,0.000000,600,630,670,690,730,760,770,780,780,780,780,3231,3,380,403.12012683438263,126.74609996611252,3591.6134000290185,75.94336118848653
1790845117,50,POST,POST /events,35.200000,0.000000,71,75,78,79,84,88,95,96,100,100,100,13286,0,72,73.92262921091823,47.32519999379292,1981.180900009349,80.0
1790845117,50,,Aggregated,42.800000,0.000000,73,80,85,95,590,650,730,760,780,780,780,16517,3,75,138.3191367377944,47.32519999379292,3591.6134000290185,79.20645395652964
1790845118,50,GET,GET /inventory/{product_id},7.800000,0.000000,600,640,660,680,710,750,760,770,770,770,770,3240,3,380,403.7192736734366,126.74609996611252,3591.6134000290185,75.94351851851852
1790845118,50,POST,POST /events,35.000000,0.000000,70,75,78,79,84,89,95,96,100,100,100,13320,0,72,73.91721620842327,47.32519999379292,1981.180900009349,80.0
1790845118,50,,Aggregated,42.800000,0.000000,73,80,87,96,600,650,710,750,770,770,770,16560,3,75,138.4437057124476,47.32519999379292,3591.6134000290185,79.20634057971014
1790845119,50,GET,GET /inventory/{product_id},7.800000,0.000000,600,640,650,670,710,750,770,800,800,800,800,3250,3,380,404.31307815443364,126.74609996611252,3591.6134000290185,75.9436923076923
1790845119,50,POST,POST /events,34.900000,0.000000,71,75,77,79,83,89,95,96,100,100,100,13354,0,72,73.91410096571704,47.32519999379292,1981.180900009349,80.0
1790845119,50,,Aggregated,42.700000,0.000000,73,80,86,96,600,650,710,750,800,800,800,16604,3,75,138.58506433980335,47.32519999379292,3591.6134000290185,79.20603469043604
1790845120,50,GET,GET /inventory/{product_id},7.700000,0.000000,610,640,650,670,710,750,770,800,800,800,800,3254,3,380,404.42689920153947,126.74609996611252,3591.6134000290185,75.94376152427782
1790845120,50,POST,POST /events,35.000000,0.000000,70,75,77,79,84,88,91,96,100,100,100,13387,0,72,73.90371718057699,47.32519999379292,1981.180900009349,80.0
1790845120,50,,Aggregated,42.700000,0.000000,73,80,85,91,600,650,710,750,800,800,800,16641,3,75,138.534594789868,47.32519999379292,3591.6134000290185,79.20683853133826
1790845121,50,GET,GET /inventory/{product_id},8.000000,0.000000,600,620,650,660,700,720,760,800,800,800,800,3263,3,390,404.9391403315391,126.74609996611252,3591.6134000290185,75.9439166411278
1790845121,50,POST,POST /events,34.100000,0.000000,70,75,77,79,84,89,91,96,100,100,100,13416,0,72,73.89666478804611,47.32519999379292,1981.180900009349,80.0
1790845121,50,,Aggregated,42.100000,0.000000,73,80,86,92,580,640,700,720,800,800,800,16679,3,75,138.66023560754473,47.32519999379292,3591.6134000290185,79.20648719947239
1790845122,50,GET,GET /inventory/{product_id},7.900000,0.000000,600,620,650,670,720,760,800,840,840,840,840,3278,3,390,405.75885494256534,126.74609996611252,3591.6134000290185,75.94417327638804
1790845122,50,POST,POST /events,34.000000,0.000000,70,74,77,79,83,88,91,92,100,100,100,13446,0,72,73.88813621869987,47.32519999379292,1981.180900009349,80.0
1790845122,50,,Aggregated,41.900000,0.000000,73,80,86,100,600,650,720,760,840,840,840,16724,3,75,138.93670211064145,47.32519999379292,3591.6134000290185,79.2050346806984
1790845123,50,GET,GET /inventory/{product_id},7.800000,0.000000,580,620,660,670,720,760,800,840,840,840,840,3285,3,390,406.14515993964915,126.74609996611252,3591.6134000290185,75.94429223744292
1790845123,50,POST,POST /events,34.000000,0.000000,70,74,77,79,83,87,89,91,96,96,96,13486,0,72,73.8720141477764,47.32519999379292,1981.180900009349,80.0
1790845123,50,,Aggregated,41.800000,0.000000,73,80,84,92,570,650,720,760,840,840,840,16771,3,75,138.95562776212867,47.32519999379292,3591.6134000290185,79.20559298789577
1790845124,50,GET,GET /inventory/{product_id},8.400000,0.000000,590,640,660,680,720,760,800,840,840,840,840,3292,3,390,406.6084839616798,126.74609996611252,3591.6134000290185,75.9444106925881
1790845124,50,POST,POST /events,34.400000,0.000000,70,73,77,78,82,86,89,91,96,96,96,13524,0,72,73.85819582939766,47.32519999379292,1981.180900009349,80.0
1790845124,50,,Aggregated,42.800000,0.000000,73,79,84,95,580,660,720,760,840,840,840,16816,3,75,138.9993678400704,47.32519999379292,3591.6134000290185,79.20605375832541
1790845125,50,GET,GET /inventory/{product_id},8.400000,0.000000,590,640,660,670,720,760,800,840,840,840,840,3299,3,390,406.969607912025,126.74609996611252,3591.6134000290185,75.94452864504396
1790845125,50,POST,POST /events,35.000000,0.000000,70,74,77,78,82,86,89,89,96,96,96,13562,0,72,73.85096869171618,47.32519999379292,1981.180900009349,80.0
1790845125,50,,Aggregated,43.400000,0.000000,73,79,84,89,580,660,720,760,840,840,840,16861,3,75,139.02850209944992,47.32519999379292,3591.6134000290185,79.20651206927228
1790845126,50,GET,GET /inventory/{product_id},8.000000,0.000000,600,640,660,670,720,760,800,840,840,840,840,3304,3,390,407.176926998085,126.74609996611252,3591.6134000290185,75.94461259079903
1790845126,50,POST,POST /events,34.900000,0.000000,70,74,77,78,81,86,89,89,96,96,96,13597,0,72,73.84368896791933,47.32519999379292,1981.180900009349,80.0
1790845126,50,,Aggregated,42.900000,0.000000,73,79,83,89,590,660,720,760,840,840,840,16901,3,75,139.0074673509539,47.32519999379292,3591.6134000290185,79.2072066741613
1790845127,50,GET,GET /inventory/{product_id},8.000000,0.000000,610,640,670,680,720,780,800,840,840,840,840,3316,3,390,408.03571233464226,126.74609996611252,3591.6134000290185,75.94481302774427
1790845127,50,POST,POST /events,34.800000,0.000000,70,74,77,78,81,85,87,89,96,96,96,13626,0,72,73.84122945081053,47.32519999379292,1981.180900009349,80.0
1790845127,50,,Aggregated,42.800000,0.000000,74,79,84,390,610,670,720,780,840,840,840,16942,3,75,139.25197819610543,47.32519999379292,3591.6134000290185,79.20629205524732
1790845128,50,GET,GET /inventory/{product_id},7.700000,0.000000,600,630,660,680,720,780,810,840,840,840,840,3327,3,390,408.62239600294083,126.74609996611252,3591.6134000290185,75.94499549143373
1790845128,50,POST,POST /events,34.400000,0.000000,70,74,77,79,81,86,87,89,96,96,96,13662,0,72,73.8339161394051,47.32519999379292,1981.180900009349,80.0
1790845128,50,,Aggregated,42.100000,0.000000,74,80,84,380,600,660,720,780,840,840,840,16989,3,75,139.39641378529265,47.32519999379292,3591.6134000290185,79.20589793395726
1790845129,50,GET,GET /inventory/{product_id},8.300000,0.000000,610,640,660,680,720,780,810,840,840,840,840,3331,3,390,408.9106071455519,126.74609996611252,3591.6134000290185,75.94506154308016
1790845129,50,POST,POST /events,33.700000,0.000000,70,74,77,79,81,85,87,88,91,91,91,13695,0,72,73.82567242034767,47.32519999379292,1981.180900009349,80.0
1790845129,50,,Aggregated,42.000000,0.000000,73,79,83,89,600,660,720,780,840,840,840,17026,3,75,139.38234560075736,47.32519999379292,3591.6134000290185,79.20668389521907
1790845130,50,GET,GET /inventory/{product_id},8.700000,0.000000,610,650,670,680,720,780,810,840,840,840,840,3342,3,390,409.5292033817544,126.74609996611252,3591.6134000290185,75.94524236983843
1790845130,50,POST,POST /events,33.600000,0.000000,70,74,77,78,81,85,87,90,94,94,94,13727,0,72,73.81976253345833,47.32519999379292,1981.180900009349,80.0
1790845130,50,,Aggregated,42.300000,0.000000,73,79,84,380,610,670,720,780,840,840,840,17069,3,75,139.5495036615271,47.32519999379292,3591.6134000290185,79.20610463413205
1790845131,50,GET,GET /inventory/{product_id},8.200000,0.000000,620,660,680,700,720,790,820,840,840,840,840,3350,3,390,410.17464125428154,126.74609996611252,3591.6134000290185,75.94537313432836
1790845131,50,POST,POST /events,34.200000,0.000000,71,74,77,78,82,85,88,92,100,100,100,13760,0,72,73.81547610441271,47.32519999379292,1981.180900009349,80.0
1790845131,50,,Aggregated,42.400000,0.000000,73,79,83,92,610,680,720,790,840,840,840,17110,3,75,139.67188774976984,47.32519999379292,3591.6134000290185,79.20613676212741
1790845132,50,GET,GET /inventory/{product_id},8.800000,0.000000,620,670,700,710,760,810,830,840,840,840,840,3360,3,390,410.95172229220873,126.74609996611252,3591.6134000290185,75.94553571428571
1790845132,50,POST,POST /events,33.700000,0.000000,71,74,77,78,83,86,88,92,100,100,100,13795,0,72,73.80478694429402,47.32519999379292,1981.180900009349,80.0
1790845132,50,,Aggregated,42.500000,0.000000,73,79,84,93,620,690,760,810,840,840,840,17155,3,75,139.83881217128285,47.32519999379292,3591.6134000290185,79.20588749635675
1790845133,50,GET,GET /inventory/{product_id},8.500000,0.000000,620,670,700,710,760,810,830,840,840,840,840,3365,3,390,411.21805058005174,126.74609996611252,3591.6134000290185,75.94561664190194
1790845133,50,POST,POST /events,33.800000,0.000000,70,74,77,79,83,87,90,93,100,100,100,13834,0,72,73.79678570164397,47.32519999379292,1981.180900009349,80.0
1790845133,50,,Aggregated,42.300000,0.000000,73,79,85,94,610,700,760,810,840,840,840,17199,3,75,139.81356320707116,47.32519999379292,3591.6134000290185,79.20675620675621
1790845134,50,GET,GET /inventory/{product_id},8.200000,0.000000,620,670,700,710,760,810,830,840,840,840,840,3371,3,390,411.6214803031392,126.74609996611252,3591.6134000290185,75.94571343814891
1790845134,50,POST,POST /events,34.000000,0.000000,71,74,77,79,83,87,90,93,100,100,100,13871,0,72,73.79293955709892,47.32519999379292,1981.180900009349,80.0
1790845134,50,,Aggregated,42.200000,0.000000,74,80,86,94,610,700,760,810,840,840,840,17242,3,75,139.8421224161003,47.32519999379292,3591.6134000290185,79.20734253566872
1790845135,50,GET,GET /inventory/{product_id},7.800000,0.000000,640,670,700,710,780,820,830,840,840,840,840,3376,3,390,411.94573065815126,126.74609996611252,3591.6134000290185,75.94579383886256
1790845135,50,POST,POST /events,34.200000,0.000000,71,74,77,79,83,87,90,93,100,100,100,13910,0,72,73.7822219695612,47.32519999379292,1981.180900009349,80.0
1790845135,50,,Aggregated,42.000000,0.000000,73,79,85,92,620,700,780,820,840,840,840,17286,3,75,139.82641989462658,47.32519999379292,3591.6134000290185,79.20820317019553
1790845136,50,GET,GET /inventory/{product_id},8.000000,0.000000,640,670,700,710,780,820,830,840,840,840,840,3379,3,390,412.1081715306161,126.74609996611252,3591.6134000290185,75.94584196507843
1790845136,50,POST,POST /events,34.000000,0.000000,70,74,77,79,83,87,90,94,100,100,100,13948,0,72,73.77790428711684,47.32519999379292,1981.180900009349,80.0
1790845136,50,,Aggregated,42.000000,0.000000,72,78,83,88,610,680,760,820,840,840,840,17327,3,75,139.75689505388456,47.32519999379292,3591.6134000290185,79.20938419807237
1790845137,50,GET,GET /inventory/{product_id},8.100000,0.000000,640,670,700,710,760,820,830,840,840,840,840,3386,3,390,412.4578373603002,126.74609996611252,3591.6134000290185,75.94595392793858
1790845137,50,POST,POST /events,34.300000,0.000000,70,74,77,79,83,88,90,94,100,100,100,13985,0,72,73.77272162291854,47.32519999379292,1981.180900009349,80.0
1790845137,50,,Aggregated,42.400000,0.000000,72,78,83,88,600,680,750,820,840,840,840,17371,3,75,139.79009551542757,47.32519999379292,3591.6134000290185,79.20977491221001
1790845138,50,GET,GET /inventory/{product_id},7.700000,0.000000,640,670,690,710,780,830,840,840,840,840,840,3398,3,390,413.2232158923091,126.74609996611252,3591.6134000290185,75.94614479105356
1790845138,50,POST,POST /events,35.400000,0.000000,70,74,77,79,83,88,90,94,100,100,100,14017,0,72,73.75816427171446,47.32519999379292,1981.180900009349,80.0
1790845138,50,,Aggregated,43.100000,0.000000,72,79,84,89,610,670,750,820,840,840,840,17415,3,75,139.99429665223587,47.32519999379292,3591.6134000290185,79.20901521676716
1790845139,50,GET,GET /inventory/{product_id},7.000000,0.000000,640,670,700,730,790,830,840,840,840,840,840,3402,3,390,413.53726696123374,126.74609996611252,3591.6134000290185,75.94620811287479
1790845139,50,POST,POST /events,35.800000,0.000000,70,74,77,78,82,86,89,93,100,100,100,14058,0,72,73.74596709324996,47.32519999379292,1981.180900009349,80.0
1790845139,50,,Aggregated,42.800000,0.000000,72,77,81,86,590,670,750,820,840,840,840,17460,3,75,139.95272552113545,47.32519999379292,3591.6134000290185,79.21013745704467
1790845140,50,GET,GET /inventory/{product_id},7.100000,0.000000,640,670,700,720,750,790,830,840,840,840,840,3410,3,390,414.1146387102948,126.74609996611252,3591.6134000290185,75.94633431085045
1790845140,50,POST,POST /events,35.700000,0.000000,70,74,77,78,82,86,89,93,130,130,130,14098,0,72,73.74484833288925,47.32519999379292,1981.180900009349,80.0
1790845140,50,,Aggregated,42.800000,0.000000,72,77,81,86,600,670,750,780,840,840,840,17508,3,75,140.03802774726856,47.32519999379292,3591.6134000290185,79.21047521133197
1790845141,50,GET,GET /inventory/{product_id},7.200000,0.000000,640,660,690,700,740,750,830,840,840,840,840,3413,3,390,414.3335972464583,126.74609996611252,3591.6134000290185,75.94638148256665
1790845141,50,POST,POST /events,35.900000,0.000000,70,75,77,79,83,87,92,96,130,130,130,14134,0,72,73.74356993753796,47.32519999379292,1981.180900009349,80.0
1790845141,50,,Aggregated,43.100000,0.000000,72,77,81,86,580,660,720,750,840,840,840,17547,3,75,139.9904362511725,47.32519999379292,3591.6134000290185,79.21154613324215
1790845142,50,GET,GET /inventory/{product_id},6.300000,0.000000,640,670,690,710,740,780,830,840,840,840,840,3423,3,390,414.99327660010493,126.74609996611252,3591.6134000290185,75.94653812445223
1790845142,50,POST,POST /events,36.700000,0.000000,70,74,77,78,82,87,92,98,130,130,130,14168,0,72,73.7395086954453,47.32519999379292,1981.180900009349,80.0
1790845142,50,,Aggregated,43.000000,0.000000,72,78,81,87,600,670,720,750,840,840,840,17591,3,75,140.14344522762937,47.32519999379292,3591.6134000290185,79.21124438633392
1790845143,50,GET,GET /inventory/{product_id},6.400000,0.000000,640,670,700,710,750,800,830,840,840,840,840,3431,3,390,415.5791052760828,126.74609996611252,3591.6134000290185,75.94666278053046
1790845143,50,POST,POST /events,36.900000,0.000000,71,75,77,79,82,87,92,98,130,130,130,14202,0,72,73.72900811131885,47.32519999379292,1981.180900009349,80.0
1790845143,50,,Aggregated,43.300000,0.000000,72,78,81,87,600,680,720,780,840,840,840,17633,3,75,140.2456350819027,47.32519999379292,3591.6134000290185,79.2113083423127
1790845144,50,GET,GET /inventory/{product_id},6.400000,0.000000,660,690,710,710,760,790,810,840,840,840,840,3440,3,390,416.2230588378978,126.74609996611252,3591.6134000290185,75.9468023255814
1790845144,50,POST,POST /events,36.500000,0.000000,71,75,77,79,83,87,92,98,130,130,130,14233,0,72,73.72055161223878,47.32519999379292,1981.180900009349,80.0
1790845144,50,,Aggregated,42.900000,0.000000,73,78,83,87,620,690,750,790,840,840,840,17673,3,75,140.3877063033646,47.32519999379292,3591.6134000290185,79.21105641373848
1790845145,50,GET,GET /inventory/{product_id},6.400000,0.000000,660,690,710,720,760,790,810,840,840,840,840,3448,3,400,416.7780322512808,126.74609996611252,3591.6134000290185,75.94692575406033
1790845145,50,POST,POST /events,36.200000,0.000000,71,75,77,79,83,87,92,98,130,130,130,14269,0,72,73.71005222489477,47.32519999379292,1981.180900009349,80.0
1790845145,50,,Aggregated,42.600000,0.000000,73,79,84,90,630,710,750,790,840,840,840,17717,3,75,140.47634421174237,47.32519999379292,3591.6134000290185,79.21120957272676
1790845146,50,GET,GET /inventory/{product_id},6.900000,0.000000,670,700,710,720,760,790,810,840,840,840,840,3455,3,400,417.2498977720682,126.74609996611252,3591.6134000290185,75.94703328509407
1790845146,50,POST,POST /events,36.000000,0.000000,71,74,77,78,83,87,92,98,130,130,130,14306,0,72,73.70753534162517,47.32519999379292,1981.180900009349,80.0
1790845146,50,,Aggregated,42.900000,0.000000,73,78,84,92,650,710,750,780,840,840,840,17761,3,75,140.53591562410818,47.32519999379292,3591.6134000290185,79.21158718540623
1790845147,50,GET,GET /inventory/{product_id},7.000000,0.000000,670,700,710,720,760,780,800,810,810,810,810,3462,3,400,417.652908175205,126.74609996611252,3591.6134000290185,75.9471403812825
1790845147,50,POST,POST /events,35.500000,0.000000,71,75,77,79,83,88,93,100,130,130,130,14341,0,72,73.70358934505533,47.32519999379292,1981.180900009349,80.0
1790845147,50,,Aggregated,42.500000,0.000000,73,78,84,90,630,710,750,780,810,810,810,17803,3,75,140.58852681570514,47.32519999379292,3591.6134000290185,79.21187440319048
1790845148,50,GET,GET /inventory/{product_id},7.500000,0.000000,670,700,720,720,780,800,810,880,880,880,880,3473,3,400,418.2900461856014,126.74609996611252,3591.6134000290185,75.94730780305211
1790845148,50,POST,POST /events,34.800000,0.000000,71,75,78,79,84,88,93,100,130,130,130,14369,0,72,73.69808713183623,47.32519999379292,1981.180900009349,80.0
1790845148,50,,Aggregated,42.300000,0.000000,74,79,85,92,640,710,780,800,880,880,880,17842,3,75,140.77396841161016,47.32519999379292,3591.6134000290185,79.21113103912117
1790845149,50,GET,GET /inventory/{product_id},7.600000,0.000000,660,700,710,720,780,800,860,880,880,880,880,3482,3,400,418.79210525637586,126.74609996611252,3591.6134000290185,75.94744399770246
1790845149,50,POST,POST /events,34.500000,0.000000,71,75,77,78,84,89,93,100,130,130,130,14400,0,72,73.69047068035191,47.32519999379292,1981.180900009349,80.0
1790845149,50,,Aggregated,42.100000,0.000000,74,80,87,120,660,710,780,800,880,880,880,17882,3,75,140.88898827311087,47.32519999379292,3591.6134000290185,79.21088245162734
1790845150,50,GET,GET /inventory/{product_id},7.600000,0.000000,660,690,720,740,780,800,860,880,880,880,880,3489,3,400,419.2370015771438,126.74609996611252,3591.6134000290185,75.9475494411006
1790845150,50,POST,POST /events,34.800000,0.000000,70,74,77,78,83,86,92,100,120,120,120,14442,0,72,73.6783860474183,47.32519999379292,1981.180900009349,80.0
1790845150,50,,Aggregated,42.400000,0.000000,73,79,84,100,640,710,780,800,880,880,880,17931,3,75,140.9169120405705,47.32519999379292,3591.6134000290185,79.2114773297641
1790845151,50,GET,GET /inventory/{product_id},7.800000,0.000000,650,690,710,730,780,800,860,880,880,880,880,3494,3,400,419.51338603397437,126.74609996611252,3591.6134000290185,75.94762449914138
1790845151,50,POST,POST /events,34.600000,0.000000,70,74,77,78,82,86,91,98,110,110,110,14482,0,72,73.67239395780734,47.32519999379292,1981.180900009349,80.0
1790845151,50,,Aggregated,42.400000,0.000000,73,78,83,89,630,710,780,790,880,880,880,17976,3,75,140.89360147416957,47.32519999379292,3591.6134000290185,79.21233867378727
1790845152,50,GET,GET /inventory/{product_id},8.200000,0.000000,650,690,720,730,780,800,860,880,880,880,880,3500,3,400,419.88381988648325,126.74609996611252,3591.6134000290185,75.94771428571428
1790845152,50,POST,POST /events,34.200000,0.000000,70,74,76,78,82,86,91,100,110,110,110,14521,0,72,73.665523138681,47.32519999379292,1981.180900009349,80.0
1790845152,50,,Aggregated,42.400000,0.000000,73,78,83,89,630,710,780,790,880,880,880,18021,3,75,140.90729876807492,47.32519999379292,3591.6134000290185,79.21297375284391
1790845153,50,GET,GET /inventory/{product_id},7.800000,0.000000,640,690,720,730,780,800,860,880,880,880,880,3511,3,400,420.5833141847756,126.74609996611252,3591.6134000290185,75.94787809740815
1790845153,50,POST,POST /events,34.500000,0.000000,70,74,76,78,81,86,92,100,110,110,110,14554,0,72,73.65699713458406,47.32519999379292,1981.180900009349,80.0
1790845153,50,,Aggregated,42.300000,0.000000,73,78,83,90,620,710,760,790,880,880,880,18065,3,75,141.08341834483716,47.32519999379292,3591.6134000290185,79.21245502352616
1790845154,50,GET,GET /inventory/{product_id},7.500000,0.000000,660,700,720,740,790,800,860,880,880,880,880,3514,3,400,420.887855550012,126.74609996611252,3591.6134000290185,75.94792259533295
1790845154,50,POST,POST /events,35.000000,0.000000,70,75,77,78,83,88,93,100,120,120,120,14584,0,72,73.65859857357434,47.32519999379292,1981.180900009349,80.0
1790845154,50,,Aggregated,42.500000,0.000000,73,78,83,89,620,720,780,800,880,880,880,18098,3,75,141.0784023648884,47.32519999379292,3591.6134000290185,79.21322798099237
1790845155,50,GET,GET /inventory/{product_id},7.700000,0.000000,650,700,730,760,790,800,860,880,880,880,880,3527,3,400,421.7205320393408,126.74609996611252,3591.6134000290185,75.94811454493905
1790845155,50,POST,POST /events,34.500000,0.000000,70,74,76,78,81,86,93,100,120,120,120,14615,0,72,73.64835609968104,47.32519999379292,1981.180900009349,80.0
1790845155,50,,Aggregated,42.200000,0.000000,73,78,83,93,630,720,790,800,880,880,880,18142,3,75,141.317332207011,47.32519999379292,3591.6134000290185,79.21226987101753
1790845156,50,GET,GET /inventory/{product_id},7.400000,0.000000,650,690,730,750,790,800,860,880,880,880,880,3537,3,400,422.26710107514134,126.74609996611252,3591.6134000290185,75.94826123833758
1790845156,50,POST,POST /events,34.900000,0.000000,70,74,76,78,81,85,90,97,120,120,120,14649,0,72,73.63495301365522,47.32519999379292,1981.180900009349,80.0
1790845156,50,,Aggregated,42.300000,0.000000,73,78,83,97,640,730,790,800,880,880,880,18186,3,75,141.4405126580782,47.32519999379292,3591.6134000290185,79.21197624546355
1790845157,50,GET,GET /inventory/{product_id},7.800000,0.000000,650,700,740,750,790,800,860,880,880,880,880,3547,3,400,422.94737933546423,126.74609996611252,3591.6134000290185,75.94840710459543
1790845157,50,POST,POST /events,34.600000,0.000000,70,74,76,77,80,86,93,97,120,120,120,14676,0,72,73.62971591011798,47.32519999379292,1981.180900009349,80.0
1790845157,50,,Aggregated,42.400000,0.000000,73,78,84,100,650,740,790,800,880,880,880,18223,3,75,141.62234896558104,47.32519999379292,3591.6134000290185,79.21138122153323
1790845158,50,GET,GET /inventory/{product_id},7.700000,0.000000,650,710,740,750,780,790,800,880,880,880,880,3560,3,400,423.7665960682279,126.74609996611252,3591.6134000290185,75.94859550561797
1790845158,50,POST,POST /events,34.600000,0.000000,70,74,76,78,81,87,93,100,120,120,120,14707,0,72,73.63087863581734,47.32519999379292,1981.180900009349,80.0
1790845158,50,,Aggregated,42.300000,0.000000,73,79,85,430,650,740,790,790,880,880,880,18267,3,75,141.8677623090741,47.32519999379292,3591.6134000290185,79.21043411616576
1790845159,50,GET,GET /inventory/{product_id},8.000000,0.000000,660,710,740,750,780,790,800,880,880,880,880,3568,3,400,424.2335513741074,126.74609996611252,3591.6134000290185,75.94871076233184
1790845159,50,POST,POST /events,34.100000,0.000000,70,74,76,77,82,88,93,100,120,120,120,14743,0,72,73.62297150492567,47.32519999379292,1981.180900009349,80.0
1790845159,50,,Aggregated,42.100000,0.000000,73,78,86,430,660,740,790,790,880,880,880,18311,3,75,141.94138933973755,47.32519999379292,3591.6134000290185,79.21058380208618
1790845160,50,GET,GET /inventory/{product_id},8.400000,0.000000,650,700,740,750,780,790,800,880,880,880,880,3576,3,400,424.62667855224794,126.74609996611252,3591.6134000290185,75.9488255033557
1790845160,50,POST,POST /events,33.100000,0.000000,70,73,76,77,81,87,93,100,120,120,120,14779,0,72,73.61518196068567,47.32519999379292,1981.180900009349,80.0
1790845160,50,,Aggregated,41.500000,0.000000,73,79,88,460,660,740,780,790,880,880,880,18355,3,75,142.00075056931692,47.32519999379292,3591.6134000290185,79.2107327703623
1790845161,50,GET,GET /inventory/{product_id},8.500000,0.000000,650,710,740,750,780,790,800,880,880,880,880,3585,3,400,425.1956888711089,126.74609996611252,3591.6134000290185,75.9489539748954
1790845161,50,POST,POST /events,33.000000,0.000000,70,73,76,77,81,87,93,100,120,120,120,14815,0,72,73.60993297987106,47.32519999379292,1981.180900009349,80.0
1790845161,50,,Aggregated,41.500000,0.000000,73,79,88,470,670,750,780,790,880,880,880,18400,3,75,142.11183161411495,47.32519999379292,3591.6134000290185,79.21070652173913
1790845162,50,GET,GET /inventory/{product_id},8.200000,0.000000,660,710,740,750,780,790,840,880,880,880,880,3590,3,400,425.54350938801366,126.74609996611252,3591.6134000290185,75.94902506963788
1790845162,50,POST,POST /events,33.100000,0.000000,70,73,76,77,82,87,91,96,120,120,120,14853,0,72,73.60033410737492,47.32519999379292,1981.180900009349,80.0
1790845162,50,,Aggregated,41.300000,0.000000,73,79,87,460,670,750,780,790,880,880,880,18443,3,75,142.10740992245346,47.32519999379292,3591.6134000290185,79.21146234343654
1790845163,50,GET,GET /inventory/{product_id},9.100000,0.000000,670,710,750,760,790,800,840,880,880,880,880,3602,3,400,426.397198390598,126.74609996611252,3591.6134000290185,75.94919489172682
1790845163,50,POST,POST /events,32.300000,0.000000,70,73,75,77,81,86,90,91,120,120,120,14880,0,72,73.59596583313545,47.32519999379292,1981.180900009349,80.0
1790845163,50,,Aggregated,41.400000,0.000000,73,78,88,490,670,760,790,800,880,880,880,18482,3,75,142.35421925116273,47.32519999379292,3591.6134000290185,79.21052916351044
1790845164,50,GET,GET /inventory/{product_id},9.000000,0.000000,650,690,730,750,770,800,840,880,880,880,880,3609,3,410,426.80428115901066,126.74609996611252,3591.6134000290185,75.94929343308395
1790845164,50,POST,POST /events,32.500000,0.000000,70,74,76,77,82,87,90,91,120,120,120,14916,0,72,73.59749469006908,47.32519999379292,1981.180900009349,80.0
1790845164,50,,Aggregated,41.500000,0.000000,73,79,87,470,660,740,770,800,880,880,880,18525,3,75,142.40846863697382,47.32519999379292,3591.6134000290185,79.21085020242916
1790845165,50,GET,GET /inventory/{product_id},8.900000,0.000000,650,690,730,750,780,800,840,880,880,880,880,3616,3,410,427.2052538724458,126.74609996611252,3591.6134000290185,75.94939159292035
1790845165,50,POST,POST /events,32.800000,0.000000,71,74,76,78,82,88,91,96,120,120,120,14949,0,72,73.59483153368629,47.32519999379292,1981.180900009349,80.0
1790845165,50,,Aggregated,41.700000,0.000000,74,80,88,470,660,730,780,800,880,880,880,18565,3,75,142.46934201992138,47.32519999379292,3591.6134000290185,79.2110422838675
1790845166,50,GET,GET /inventory/{product_id},9.300000,0.000000,650,690,730,750,770,800,840,880,880,880,880,3624,3,410,427.6173908947867,126.74609996611252,3591.6134000290185,75.94950331125828
1790845166,50,POST,POST /events,32.300000,0.000000,71,74,77,79,83,88,91,96,120,120,120,14981,0,72,73.5911662837615,47.32519999379292,1981.180900009349,80.0
1790845166,50,,Aggregated,41.600000,0.000000,74,80,88,470,660,730,770,800,880,880,880,18605,3,75,142.5506415855812,47.32519999379292,3591.6134000290185,79.21101854340232
1790845167,50,GET,GET /inventory/{product_id},8.700000,0.000000,660,690,730,750,780,810,830,840,840,840,840,3633,3,410,428.302604597492,126.74609996611252,3591.6134000290185,75.9496284062758
1790845167,50,POST,POST /events,32.600000,0.000000,72,75,77,79,83,87,91,92,120,120,120,15016,0,72,73.59265297662284,47.32519999379292,1981.180900009349,80.0
1790845167,50,,Aggregated,41.300000,0.000000,74,80,85,98,650,730,770,800,840,840,840,18649,3,75,142.6934763043411,47.32519999379292,3591.6134000290185,79.21094964877473
1790845168,50,GET,GET /inventory/{product_id},9.000000,0.000000,670,690,730,760,780,810,830,840,840,840,840,3639,3,410,428.72496342474767,126.74609996611252,3591.6134000290185,75.94971145919209
1790845168,50,POST,POST /events,32.500000,0.000000,72,75,77,78,82,85,89,91,98,98,98,15052,0,72,73.59210973937125,47.32519999379292,1981.180900009349,80.0
1790845168,50,,Aggregated,41.500000,0.000000,74,79,83,89,660,720,770,800,840,840,840,18691,3,75,142.73386002352325,47.32519999379292,3591.6134000290185,79.2114386603178
1790845169,50,GET,GET /inventory/{product_id},8.900000,0.000000,670,700,730,750,770,810,830,840,840,840,840,3647,3,410,429.24499481839246,126.74609996611252,3591.6134000290185,75.9498217713189
1790845169,50,POST,POST /events,33.400000,0.000000,72,76,78,80,83,87,90,91,100,100,100,15084,0,72,73.59449219020621,47.32519999379292,1981.180900009349,80.0
1790845169,50,,Aggregated,42.300000,0.000000,75,80,85,91,660,730,770,800,840,840,840,18731,3,75,142.84105580586981,47.32519999379292,3591.6134000290185,79.21141423308953
1790845170,50,GET,GET /inventory/{product_id},8.000000,0.000000,670,700,740,750,790,810,830,840,840,840,840,3656,3,410,429.7643811002694,126.74609996611252,3591.6134000290185,75.94994529540482
1790845170,50,POST,POST /events,34.500000,0.000000,73,76,78,80,83,88,91,98,120,120,120,15121,0,72,73.5986886513634,47.32519999379292,1981.180900009349,80.0
1790845170,50,,Aggregated,42.500000,0.000000,75,81,84,92,660,730,770,810,840,840,840,18777,3,75,142.94638911433407,47.32519999379292,3591.6134000290185,79.21142887575225
1790845171,50,GET,GET /inventory/{product_id},7.800000,0.000000,670,700,730,750,790,810,830,840,840,840,840,3664,3,410,430.1921287397901,126.74609996611252,3591.6134000290185,75.95005458515284
1790845171,50,POST,POST /events,34.500000,0.000000,73,76,78,80,83,88,91,98,120,120,120,15157,0,72,73.59315574305737,47.32519999379292,1981.180900009349,80.0
1790845171,50,,Aggregated,42.300000,0.000000,75,81,85,94,660,730,770,810,840,840,840,18821,3,75,143.01447432655604,47.32519999379292,3591.6134000290185,79.21157218001169
1790845172,50,GET,GET /inventory/{product_id},8.300000,0.000000,670,700,730,740,770,800,820,830,830,830,830,3669,3,410,430.5422869454153,126.74609996611252,3591.6134000290185,75.95012264922322
1790845172,50,POST,POST /events,34.400000,0.000000,73,76,78,80,83,86,90,98,120,120,120,15190,0,72,73.58760466738441,47.32519999379292,1981.180900009349,80.0
1790845172,50,,Aggregated,42.700000,0.000000,75,81,84,94,670,730,770,800,830,830,830,18859,3,75,143.03278889126136,47.32519999379292,3591.6134000290185,79.21210032345299
1790845173,50,GET,GET /inventory/{product_id},7.600000,0.000000,670,700,730,730,770,800,820,830,830,830,830,3681,3,410,431.2091411309417,126.74609996611252,3591.6134000290185,75.95028524857376
1790845173,50,POST,POST /events,34.700000,0.000000,73,77,79,81,83,86,94,99,120,120,120,15224,0,72,73.58777741706812,47.32519999379292,1981.180900009349,80.0
1790845173,50,,Aggregated,42.300000,0.000000,75,81,84,94,650,720,760,790,830,830,830,18905,3,75,143.22037407566472,47.32519999379292,3591.6134000290185,79.21147844485586
1790845174,50,GET,GET /inventory/{product_id},8.000000,0.000000,660,700,730,740,770,800,820,830,830,830,830,3686,3,410,431.47981334861714,126.74609996611252,3591.6134000290185,75.95035268583831
1790845174,50,POST,POST /events,34.300000,0.000000,73,76,78,80,84,88,94,99,120,120,120,15264,0,72,73.58036837640935,47.32519999379292,1981.180900009349,80.0
1790845174,50,,Aggregated,42.300000,0.000000,75,81,85,94,650,720,760,790,830,830,830,18950,3,75,143.19605988920924,47.32519999379292,3591.6134000290185,79.21229551451188
1790845175,50,GET,GET /inventory/{product_id},7.900000,0.000000,670,700,730,740,770,800,830,840,840,840,840,3690,3,410,431.7840359086798,126.74609996611252,3591.6134000290185,75.95040650406504
1790845175,50,POST,POST /events,34.400000,0.000000,73,76,78,80,83,86,94,99,120,120,120,15302,0,72,73.56938289094164,47.32519999379292,1981.180900009349,80.0
1790845175,50,,Aggregated,42.300000,0.000000,74,79,83,89,650,710,750,800,840,840,840,18992,3,75,143.1677437605422,47.32519999379292,3591.6134000290185,79.2131950294861
1790845176,50,GET,GET /inventory/{product_id},7.700000,0.000000,670,700,730,740,770,800,830,840,840,840,840,3696,3,410,432.1302649358668,126.74609996611252,3591.6134000290185,75.95048701298701
1790845176,50,POST,POST /events,34.300000,0.000000,72,76,78,80,83,86,94,99,120,120,120,15337,0,72,73.56704657345995,47.32519999379292,1981.180900009349,80.0
1790845176,50,,Aggregated,42.000000,0.000000,74,79,83,89,650,720,760,800,840,840,840,19033,3,75,143.19609375821568,47.32519999379292,3591.6134000290185,79.21362896022697
1790845177,50,GET,GET /inventory/{product_id},7.600000,0.000000,670,710,730,740,790,840,860,920,920,920,920,3707,3,410,432.8746507696272,126.74609996611252,3591.6134000290185,75.95063393579714
1790845177,50,POST,POST /events,34.900000,0.000000,72,75,78,79,83,88,94,99,120,120,120,15369,0,72,73.55596049171497,47.32519999379292,1981.180900009349,80.0
1790845177,50,,Aggregated,42.500000,0.000000,74,79,84,91,650,720,770,820,920,920,920,19076,3,75,143.38162545607963,47.32519999379292,3591.6134000290185,79.21309498846719
1790845178,50,GET,GET /inventory/{product_id},7.300000,0.000000,660,720,730,750,800,840,860,920,920,920,920,3715,3,410,433.32427975854523,126.74609996611252,3591.6134000290185,75.9507402422611
1790845178,50,POST,POST /events,35.400000,0.000000,72,75,78,79,83,86,94,99,120,120,120,15403,0,72,73.54750222665889,47.32519999379292,1981.180900009349,80.0
1790845178,50,,Aggregated,42.700000,0.000000,74,79,83,91,650,730,790,820,920,920,920,19118,3,75,143.45914196569842,47.32519999379292,3591.6134000290185,79.21314991107856
1790845179,50,GET,GET /inventory/{product_id},7.000000,0.000000,660,720,740,750,790,840,860,920,920,920,920,3725,3,410,433.9184331820009,126.74609996611252,3591.6134000290185,75.95087248322147
1790845179,50,POST,POST /events,35.200000,0.000000,71,75,77,78,82,86,94,99,120,120,120,15437,0,72,73.5380105329621,47.32519999379292,1981.180900009349,80.0
1790845179,50,,Aggregated,42.200000,0.000000,73,78,83,90,650,730,780,810,920,920,920,19162,3,75,143.59421940300018,47.32519999379292,3591.6134000290185,79.21286922033191
1790845180,50,GET,GET /inventory/{product_id},7.500000,0.000000,650,710,730,750,800,840,860,920,920,920,920,3730,3,410,434.1999016361668,126.74609996611252,3591.6134000290185,75.9509383378016
1790845180,50,POST,POST /events,34.900000,0.000000,71,74,76,78,81,85,91,97,120,120,120,15475,0,72,73.53172224214352,47.32519999379292,1981.180900009349,80.0
1790845180,50,,Aggregated,42.400000,0.000000,73,78,82,90,650,730,790,840,920,920,920,19205,3,75,143.58078806561173,47.32519999379292,3591.6134000290185,79.21359021088259
1790845181,50,GET,GET /inventory/{product_id},7.600000,0.000000,650,720,740,750,800,850,900,920,920,920,920,3738,3,410,434.6568395138617,126.74609996611252,3591.6134000290185,75.95104333868379
1790845181,50,POST,POST /events,34.800000,0.000000,70,74,76,77,81,87,92,98,120,120,120,15509,0,72,73.52681541023635,47.32519999379292,1981.180900009349,80.0
1790845181,50,,Aggregated,42.400000,0.000000,73,77,82,90,640,730,800,840,920,920,920,19247,3,75,143.6626303475955,47.32519999379292,3591.6134000290185,79.21364368473009
1790845182,50,GET,GET /inventory/{product_id},7.400000,0.000000,640,710,750,750,810,860,900,920,920,920,920,3747,3,420,435.0682964779404,126.74609996611252,3591.6134000290185,75.951160928743
1790845182,50,POST,POST /events,34.600000,0.000000,71,74,76,77,81,87,92,98,120,120,120,15541,0,72,73.52289115225568,47.32519999379292,1981.180900009349,80.0
1790845182,50,,Aggregated,42.000000,0.000000,73,78,83,92,640,740,800,850,920,920,920,19288,3,75,143.75882197739776,47.32519999379292,3591.6134000290185,79.21344877644131
1790845183,50,GET,GET /inventory/{product_id},7.600000,0.000000,660,720,750,770,840,860,900,920,920,920,920,3755,3,420,435.7208040753099,126.74609996611252,3591.6134000290185,75.95126498002664
1790845183,50,POST,POST /events,34.500000,0.000000,71,74,76,77,81,86,90,94,120,120,120,15572,0,72,73.51943140875727,47.32519999379292,1981.180900009349,80.0
1790845183,50,,Aggregated,42.100000,0.000000,73,77,82,88,650,750,810,850,920,920,920,19327,3,75,143.8907334402627,47.32519999379292,3591.6134000290185,79.21338024525275
1790845184,50,GET,GET /inventory/{product_id},7.400000,0.000000,660,730,760,770,840,860,900,920,920,920,920,3764,3,420,436.2939013025233,126.74609996611252,3591.6134000290185,75.95138150903294
1790845184,50,POST,POST /events,34.800000,0.000000,70,74,76,77,81,85,90,98,120,120,120,15608,0,72,73.51122368638326,47.32519999379292,1981.180900009349,80.0
1790845184,50,,Aggregated,42.200000,0.000000,73,78,83,92,650,750,810,850,920,920,920,19372,3,75,144.00027998140447,47.32519999379292,3591.6134000290185,79.21334916374148
1790845185,50,GET,GET /inventory/{product_id},7.900000,0.000000,670,740,760,770,810,860,900,920,920,920,920,3772,3,420,436.83796521811524,126.74609996611252,3591.6134000290185,75.95148462354189
1790845185,50,POST,POST /events,34.900000,0.000000,71,74,76,78,82,86,91,98,120,120,120,15639,0,72,73.51166330946918,47.32519999379292,1981.180900009349,80.0
1790845185,50,,Aggregated,42.800000,0.000000,73,78,84,100,660,750,800,850,920,920,920,19411,3,75,144.1142500283097,47.32519999379292,3591.6134000290185,79.2132811292566
1790845186,50,GET,GET /inventory/{product_id},7.700000,0.000000,700,750,770,780,820,860,900,920,920,920,920,3780,3,420,437.5754545509591,126.74609996611252,3591.6134000290185,75.9515873015873
1790845186,50,POST,POST /events,35.200000,0.000000,71,74,77,78,82,86,89,96,120,120,120,15673,0,72,73.51248988047703,47.32519999379292,1981.180900009349,80.0
1790845186,50,,Aggregated,42.900000,0.000000,74,79,85,380,700,770,820,860,920,920,920,19453,3,75,144.25520341846203,47.32519999379292,3591.6134000290185,79.21333470415874
1790845187,50,GET,GET /inventory/{product_id},7.800000,0.000000,700,740,770,780,810,840,870,900,900,900,900,3791,3,420,438.34487955751445,126.74609996611252,3591.6134000290185,75.95172777631232
1790845187,50,POST,POST /events,34.400000,0.000000,71,74,77,79,82,86,89,96,120,120,120,15706,0,72,73.50460592747223,47.32519999379292,1981.180900009349,80.0
1790845187,50,,Aggregated,42.200000,0.000000,74,79,85,400,700,770,810,840,900,900,900,19497,3,75,144.44421085805078,47.32519999379292,3591.6134000290185,79.21285325947582
1790845188,50,GET,GET /inventory/{product_id},8.100000,0.000000,710,740,770,780,820,850,870,900,900,900,900,3798,3,420,438.76868741509685,126.74609996611252,3591.6134000290185,75.9518167456556
1790845188,50,POST,POST /events,33.600000,0.000000,71,74,77,78,83,86,89,96,120,120,120,15737,0,72,73.49011490098981,47.32519999379292,1981.180900009349,80.0
1790845188,50,,Aggregated,41.700000,0.000000,73,79,84,120,700,770,810,840,900,900,900,19535,3,75,144.50767407214818,47.32519999379292,3591.6134000290185,79.21295111338623
1790845189,50,GET,GET /inventory/{product_id},8.200000,0.000000,710,760,780,790,820,840,870,900,900,900,900,3809,3,420,439.57741420387674,126.74609996611252,3591.6134000290185,75.95195589393542
1790845189,50,POST,POST /events,33.300000,0.000000,71,74,77,79,84,87,90,96,120,120,120,15769,0,72,73.48982766167134,47.32519999379292,1981.180900009349,80.0
1790845189,50,,Aggregated,41.500000,0.000000,74,80,86,440,720,780,820,840,900,900,900,19578,3,75,144.71403938601807,47.32519999379292,3591.6134000290185,79.21243232199407
1790845190,50,GET,GET /inventory/{product_id},8.400000,0.000000,710,760,790,790,820,840,870,900,900,900,900,3818,3,420,440.1115701944753,126.74609996611252,3591.6134000290185,75.95206914614981
1790845190,50,POST,POST /events,33.400000,0.000000,71,74,77,79,83,86,89,91,100,100,100,15803,0,72,73.47893594866909,47.32519999379292,1981.180900009349,80.0
1790845190,50,,Aggregated,41.800000,0.000000,74,80,86,480,720,790,820,840,900,900,900,19621,3,75,144.8210386728161,47.32519999379292,3591.6134000290185,79.21232353091077
1790845191,50,GET,GET /inventory/{product_id},8.300000,0.000000,720,760,790,790,820,830,860,870,870,870,870,3827,3,420,440.7897174817033,126.74609996611252,3591.6134000290185,75.95218186569114
1790845191,50,POST,POST /events,33.300000,0.000000,70,75,77,79,82,85,89,91,150,150,150,15838,0,72,73.47492018543078,47.32519999379292,1981.180900009349,80.0
1790845191,50,,Aggregated,41.600000,0.000000,74,80,85,490,720,790,820,830,870,870,870,19665,3,75,144.95794735313152,47.32519999379292,3591.6134000290185,79.21225527587083
1790845192,50,GET,GET /inventory/{product_id},8.600000,0.000000,720,760,780,790,810,820,840,860,860,860,860,3834,3,420,441.13442034492914,126.74609996611252,3591.6134000290185,75.95226917057903
1790845192,50,POST,POST /events,33.300000,0.000000,70,75,77,79,83,86,91,96,150,150,150,15872,0,72,73.47019662279308,47.32519999379292,1981.180900009349,80.0
1790845192,50,,Aggregated,41.900000,0.000000,74,80,86,480,720,780,810,820,860,860,860,19706,3,75,145.00295993095656,47.32519999379292,3591.6134000290185,79.21247335836802
1790845193,50,GET,GET /inventory/{product_id},8.600000,0.000000,720,750,780,790,810,820,840,860,860,860,860,3844,3,420,441.66296771657545,126.74609996611252,3591.6134000290185,75.95239334027055
1790845193,50,POST,POST /events,33.100000,0.000000,70,74,77,79,83,87,91,96,150,150,150,15906,0,72,73.46318266671778,47.32519999379292,1981.180900009349,80.0
1790845193,50,,Aggregated,41.700000,0.000000,74,80,87,480,720,780,810,820,860,860,860,19750,3,75,145.12697880502932,47.32519999379292,3591.6134000290185,79.21220253164557
1790845194,50,GET,GET /inventory/{product_id},8.700000,0.000000,710,730,780,790,810,820,840,860,860,860,860,3855,3,420,442.14821880741886,126.74609996611252,3591.6134000290185,75.95252918287937
1790845194,50,POST,POST /events,32.700000,0.000000,70,74,78,79,84,88,91,94,150,150,150,15934,0,72,73.46318222647614,47.32519999379292,1981.180900009349,80.0
1790845194,50,,Aggregated,41.400000,0.000000,74,81,89,500,720,780,810,820,860,860,860,19789,3,75,145.28494259938705,47.32519999379292,3591.6134000290185,79.21153165900247
1790845195,50,GET,GET /inventory/{product_id},8.500000,0.000000,710,730,780,790,810,820,840,860,860,860,860,3864,3,420,442.79129772323404,126.74609996611252,3591.6134000290185,75.9526397515528
1790845195,50,POST,POST /events,32.700000,0.000000,70,74,77,79,84,89,91,120,180,180,180,15966,0,72,73.47310250511778,47.32519999379292,1981.180900009349,80.0
1790845195,50,,Aggregated,41.200000,0.000000,74,81,90,510,720,780,810,820,860,860,860,19830,3,75,145.4370715582091,47.32519999379292,3591.6134000290185,79.21134644478063
1790845196,50,GET,GET /inventory/{product_id},8.600000,0.000000,700,730,750,780,810,820,830,840,840,840,840,3869,3,420,443.1178179122657,126.74609996611252,3591.6134000290185,75.95270095631946
1790845196,50,POST,POST /events,32.600000,0.000000,70,74,77,79,84,88,94,140,180,180,180,16004,0,72,73.4706724129404,47.32519999379292,1981.180900009349,80.0
1790845196,50,,Aggregated,41.200000,0.000000,73,80,89,500,710,770,810,820,840,840,840,19873,3,75,145.43589185323071,47.32519999379292,3591.6134000290185,79.2120464952448
1790845197,50,GET,GET /inventory/{product_id},9.200000,0.000000,690,730,750,790,810,830,840,890,890,890,890,3876,3,420,443.57257657442307,126.74609996611252,3591.6134000290185,75.95278637770897
1790845197,50,POST,POST /events,32.100000,0.000000,70,74,77,79,84,89,110,140,180,180,180,16033,0,72,73.46916835880536,47.32519999379292,1981.180900009349,80.0
1790845197,50,,Aggregated,41.300000,0.000000,73,80,89,480,690,750,810,830,890,890,890,19909,3,75,145.52305405089106,47.32519999379292,3591.6134000290185,79.2120648952735
1790845198,50,GET,GET /inventory/{product_id},9.100000,0.000000,690,730,770,790,820,840,890,920,920,920,920,3887,3,420,444.3016019558307,126.74609996611252,3591.6134000290185,75.95291998970929
1790845198,50,POST,POST /events,32.500000,0.000000,70,74,77,79,85,90,130,140,180,180,180,16064,0,72,73.47018548285176,47.32519999379292,1981.180900009349,80.0
1790845198,50,,Aggregated,41.600000,0.000000,73,80,90,500,700,780,820,840,920,920,920,19951,3,75,145.7182791037464,47.32519999379292,3591.6134000290185,79.21151821963811
1790845199,50,GET,GET /inventory/{product_id},8.900000,0.000000,680,730,750,770,810,830,890,920,920,920,920,3898,3,430,444.78555005192476,126.74609996611252,3591.6134000290185,75.95305284761416
1790845199,50,POST,POST /events,33.200000,0.000000,71,75,77,79,85,91,140,150,180,180,180,16098,0,72,73.47844986932753,47.32519999379292,1981.180900009349,80.0
1790845199,50,,Aggregated,42.100000,0.000000,74,80,91,480,690,760,810,830,920,920,920,19996,3,75,145.86068014097006,47.32519999379292,3591.6134000290185,79.21109221844368
1790845200,50,GET,GET /inventory/{product_id},8.500000,0.000000,690,730,760,770,810,840,890,920,920,920,920,3904,3,430,445.271058786468,126.74609996611252,3591.6134000290185,75.953125
1790845200,50,POST,POST /events,32.800000,0.000000,71,76,80,82,90,120,150,160,190,190,190,16134,0,72,73.52765499542687,47.32519999379292,1981.180900009349,80.0
1790845200,50,,Aggregated,41.300000,0.000000,76,84,120,480,690,760,810,840,920,920,920,20038,3,75,145.95435668223317,47.32519999379292,3591.6134000290185,79.21154805868849
1790845201,50,GET,GET /inventory/{product_id},8.700000,0.000000,680,740,760,780,800,840,890,920,920,920,920,3909,3,430,445.65442100343404,126.74609996611252,3591.6134000290185,75.95318495778972
1790845201,50,POST,POST /events,32.100000,0.000000,72,77,81,84,92,120,140,160,190,190,190,16170,0,72,73.54714333928356,47.32519999379292,1981.180900009349,80.0
1790845201,50,,Aggregated,40.800000,0.000000,77,85,110,390,680,760,800,840,920,920,920,20079,3,75,145.98936398718257,47.32519999379292,3591.6134000290185,79.21216196025698
1790845202,50,GET,GET /inventory/{product_id},8.700000,0.000000,690,750,770,780,820,850,890,920,920,920,920,3915,3,430,446.1301111372956,126.74609996611252,3591.6134000290185,75.95325670498084
1790845202,50,POST,POST /events,32.200000,0.000000,74,80,85,88,97,120,150,180,240,240,240,16204,0,72,73.5973255366752,47.32519999379292,1981.180900009349,80.0
1790845202,50,,Aggregated,40.900000,0.000000,79,90,120,210,690,770,810,840,920,920,920,20119,3,75,146.08929112275945,47.32519999379292,3591.6134000290185,79.212535414285
1790845203,50,GET,GET /inventory/{product_id},8.600000,0.000000,710,760,770,780,830,850,900,920,920,920,920,3923,3,430,446.7277776198215,126.74609996611252,3591.6134000290185,75.95335202651033
1790845203,50,POST,POST /events,32.800000,0.000000,77,83,88,90,110,140,220,220,240,240,240,16240,0,72,73.6888475921382,47.32519999379292,1981.180900009349,80.0
1790845203,50,,Aggregated,41.400000,0.000000,81,91,130,220,700,770,820,850,920,920,920,20163,3,75,146.26890623909557,47.32519999379292,3591.6134000290185,79.21266676585826
1790845204,50,GET,GET /inventory/{product_id},8.200000,0.000000,720,770,780,790,840,890,900,920,920,920,920,3936,3,430,447.53543836446715,126.74609996611252,3591.6134000290185,75.95350609756098
1790845204,50,POST,POST /events,33.100000,0.000000,77,84,89,91,120,150,220,220,240,240,240,16266,0,72,73.70871228921158,47.32519999379292,1981.180900009349,80.0
1790845204,50,,Aggregated,41.300000,0.000000,82,93,130,230,700,780,830,850,920,920,920,20202,3,75,146.5421938173873,47.32519999379292,3591.6134000290185,79.21161271161272
1790845205,50,GET,GET /inventory/{product_id},8.100000,0.000000,720,760,780,790,840,890,900,920,920,920,920,3945,3,430,448.13850486756706,126.74609996611252,3591.6134000290185,75.95361216730038
1790845205,50,POST,POST /events,33.000000,0.000000,77,84,89,93,120,150,220,220,240,240,240,16289,0,72,73.7169273188217,47.32519999379292,1981.180900009349,80.0
1790845205,50,,Aggregated,41.100000,0.000000,83,95,140,450,720,780,840,890,920,920,920,20234,3,75,146.71747705835915,47.32519999379292,3591.6134000290185,79.21108035979046
1790845206,50,GET,GET /inventory/{product_id},7.900000,0.000000,720,770,790,800,850,890,920,2300,2300,2300,2300,3958,3,430,449.4061354731156,126.74609996611252,3591.6134000290185,75.95376452753916
1790845206,50,POST,POST /events,33.200000,0.000000,78,85,90,95,120,160,220,230,1900,1900,1900,16321,0,72,73.92454926757671,47.32519999379292,1981.180900009349,80.0
1790845206,50,,Aggregated,41.100000,0.000000,84,99,210,560,760,800,880,920,2300,2300,2300,20279,3,75,147.2100228215746,47.32519999379292,3591.6134000290185,79.21026677844075
1790845207,50,GET,GET /inventory/{product_id},7.900000,0.000000,730,770,790,800,850,900,2300,2700,2700,2700,2700,3962,3,430,450.1752471737734,126.74609996611252,3591.6134000290185,75.95381120646138
1790845207,50,POST,POST /events,32.800000,0.000000,79,85,90,95,120,160,220,230,1900,1900,1900,16361,0,72,73.94670596518651,47.32519999379292,1981.180900009349,80.0
1790845207,50,,Aggregated,40.700000,0.000000,84,98,160,480,750,790,850,920,2700,2700,2700,20323,3,75,147.29303673664847,47.32519999379292,3591.6134000290185,79.21118929291936
1790845208,50,GET,GET /inventory/{product_id},8.000000,0.000000,730,770,790,800,840,880,2300,2700,2700,2700,2700,3969,3,430,450.59058385048263,126.74609996611252,3591.6134000290185,75.95389266817838
1790845208,50,POST,POST /events,31.600000,0.000000,78,84,90,94,120,160,220,230,1900,1900,1900,16393,0,72,73.941132519767,47.32519999379292,1981.180900009349,80.0
1790845208,50,,Aggregated,39.600000,0.000000,83,95,150,440,730,790,850,900,2700,2700,2700,20362,3,75,147.35836424217197,47.32519999379292,3591.6134000290185,79.21132501718888
1790845209,50,GET,GET /inventory/{product_id},8.900000,0.000000,730,770,800,810,850,980,2300,2700,2700,2700,2700,3978,3,430,451.3089096034578,126.74609996611252,3591.6134000290185,75.95399698340874
1790845209,50,POST,POST /events,31.100000,0.000000,78,85,89,93,120,160,220,230,1900,1900,1900,16423,0,72,73.94567563761395,47.32519999379292,1981.180900009349,80.0
1790845209,50,,Aggregated,40.000000,0.000000,83,95,140,440,740,800,880,1100,2700,2700,2700,20401,3,75,147.52789928920586,47.32519999379292,3591.6134000290185,79.2110680848978
1790845210,50,GET,GET /inventory/{product_id},8.400000,0.000000,740,780,800,820,890,910,2300,2700,2700,2700,2700,3991,3,430,452.33616589890175,126.74609996611252,3591.6134000290185,75.95414683036833
1790845210,50,POST,POST /events,32.000000,0.000000,76,82,87,90,100,160,220,230,1900,1900,1900,16453,0,72,73.940747608127,47.32519999379292,1981.180900009349,80.0
1790845210,50,,Aggregated,40.400000,0.000000,81,94,160,570,760,820,900,1100,2700,2700,2700,20444,3,75,147.80966339752644,47.32519999379292,3591.6134000290185,79.21018391704168
1790845212,50,GET,GET /inventory/{product_id},8.200000,0.000000,730,790,820,840,890,910,2300,2700,2700,2700,2700,3999,3,430,452.832225807079,126.74609996611252,3591.6134000290185,75.9542385596399
1790845212,50,POST,POST /events,32.800000,0.000000,74,78,81,84,96,160,220,230,1900,1900,1900,16490,0,72,73.93924333514849,47.32519999379292,1981.180900009349,80.0
1790845212,50,,Aggregated,41.100000,0.000000,78,89,220,590,740,840,900,1600,2700,2700,2700,20489,3,75,147.890780106355,47.32519999379292,3591.6134000290185,79.21035677680706
1790845213,50,GET,GET /inventory/{product_id},8.700000,0.000000,730,790,820,840,900,980,2300,2700,2700,2700,2700,4003,3,430,453.0619159386663,126.74609996611252,3591.6134000290185,75.95428428678491
1790845213,50,POST,POST /events,31.500000,0.000000,72,76,79,81,87,120,160,190,1900,1900,1900,16529,0,72,73.93940098593586,47.32519999379292,1981.180900009349,80.0
1790845213,50,,Aggregated,40.200000,0.000000,76,83,130,560,740,830,910,1600,2700,2700,2700,20532,3,75,147.85462733289572,47.32519999379292,3591.6134000290185,79.21123124878238
1790845214,50,GET,GET /inventory/{product_id},8.700000,0.000000,730,790,830,850,890,980,2300,2700,2700,2700,2700,4008,3,430,453.4184853050075,126.74609996611252,3591.6134000290185,75.95434131736526
1790845214,50,POST,POST /events,31.500000,0.000000,73,76,79,81,85,98,160,170,1900,1900,1900,16568,0,72,73.93771163667903,47.32519999379292,1981.180900009349,80.0
1790845214,50,,Aggregated,40.200000,0.000000,76,81,88,170,730,830,910,1600,2700,2700,2700,20576,3,75,147.85678924470102,47.32519999379292,3591.6134000290185,79.21194595645412
1790845215,50,GET,GET /inventory/{product_id},8.700000,0.000000,730,800,830,850,890,980,2300,2700,2700,2700,2700,4017,3,430,453.99055088437433,126.74609996611252,3591.6134000290185,75.9544436146378
1790845215,50,POST,POST /events,32.100000,0.000000,72,76,79,81,84,92,150,160,1900,1900,1900,16601,0,72,73.93279743970838,47.32519999379292,1981.180900009349,80.0
1790845215,50,,Aggregated,40.800000,0.000000,75,81,87,160,730,830,910,1600,2700,2700,2700,20618,3,75,147.97935848283686,47.32519999379292,3591.6134000290185,79.2118052187409
1790845216,50,GET,GET /inventory/{product_id},8.400000,0.000000,720,770,830,850,890,910,1100,2700,2700,2700,2700,4023,3,430,454.2985540647758,126.74609996611252,3591.6134000290185,75.9545115585384
1790845216,50,POST,POST /events,32.600000,0.000000,72,76,79,80,84,89,130,160,170,170,170,16637,0,72,73.92984645047027,47.32519999379292,1981.180900009349,80.0
1790845216,50,,Aggregated,41.000000,0.000000,74,80,84,96,690,800,890,910,2700,2700,2700,20660,3,75,147.99680243945144,47.32519999379292,3591.6134000290185,79.2122458857696
1790845217,50,GET,GET /inventory/{product_id},8.400000,0.000000,720,760,820,830,890,910,980,1100,1100,1100,1100,4030,3,430,454.7428037971547,126.74609996611252,3591.6134000290185,75.9545905707196
1790845217,50,POST,POST /events,32.600000,0.000000,71,75,78,80,83,88,95,130,170,170,170,16667,0,72,73.92644687685116,47.32519999379292,1981.180900009349,80.0
1790845217,50,,Aggregated,41.000000,0.000000,74,80,84,95,700,780,890,910,1100,1100,1100,20697,3,75,148.07680288925988,47.32519999379292,3591.6134000290185,79.21230129970527
1790845218,50,GET,GET /inventory/{product_id},7.800000,0.000000,720,770,800,850,890,910,980,1100,1100,1100,1100,4040,3,430,455.29964319369776,126.74609996611252,3591.6134000290185,75.95470297029703
1790845218,50,POST,POST /events,34.600000,0.000000,71,75,78,80,83,88,95,130,170,170,170,16701,0,72,73.91688070153701,47.32519999379292,1981.180900009349,80.0
1790845218,50,,Aggregated,42.400000,0.000000,74,80,84,96,700,780,890,910,1100,1100,1100,20741,3,75,148.2038659225162,47.32519999379292,3591.6134000290185,79.21204377802421
1790845219,50,GET,GET /inventory/{product_id},7.200000,0.000000,700,740,780,830,880,900,910,910,910,910,910,4053,3,430,455.9090993591148,126.74609996611252,3591.6134000290185,75.95484826054775
1790845219,50,POST,POST /events,34.400000,0.000000,71,75,79,80,83,87,92,96,170,170,170,16730,0,72,73.91126661664623,47.32519999379292,1981.180900009349,80.0
1790845219,50,,Aggregated,41.600000,0.000000,74,81,85,130,700,780,880,900,910,910,910,20783,3,75,148.4066337968043,47.32519999379292,3591.6134000290185,79.21113409998557
1790845220,50,GET,GET /inventory/{product_id},7.800000,0.000000,690,740,780,800,870,890,910,950,950,950,950,4060,3,430,456.4228037937104,126.74609996611252,3591.6134000290185,75.95492610837438
1790845220,50,POST,POST /events,33.800000,0.000000,71,75,79,80,83,87,92,95,170,170,170,16763,0,72,73.90173799419215,47.32519999379292,1981.180900009349,80.0
1790845220,50,,Aggregated,41.600000,0.000000,73,80,84,92,680,770,870,890,950,950,950,20823,3,75,148.48443631556967,47.32519999379292,3591.6134000290185,79.21130480718436
1790845221,50,GET,GET /inventory/{product_id},7.800000,0.000000,690,730,760,780,870,890,910,950,950,950,950,4068,3,430,456.71999191307515,126.74609996611252,3591.6134000290185,75.95501474926253
1790845221,50,POST,POST /events,33.800000,0.000000,71,75,78,80,83,87,92,95,130,130,130,16796,0,72,73.8967738447574,47.32519999379292,1981.180900009349,80.0
1790845221,50,,Aggregated,41.600000,0.000000,73,80,85,93,680,750,870,890,950,950,950,20864,3,75,148.53849408545508,47.32519999379292,3591.6134000290185,79.21132093558282
1790845222,50,GET,GET /inventory/{product_id},8.000000,0.000000,690,740,780,780,890,910,950,1000,1000,1000,1000,4078,3,430,457.4807139535244,126.74609996611252,3591.6134000290185,75.95512506130456
1790845222,50,POST,POST /events,33.400000,0.000000,71,74,78,79,83,87,92,95,130,130,130,16826,0,72,73.89191716370533,47.32519999379292,1981.180900009349,80.0
1790845222,50,,Aggregated,41.300000,0.000000,73,80,85,460,690,780,890,910,1000,1000,1000,20904,3,75,148.72329457036827,47.32519999379292,3591.6134000290185,79.2109165709912
1790845223,50,GET,GET /inventory/{product_id},7.700000,0.000000,680,740,780,780,890,910,950,1000,1000,1000,1000,4089,3,440,458.0013018103048,126.74609996611252,3591.6134000290185,75.95524578136464
1790845223,50,POST,POST /events,34.300000,0.000000,70,74,77,79,83,87,93,95,130,130,130,16861,0,72,73.88515774251748,47.32519999379292,1981.180900009349,80.0
1790845223,50,,Aggregated,42.000000,0.000000,73,80,88,500,690,780,890,910,1000,1000,1000,20950,3,75,148.85656170877917,47.32519999379292,3591.6134000290185,79.21054892601433
1790845224,50,GET,GET /inventory/{product_id},7.900000,0.000000,680,730,770,780,890,920,950,1000,1000,1000,1000,4094,3,440,458.29083556481663,126.74609996611252,3591.6134000290185,75.95530043966781
1790845224,50,POST,POST /events,33.600000,0.000000,71,74,77,79,83,87,93,95,130,130,130,16899,0,72,73.88298579775112,47.32519999379292,1981.180900009349,80.0
1790845224,50,,Aggregated,41.500000,0.000000,74,80,86,460,680,780,890,920,1000,1000,1000,20993,3,75,148.84920010472803,47.32519999379292,3591.6134000290185,79.21121326156337
1790845225,50,GET,GET /inventory/{product_id},8.500000,0.000000,690,760,780,810,890,940,950,1000,1000,1000,1000,4103,3,440,458.97556751217536,126.74609996611252,3591.6134000290185,75.95539848891055
1790845225,50,POST,POST /events,33.000000,0.000000,70,74,77,78,83,86,93,95,130,130,130,16932,0,72,73.87607014506416,47.32519999379292,1981.180900009349,80.0
1790845225,50,,Aggregated,41.500000,0.000000,73,80,87,490,700,780,890,940,1000,1000,1000,21035,3,75,148.99198351312964,47.32519999379292,3591.6134000290185,79.21107677680057
1790845226,50,GET,GET /inventory/{product_id},8.600000,0.000000,690,770,800,830,890,940,950,1000,1000,1000,1000,4109,3,440,459.3862236803279,126.74609996611252,3591.6134000290185,75.9554636164517
1790845226,50,POST,POST /events,32.600000,0.000000,70,74,77,79,83,86,93,93,110,110,110,16971,0,72,73.87108146226372,47.32519999379292,1981.180900009349,80.0
1790845226,50,,Aggregated,41.200000,0.000000,73,80,86,470,690,800,890,940,1000,1000,1000,21080,3,75,149.01727308342242,47.32519999379292,3591.6134000290185,79.21162239089185
1790845227,50,GET,GET /inventory/{product_id},8.400000,0.000000,690,780,800,830,890,940,950,1000,1000,1000,1000,4115,3,440,459.7563337551499,126.74609996611252,3591.6134000290185,75.95552855407047
1790845227,50,POST,POST /events,32.800000,0.000000,71,74,77,78,83,86,93,93,110,110,110,17005,0,72,73.8622694205315,47.32519999379292,1981.180900009349,80.0
1790845227,50,,Aggregated,41.200000,0.000000,73,80,85,99,680,800,890,940,1000,1000,1000,21120,3,75,149.04948886830397,47.32519999379292,3591.6134000290185,79.21197916666667
1790845228,50,GET,GET /inventory/{product_id},8.600000,0.000000,690,780,810,830,890,940,950,1000,1000,1000,1000,4122,3,440,460.0984391806401,126.74609996611252,3591.6134000290185,75.95560407569141
1790845228,50,POST,POST /events,33.000000,0.000000,71,74,77,78,82,86,93,95,110,110,110,17040,0,72,73.85593409014457,47.32519999379292,1981.180900009349,80.0
1790845228,50,,Aggregated,41.600000,0.000000,73,79,84,93,680,800,890,940,1000,1000,1000,21162,3,75,149.0894472733514,47.32519999379292,3591.6134000290185,79.21222001701163
1790845229,50,GET,GET /inventory/{product_id},8.300000,0.000000,720,780,800,830,890,920,950,1000,1000,1000,1000,4129,3,440,460.6350542510748,126.74609996611252,3591.6134000290185,75.95567934124486
1790845229,50,POST,POST /events,33.600000,0.000000,71,74,77,79,83,87,93,95,110,110,110,17079,0,72,73.85037317736881,47.32519999379292,1981.180900009349,80.0
1790845229,50,,Aggregated,41.900000,0.000000,73,79,83,90,680,790,880,920,1000,1000,1000,21208,3,75,149.15374681719018,47.32519999379292,3591.6134000290185,79.21260844964165
1790845230,50,GET,GET /inventory/{product_id},8.200000,0.000000,740,790,820,840,890,920,950,1000,1000,1000,1000,4133,3,440,460.93238831422576,126.74609996611252,3591.6134000290185,75.95572223566417
1790845230,50,POST,POST /events,33.800000,0.000000,71,74,77,79,83,87,93,99,110,110,110,17120,0,72,73.84554384907715,47.32519999379292,1981.180900009349,80.0
1790845230,50,,Aggregated,42.000000,0.000000,73,78,83,88,690,800,890,920,1000,1000,1000,21253,3,75,149.12103098851438,47.32519999379292,3591.6134000290185,79.21352279678163
1790845231,50,GET,GET /inventory/{product_id},7.800000,0.000000,730,790,810,840,880,920,940,950,950,950,950,4138,3,440,461.2142994448249,126.74609996611252,3591.6134000290185,75.95577573707105
1790845231,50,POST,POST /events,34.700000,0.000000,71,74,77,79,83,87,93,99,110,110,110,17156,0,72,73.84314244558033,47.32519999379292,1981.180900009349,80.0
1790845231,50,,Aggregated,42.500000,0.000000,73,78,83,87,650,790,860,920,950,950,950,21294,3,75,149.11983295290042,47.32519999379292,3591.6134000290185,79.21409786794402
1790845232,50,GET,GET /inventory/{product_id},7.300000,0.000000,740,780,800,820,870,920,940,950,950,950,950,4148,3,440,461.78902673642875,126.74609996611252,3591.6134000290185,75.95588235294117
1790845232,50,POST,POST /events,35.400000,0.000000,71,74,77,79,83,87,94,99,110,110,110,17189,0,72,73.83492500415521,47.32519999379292,1981.180900009349,80.0
1790845232,50,,Aggregated,42.700000,0.000000,73,79,83,86,690,780,850,880,950,950,950,21337,3,75,149.25478787079396,47.32519999379292,3591.6134000290185,79.21380700192154
1790845233,50,GET,GET /inventory/{product_id},7.000000,0.000000,760,780,810,840,870,900,920,940,940,940,940,4156,3,440,462.38736106900507,126.74609996611252,3591.6134000290185,75.95596727622714
1790845233,50,POST,POST /events,35.700000,0.000000,70,74,77,79,83,87,93,95,110,110,110,17222,0,72,73.82766311673124,47.32519999379292,1981.180900009349,80.0
1790845233,50,,Aggregated,42.700000,0.000000,72,78,83,87,710,790,860,900,940,940,940,21378,3,75,149.3657913181369,47.32519999379292,3591.6134000290185,79.21381794368043
1790845234,50,GET,GET /inventory/{product_id},7.000000,0.000000,740,780,800,820,870,900,920,920,920,920,920,4169,3,440,463.1115680505571,126.74609996611252,3591.6134000290185,75.9561045814344
1790845234,50,POST,POST /events,35.500000,0.000000,70,74,77,79,83,87,93,95,110,110,110,17250,0,72,73.82035994760868,47.32519999379292,1981.180900009349,80.0
1790845234,50,,Aggregated,42.500000,0.000000,73,79,84,91,710,790,860,900,920,920,920,21419,3,75,149.59210683500734,47.32519999379292,3591.6134000290185,79.2128950931416
1790845235,50,GET,GET /inventory/{product_id},6.800000,0.000000,730,770,790,820,880,910,920,980,980,980,980,4177,3,440,463.6040941591586,126.74609996611252,3591.6134000290185,75.95618865214269
1790845235,50,POST,POST /events,35.600000,0.000000,71,74,77,79,83,86,92,95,110,110,110,17284,0,72,73.81920015019679,47.32519999379292,1981.180900009349,80.0
1790845235,50,,Aggregated,42.400000,0.000000,73,79,84,90,710,780,870,910,980,980,980,21461,3,75,149.68386173518508,47.32519999379292,3591.6134000290185,79.21294441079166
1790845236,50,GET,GET /inventory/{product_id},7.200000,0.000000,720,770,790,820,870,920,980,1000,1000,1000,1000,4187,3,440,464.1269541444436,126.74609996611252,3591.6134000290185,75.9562932887509
1790845236,50,POST,POST /events,35.100000,0.000000,71,75,77,79,83,87,93,95,110,110,110,17315,0,72,73.8186426448708,47.32519999379292,1981.180900009349,80.0
1790845236,50,,Aggregated,42.300000,0.000000,74,80,85,95,720,790,870,920,1000,1000,1000,21502,3,75,149.82184700952112,47.32519999379292,3591.6134000290185,79.2125848758255
1790845237,50,GET,GET /inventory/{product_id},7.600000,0.000000,720,770,790,820,870,920,980,1000,1000,1000,1000,4198,3,440,464.6913642931999,126.74609996611252,3591.6134000290185,75.9564078132444
1790845237,50,POST,POST /events,34.600000,0.000000,71,75,77,79,84,87,93,95,110,110,110,17343,0,72,73.81216432542305,47.32519999379292,1981.180900009349,80.0
1790845237,50,,Aggregated,42.200000,0.000000,74,80,86,110,720,790,870,920,1000,1000,1000,21541,3,75,149.98833448765913,47.32519999379292,3591.6134000290185,79.21196787521471
1790845238,50,GET,GET /inventory/{product_id},7.700000,0.000000,720,770,790,820,870,920,980,1000,1000,1000,1000,4209,3,440,465.40165312493514,126.74609996611252,3591.6134000290185,75.95652173913044
1790845238,50,POST,POST /events,33.700000,0.000000,71,74,77,79,84,86,92,94,110,110,110,17374,0,72,73.80184866444293,47.32519999379292,1981.180900009349,80.0
1790845238,50,,Aggregated,41.400000,0.000000,74,81,86,530,740,790,880,920,1000,1000,1000,21583,3,75,150.16952586289594,47.32519999379292,3591.6134000290185,79.21146272529306
1790845239,50,GET,GET /inventory/{product_id},8.200000,0.000000,720,770,780,810,860,910,980,1000,1000,1000,1000,4219,3,440,466.0813214275461,126.74609996611252,3591.6134000290185,75.95662479260488
1790845239,50,POST,POST /events,33.000000,0.000000,71,75,77,79,83,86,91,94,110,110,110,17405,0,72,73.7998166673955,47.32519999379292,1981.180900009349,80.0
1790845239,50,,Aggregated,41.200000,0.000000,74,81,90,570,750,800,870,920,1000,1000,1000,21624,3,75,150.3367972714963,47.32519999379292,3591.6134000290185,79.21110802811691
1790845240,50,GET,GET /inventory/{product_id},8.500000,0.000000,710,770,780,820,860,910,980,1000,1000,1000,1000,4223,3,440,466.26635425119105,126.74609996611252,3591.6134000290185,75.95666587733838
1790845240,50,POST,POST /events,32.800000,0.000000,71,74,77,79,82,86,90,94,110,110,110,17445,0,72,73.79319525916262,47.32519999379292,1981.180900009349,80.0
1790845240,50,,Aggregated,41.300000,0.000000,74,80,87,570,740,800,860,920,1000,1000,1000,21668,3,75,150.28452581220563,47.32519999379292,3591.6134000290185,79.21197157098025
1790845241,50,GET,GET /inventory/{product_id},8.700000,0.000000,720,770,790,820,860,910,980,1000,1000,1000,1000,4230,3,440,466.57450768385735,126.74609996611252,3591.6134000290185,75.95673758865249
1790845241,50,POST,POST /events,32.000000,0.000000,71,74,77,79,82,86,90,92,110,110,110,17484,0,72,73.79120412355941,47.32519999379292,1981.180900009349,80.0
1790845241,50,,Aggregated,40.700000,0.000000,74,80,86,530,720,800,860,920,1000,1000,1000,21714,3,75,150.30743208985123,47.32519999379292,3591.6134000290185,79.21235147830893
1790845242,50,GET,GET /inventory/{product_id},9.000000,0.000000,720,770,780,810,850,920,980,1000,1000,1000,1000,4234,3,440,466.857178909477,126.74609996611252,3591.6134000290185,75.95677846008502
1790845242,50,POST,POST /events,31.900000,0.000000,72,75,77,79,83,86,90,92,110,110,110,17522,0,72,73.7876550562921,47.32519999379292,1981.180900009349,80.0
1790845242,50,,Aggregated,40.900000,0.000000,74,79,86,470,720,780,850,920,1000,1000,1000,21756,3,75,150.2840865691798,47.32519999379292,3591.6134000290185,79.21313660599375
1790845243,50,GET,GET /inventory/{product_id},9.000000,0.000000,730,770,800,820,850,930,980,1000,1000,1000,1000,4241,3,440,467.3581008023199,126.74609996611252,3591.6134000290185,75.95684979957556
1790845243,50,POST,POST /events,31.600000,0.000000,72,75,78,79,84,87,91,94,110,110,110,17555,0,72,73.78775990865257,47.32519999379292,1981.180900009349,80.0
1790845243,50,,Aggregated,40.600000,0.000000,74,80,86,99,720,800,850,930,1000,1000,1000,21796,3,75,150.3674908560761,47.32519999379292,3591.6134000290185,79.2132960176179
1790845244,50,GET,GET /inventory/{product_id},8.400000,0.000000,740,780,810,820,840,870,960,1000,1000,1000,1000,4248,3,440,467.82944296203203,126.74609996611252,3591.6134000290185,75.9569209039548
1790845244,50,POST,POST /events,32.500000,0.000000,71,75,77,79,83,87,90,94,99,99,99,17595,0,72,73.77916481366071,47.32519999379292,1981.180900009349,80.0
1790845244,50,,Aggregated,40.900000,0.000000,74,79,86,90,720,800,840,870,1000,1000,1000,21843,3,75,150.413582319236,47.32519999379292,3591.6134000290185,79.2137069083917
1790845245,50,GET,GET /inventory/{product_id},8.300000,0.000000,740,780,810,830,850,870,930,960,960,960,960,4253,3,440,468.12172558258493,126.74609996611252,3591.6134000290185,75.95697154949447
1790845245,50,POST,POST /events,32.800000,0.000000,71,75,77,79,83,87,90,94,99,99,99,17628,0,72,73.76795216112676,45.572200033348054,1981.180900009349,80.0
1790845245,50,,Aggregated,41.100000,0.000000,73,79,84,89,700,800,840,870,960,960,960,21881,3,75,150.41831541515816,45.572200033348054,3591.6134000290185,79.2141584022668
1790845246,50,GET,GET /inventory/{product_id},8.100000,0.000000,760,780,810,830,850,870,930,960,960,960,960,4262,3,440,468.6188202728193,126.74609996611252,3591.6134000290185,75.95706241201314
1790845246,50,POST,POST /events,33.300000,0.000000,71,75,77,79,82,87,90,93,99,99,99,17662,0,72,73.7577889874574,45.572200033348054,1981.180900009349,80.0
1790845246,50,,Aggregated,41.400000,0.000000,73,78,83,88,720,800,850,870,960,960,960,21924,3,75,150.51831240189875,45.572200033348054,3591.6134000290185,79.21405765371283
1790845247,50,GET,GET /inventory/{product_id},7.300000,0.000000,750,790,810,830,850,870,930,960,960,960,960,4271,3,450,469.1583669404508,126.74609996611252,3591.6134000290185,75.95715289159448
1790845247,50,POST,POST /events,33.900000,0.000000,71,74,77,79,83,87,90,93,99,99,99,17697,0,72,73.7518235800726,45.572200033348054,1981.180900009349,80.0
1790845247,50,,Aggregated,41.200000,0.000000,73,78,83,87,710,800,840,870,960,960,960,21968,3,75,150.62642967494583,45.572200033348054,3591.6134000290185,79.21399308084486
1790845248,50,GET,GET /inventory/{product_id},7.400000,0.000000,760,790,810,830,860,870,930,980,980,980,980,4276,3,450,469.570580917394,126.74609996611252,3591.6134000290185,75.95720299345183
1790845248,50,POST,POST /events,34.500000,0.000000,71,74,77,79,83,87,90,93,99,99,99,17731,0,72,73.74501726899798,45.572200033348054,1981.180900009349,80.0
1790845248,50,,Aggregated,41.900000,0.000000,73,78,82,87,700,790,850,870,980,980,980,22007,3,75,150.65464194117234,45.572200033348054,3591.6134000290185,79.21447721179625
1790845249,50,GET,GET /inventory/{product_id},7.000000,0.000000,760,780,810,830,860,870,930,980,980,980,980,4286,3,450,470.12868399505123,126.74609996611252,3591.6134000290185,75.9573028464769
1790845249,50,POST,POST /events,35.000000,0.000000,71,74,77,78,83,87,90,95,99,99,99,17763,0,72,73.74246545608544,45.572200033348054,1981.180900009349,80.0
1790845249,50,,Aggregated,42.000000,0.000000,73,78,82,87,720,790,850,870,980,980,980,22049,3,75,150.79409286131957,45.572200033348054,3591.6134000290185,79.21415937230714
1790845250,50,GET,GET /inventory/{product_id},6.700000,0.000000,770,790,820,830,860,930,980,1000,1000,1000,1000,4293,3,450,470.59319939498715,126.74609996611252,3591.6134000290185,75.95737246680643
1790845250,50,POST,POST /events,35.600000,0.000000,71,74,76,78,83,87,90,95,96,96,96,17801,0,72,73.7323297677937,45.572200033348054,1981.180900009349,80.0
1790845250,50,,Aggregated,42.300000,0.000000,73,78,82,87,730,800,860,930,1000,1000,1000,22094,3,75,150.84483602784354,45.572200033348054,3591.6134000290185,79.21449262243144
1790845251,50,GET,GET /inventory/{product_id},6.500000,0.000000,770,790,830,830,860,930,980,1000,1000,1000,1000,4300,3,450,471.00354334945945,126.74609996611252,3591.6134000290185,75.95744186046511
1790845251,50,POST,POST /events,35.700000,0.000000,71,74,76,78,83,87,90,95,96,96,96,17835,0,72,73.72427650105666,45.572200033348054,1981.180900009349,80.0
1790845251,50,,Aggregated,42.200000,0.000000,73,77,83,88,740,810,860,930,1000,1000,1000,22135,3,75,150.90073222493885,45.572200033348054,3591.6134000290185,79.21468262932008
1790845252,50,GET,GET /inventory/{product_id},6.700000,0.000000,760,790,830,830,870,930,980,1000,1000,1000,1000,4306,3,450,471.4010729918064,126.74609996611252,3591.6134000290185,75.95750116117046
1790845252,50,POST,POST /events,34.900000,0.000000,70,74,76,77,82,86,89,93,96,96,96,17869,0,72,73.71697956216198,45.572200033348054,1981.180900009349,80.0
1790845252,50,,Aggregated,41.600000,0.000000,73,77,83,87,730,810,860,930,1000,1000,1000,22175,3,75,150.94032595711346,45.572200033348054,3591.6134000290185,79.21501691093574
1790845253,50,GET,GET /inventory/{product_id},6.900000,0.000000,760,790,830,840,870,940,980,1000,1000,1000,1000,4312,3,450,471.85513757021624,126.74609996611252,3591.6134000290185,75.95756029684601
1790845253,50,POST,POST /events,35.100000,0.000000,70,74,75,77,83,86,89,91,96,96,96,17908,0,72,73.71015924148263,45.572200033348054,1981.180900009349,80.0
1790845253,50,,Aggregated,42.000000,0.000000,72,77,82,87,720,800,860,940,1000,1000,1000,22220,3,75,150.97393721418737,45.572200033348054,3591.6134000290185,79.21552655265526
1790845254,50,GET,GET /inventory/{product_id},7.100000,0.000000,750,780,820,840,870,940,980,1000,1000,1000,1000,4319,3,450,472.1722539020394,126.74609996611252,3591.6134000290185,75.95762908080575
1790845254,50,POST,POST /events,35.300000,0.000000,71,74,76,78,83,86,88,89,95,95,95,17944,0,72,73.70440567858226,45.572200033348054,1981.180900009349,80.0
1790845254,50,,Aggregated,42.400000,0.000000,73,78,83,87,720,800,860,940,1000,1000,1000,22263,3,75,151.00677447331395,45.572200033348054,3591.6134000290185,79.2157840362934
1790845255,50,GET,GET /inventory/{product_id},7.000000,0.000000,750,790,820,840,870,950,980,1000,1000,1000,1000,4324,3,450,472.56567930224344,126.74609996611252,3591.6134000290185,75.95767807585568
1790845255,50,POST,POST /events,35.200000,0.000000,70,74,76,78,83,86,89,91,97,97,97,17979,0,72,73.69827720099059,45.572200033348054,1981.180900009349,80.0
1790845255,50,,Aggregated,42.200000,0.000000,73,77,83,87,720,800,860,950,1000,1000,1000,22303,3,75,151.02879985201588,45.572200033348054,3591.6134000290185,79.21629377213827
1790845256,50,GET,GET /inventory/{product_id},6.900000,0.000000,750,800,830,840,880,950,980,1000,1000,1000,1000,4332,3,450,473.05645704129023,126.74609996611252,3591.6134000290185,75.95775623268698
1790845256,50,POST,POST /events,35.500000,0.000000,71,74,76,77,82,85,88,91,97,97,97,18015,0,72,73.69284282523822,45.572200033348054,1981.180900009349,80.0
1790845256,50,,Aggregated,42.400000,0.000000,73,77,82,86,720,820,870,950,1000,1000,1000,22347,3,75,151.11008794914466,45.572200033348054,3591.6134000290185,79.21640488656196
1790845257,50,GET,GET /inventory/{product_id},7.200000,0.000000,740,810,830,850,910,950,980,1000,1000,1000,1000,4339,3,450,473.44361382874274,126.74609996611252,3591.6134000290185,75.9578243834985
1790845257,50,POST,POST /events,35.700000,0.000000,71,74,76,78,83,86,89,93,97,97,97,18051,0,72,73.6906339369847,45.572200033348054,1981.180900009349,80.0
1790845257,50,,Aggregated,42.900000,0.000000,74,78,82,87,710,820,910,950,1000,1000,1000,22390,3,75,151.1595119964013,45.572200033348054,3591.6134000290185,79.21665922286735
1790845258,50,GET,GET /inventory/{product_id},6.600000,0.000000,750,800,820,840,880,940,980,1000,1000,1000,1000,4352,3,450,474.1631055383363,126.74609996611252,3591.6134000290185,75.95795036764706
1790845258,50,POST,POST /events,35.600000,0.000000,70,74,76,78,82,86,89,91,97,97,97,18075,0,72,73.68567225982835,45.572200033348054,1981.180900009349,80.0
1790845258,50,,Aggregated,42.200000,0.000000,74,79,83,89,740,820,880,940,1000,1000,1000,22427,3,75,151.39904407184363,45.572200033348054,3591.6134000290185,79.21563294243546
1790845259,50,GET,GET /inventory/{product_id},7.200000,0.000000,750,800,820,840,910,950,990,1000,1000,1000,1000,4365,3,450,474.9415954874315,126.74609996611252,3591.6134000290185,75.95807560137457
1790845259,50,POST,POST /events,35.400000,0.000000,71,75,77,79,82,86,89,91,99,99,99,18104,0,72,73.68425609237654,45.572200033348054,1981.180900009349,80.0
1790845259,50,,Aggregated,42.600000,0.000000,74,79,84,91,740,820,910,950,1000,1000,1000,22469,3,75,151.63557953620648,45.572200033348054,3591.6134000290185,79.21478481463349
1790845260,50,GET,GET /inventory/{product_id},6.900000,0.000000,750,800,820,840,910,940,980,990,990,990,990,4374,3,450,475.5035292872851,126.74609996611252,3591.6134000290185,75.95816186556927
1790845260,50,POST,POST /events,34.400000,0.000000,71,75,77,79,82,86,91,91,99,99,99,18135,0,72,73.67992222203578,45.572200033348054,1981.180900009349,80.0
1790845260,50,,Aggregated,41.300000,0.000000,74,79,85,97,740,820,910,940,990,990,990,22509,3,75,151.763198125159,45.572200033348054,3591.6134000290185,79.21458083433293
1790845261,50,GET,GET /inventory/{product_id},8.200000,0.000000,750,800,820,840,910,930,980,990,990,990,990,4382,3,450,475.9773638070926,126.74609996611252,3591.6134000290185,75.95823824737563
1790845261,50,POST,POST /events,33.800000,0.000000,71,75,77,79,82,87,91,93,99,99,99,18170,0,72,73.67480701688615,45.572200033348054,1981.180900009349,80.0
1790845261,50,,Aggregated,42.000000,0.000000,74,80,86,500,750,820,910,930,990,990,990,22552,3,75,151.84480541413183,45.572200033348054,3591.6134000290185,79.21465945370699
1790845262,50,GET,GET /inventory/{product_id},7.800000,0.000000,750,800,820,840,910,930,980,990,990,990,990,4389,3,450,476.4269421970008,126.74609996611252,3591.6134000290185,75.9583048530417
1790845262,50,POST,POST /events,34.000000,0.000000,71,75,77,79,84,88,92,97,120,120,120,18203,0,72,73.67400465840205,45.572200033348054,1981.180900009349,80.0
1790845262,50,,Aggregated,41.800000,0.000000,74,80,87,510,750,820,910,930,990,990,990,22592,3,75,151.91774770270578,45.572200033348054,3591.6134000290185,79.21481055240793
1790845263,50,GET,GET /inventory/{product_id},8.100000,0.000000,750,800,820,840,880,910,950,990,990,990,990,4400,3,450,476.9191623641977,126.74609996611252,3591.6134000290185,75.95840909090909
1790845263,50,POST,POST /events,33.600000,0.000000,72,75,77,79,83,87,92,97,120,120,120,18237,0,72,73.67017159603706,45.572200033348054,1981.180900009349,80.0
1790845263,50,,Aggregated,41.700000,0.000000,75,81,89,530,750,820,900,930,990,990,990,22637,3,75,152.05050288463127,45.572200033348054,3591.6134000290185,79.21442770685161
1790845264,50,GET,GET /inventory/{product_id},8.400000,0.000000,740,790,820,830,880,910,930,990,990,990,990,4406,3,450,477.20919478041236,126.74609996611252,3591.6134000290185,75.95846572855197
1790845264,50,POST,POST /events,33.000000,0.000000,71,75,77,79,83,87,92,95,120,120,120,18271,0,72,73.6654457280337,45.572200033348054,1981.180900009349,80.0
1790845264,50,,Aggregated,41.400000,0.000000,75,81,89,530,750,820,900,910,990,990,990,22677,3,75,152.07148525375493,45.572200033348054,3591.6134000290185,79.21475503814438
1790845265,50,GET,GET /inventory/{product_id},8.400000,0.000000,740,790,820,840,890,910,960,990,990,990,990,4418,3,450,477.85063630657487,126.74609996611252,3591.6134000290185,75.95857854232685
1790845265,50,POST,POST /events,32.800000,0.000000,71,75,77,80,84,89,93,110,120,120,120,18302,0,72,73.66423721434535,45.572200033348054,1981.180900009349,80.0
1790845265,50,,Aggregated,41.200000,0.000000,75,82,93,560,760,830,910,930,990,990,990,22720,3,75,152.2599903476847,45.572200033348054,3591.6134000290185,79.21412852112677
1790845266,50,GET,GET /inventory/{product_id},8.800000,0.000000,750,790,810,840,880,910,990,1100,1100,1100,1100,4425,3,460,478.35191511920004,126.74609996611252,3591.6134000290185,75.95864406779661
1790845266,50,POST,POST /events,32.000000,0.000000,71,75,77,79,83,87,93,110,120,120,120,18335,0,72,73.65539972166873,45.572200033348054,1981.180900009349,80.0
1790845266,50,,Aggregated,40.800000,0.000000,75,81,92,540,750,820,890,930,1100,1100,1100,22760,3,75,152.33651047009036,45.572200033348054,3591.6134000290185,79.21427943760985
1790845267,50,GET,GET /inventory/{product_id},8.800000,0.000000,750,790,820,840,880,920,990,1100,1100,1100,1100,4434,3,460,478.95001003666096,126.74609996611252,3591.6134000290185,75.95872801082544
1790845267,50,POST,POST /events,31.500000,0.000000,71,75,76,79,83,87,92,99,120,120,120,18366,0,72,73.6515223182455,45.572200033348054,1981.180900009349,80.0
1790845267,50,,Aggregated,40.300000,0.000000,75,81,92,560,760,840,900,930,1100,1100,1100,22800,3,75,152.4714124298005,45.572200033348054,3591.6134000290185,79.21407894736842
1790845268,50,GET,GET /inventory/{product_id},9.500000,0.000000,750,790,820,850,890,920,960,1100,1100,1100,1100,4441,3,460,479.3642447427442,126.74609996611252,3591.6134000290185,75.95879306462508
1790845268,50,POST,POST /events,31.100000,0.000000,71,75,76,78,83,87,92,95,120,120,120,18398,0,72,73.64268373719169,45.572200033348054,1981.180900009349,80.0
1790845268,50,,Aggregated,40.600000,0.000000,74,80,86,480,750,820,890,920,1100,1100,1100,22839,3,75,152.53446763428255,45.572200033348054,3591.6134000290185,79.21419501729498
1790845269,50,GET,GET /inventory/{product_id},9.300000,0.000000,750,800,840,860,900,930,980,1100,1100,1100,1100,4450,3,460,479.962175596045,126.74609996611252,3591.6134000290185,75.95887640449438
1790845269,50,POST,POST /events,31.100000,0.000000,71,75,76,78,83,87,92,98,120,120,120,18430,0,72,73.64202520872729,45.572200033348054,1981.180900009349,80.0
1790845269,50,,Aggregated,40.400000,0.000000,74,81,87,520,750,840,900,930,1100,1100,1100,22880,3,75,152.6684530594075,45.572200033348054,3591.6134000290185,79.21402972027973
1790845270,50,GET,GET /inventory/{product_id},9.500000,0.000000,750,790,840,870,900,920,980,1100,1100,1100,1100,4461,3,460,480.6190788841732,126.74609996611252,3591.6134000290185,75.95897780766644
1790845270,50,POST,POST /events,31.900000,0.000000,71,75,76,78,83,87,92,98,120,120,120,18461,0,72,73.64032601683368,45.572200033348054,1981.180900009349,80.0
1790845270,50,,Aggregated,41.400000,0.000000,75,80,88,530,750,840,900,930,1100,1100,1100,22922,3,75,152.8451168963905,45.572200033348054,3591.6134000290185,79.21355030102086
1790845271,50,GET,GET /inventory/{product_id},8.100000,0.000000,740,790,820,870,900,930,980,1100,1100,1100,1100,4466,3,460,480.81834330547775,126.74609996611252,3591.6134000290185,75.9590237348858
1790845271,50,POST,POST /events,32.400000,0.000000,71,75,76,77,82,84,91,92,110,110,110,18497,0,72,73.63216708636966,45.572200033348054,1981.180900009349,80.0
1790845271,50,,Aggregated,40.500000,0.000000,74,79,83,490,740,820,900,930,1100,1100,1100,22963,3,75,152.8244966162454,45.572200033348054,3591.6134000290185,79.21408352567174
1790845272,50,GET,GET /inventory/{product_id},8.600000,0.000000,740,800,840,870,900,930,1100,3600,3600,3600,3600,4474,4,460,481.91569743007534,126.74609996611252,3638.740799971856,75.9590970049173
1790845272,50,POST,POST /events,31.700000,0.000000,71,75,76,78,81,84,91,92,110,110,110,18536,0,72,73.62535794651856,45.572200033348054,1981.180900009349,80.0
1790845272,50,,Aggregated,40.300000,0.000000,74,79,83,510,740,850,910,960,3600,3600,3600,23010,4,75,153.01218883958387,45.572200033348054,3638.740799971856,79.21429813124729
1790845273,50,GET,GET /inventory/{product_id},8.700000,0.000000,750,800,850,870,900,960,1100,3600,3600,3600,3600,4476,4,460,482.01968869575626,126.74609996611252,3638.740799971856,75.95911528150134
1790845273,50,POST,POST /events,32.000000,0.000000,70,74,76,77,81,84,92,93,890,890,890,18571,0,72,73.65830446916664,45.572200033348054,1981.180900009349,80.0
1790845273,50,,Aggregated,40.700000,0.000000,73,77,82,92,740,840,900,960,3600,3600,3600,23047,4,74,152.96691538591134,45.572200033348054,3638.740799971856,79.21521239206838
1790845274,50,GET,GET /inventory/{product_id},8.400000,0.100000,750,840,880,900,930,960,1100,3600,3600,3600,3600,4488,4,460,482.9299625227655,126.74609996611252,3638.740799971856,75.95922459893048
1790845274,50,POST,POST /events,32.600000,0.000000,70,74,76,77,81,84,90,92,890,890,890,18601,0,72,73.6520636308195,45.572200033348054,1981.180900009349,80.0
1790845274,50,,Aggregated,41.000000,0.100000,73,78,83,510,750,880,930,960,3600,3600,3600,23089,4,74,153.20679576417538,45.572200033348054,3638.740799971856,79.21456104638573
1790845275,50,GET,GET /inventory/{product_id},8.200000,0.100000,760,810,870,890,920,940,980,3600,3600,3600,3600,4501,4,460,483.69586902960606,126.74609996611252,3638.740799971856,75.95934236836258
1790845275,50,POST,POST /events,33.100000,0.000000,71,75,76,78,82,86,92,94,890,890,890,18630,0,72,73.66446084793436,45.572200033348054,1981.180900009349,80.0
1790845275,50,,Aggregated,41.300000,0.100000,74,79,84,550,760,880,920,940,3600,3600,3600,23131,4,75,153.45138610951858,45.572200033348054,3638.740799971856,79.2137391379534
1790845276,50,GET,GET /inventory/{product_id},7.900000,0.100000,750,840,880,900,920,940,980,3600,3600,3600,3600,4506,4,460,483.9883962499587,126.74609996611252,3638.740799971856,75.95938748335553
1790845276,50,POST,POST /events,33.300000,0.000000,71,74,76,78,82,87,92,94,890,890,890,18660,0,72,73.66022595911826,45.572200033348054,1981.180900009349,80.0
1790845276,50,,Aggregated,41.200000,0.100000,73,78,84,300,750,880,920,940,3600,3600,3600,23166,4,74,153.47282784682125,45.572200033348054,3638.740799971856,79.21406371406371
1790845277,50,GET,GET /inventory/{product_id},8.300000,0.100000,750,810,870,890,920,940,980,3600,3600,3600,3600,4515,4,460,484.49518764171086,126.74609996611252,3638.740799971856,75.95946843853821
1790845277,50,POST,POST /events,32.500000,0.000000,71,74,76,78,82,87,92,98,890,890,890,18692,0,72,73.66287996453988,45.572200033348054,1981.180900009349,80.0
1790845277,50,,Aggregated,40.800000,0.100000,73,79,85,550,750,870,920,940,3600,3600,3600,23207,4,74,153.59168890849762,45.572200033348054,3638.740799971856,79.21390097815315
1790845278,50,GET,GET /inventory/{product_id},8.300000,0.100000,750,810,880,890,930,950,1000,3600,3600,3600,3600,4522,4,460,484.95631399873633,126.74609996611252,3638.740799971856,75.9595311808934
1790845278,50,POST,POST /events,32.700000,0.000000,71,74,76,78,82,87,92,94,890,890,890,18729,0,72,73.65949860627923,45.572200033348054,1981.180900009349,80.0
1790845278,50,,Aggregated,41.000000,0.100000,73,79,85,550,760,890,930,950,3600,3600,3600,23251,4,74,153.65107742889722,45.572200033348054,3638.740799971856,79.21418433615759
1790845279,50,GET,GET /inventory/{product_id},8.400000,0.100000,750,820,870,890,920,950,1000,3600,3600,3600,3600,4527,4,460,485.2776798326152,126.74609996611252,3638.740799971856,75.95957587806494
1790845279,50,POST,POST /events,33.100000,0.000000,71,74,76,78,82,87,92,290,1100,1100,1100,18768,0,72,73.71263173470463,45.572200033348054,1981.180900009349,80.0
1790845279,50,,Aggregated,41.500000,0.100000,73,78,84,92,750,880,930,960,3600,3600,3600,23295,4,74,153.69352775270167,45.572200033348054,3638.740799971856,79.21481004507405
1790845280,50,GET,GET /inventory/{product_id},8.000000,0.100000,770,830,880,900,930,960,1000,3600,3600,3600,3600,4534,4,460,485.7199094182376,126.74609996611252,3638.740799971856,75.95963828848699
1790845280,50,POST,POST /events,33.100000,0.000000,71,74,76,78,84,88,92,290,1100,1100,1100,18806,0,72,73.70718012850843,45.572200033348054,1981.180900009349,80.0
1790845280,50,,Aggregated,41.100000,0.100000,72,78,85,89,750,880,930,960,3600,3600,3600,23340,4,74,153.7442715852193,45.572200033348054,3638.740799971856,79.21512425021423
1790845281,50,GET,GET /inventory/{product_id},8.200000,0.100000,760,820,880,890,930,950,960,1000,1000,1000,1000,4542,4,460,486.1460674157549,126.74609996611252,3638.740799971856,75.95970937912814
1790845281,50,POST,POST /events,34.000000,0.000000,71,75,77,79,85,89,94,300,1100,1100,1100,18838,0,72,73.7622283149385,45.572200033348054,1981.180900009349,80.0
1790845281,50,,Aggregated,42.200000,0.100000,73,80,86,93,750,890,940,960,1100,1100,1100,23380,4,74,153.87546172793714,45.572200033348054,3638.740799971856,79.21509837467921
1790845282,50,GET,GET /inventory/{product_id},7.400000,0.100000,770,840,890,890,930,960,960,1000,1000,1000,1000,4551,4,460,486.7656671286078,126.74609996611252,3638.740799971856,75.95978905735004
1790845282,50,POST,POST /events,34.700000,0.000000,71,74,77,78,85,89,93,290,1100,1100,1100,18865,0,72,73.75307227122954,45.572200033348054,1981.180900009349,80.0
1790845282,50,,Aggregated,42.100000,0.100000,73,80,88,480,790,890,940,960,1100,1100,1100,23416,4,74,154.02384094204987,45.572200033348054,3638.740799971856,79.21476768021866
1790845283,50,GET,GET /inventory/{product_id},7.200000,0.100000,740,810,840,860,910,960,960,1000,1000,1000,1000,4562,4,460,487.2345686765144,126.74609996611252,3638.740799971856,75.95988601490575
1790845283,50,POST,POST /events,34.200000,0.000000,71,74,77,78,85,89,94,290,1100,1100,1100,18896,0,72,73.74546036181118,45.572200033348054,1981.180900009349,80.0
1790845283,50,,Aggregated,41.400000,0.100000,73,80,88,550,770,850,940,960,1100,1100,1100,23458,4,74,154.15885076728804,45.572200033348054,3638.740799971856,79.21429789410863
1790845284,50,GET,GET /inventory/{product_id},7.500000,0.000000,750,830,860,880,910,960,980,1000,1000,1000,1000,4572,4,470,487.9224074589468,126.74609996611252,3638.740799971856,75.95997375328083
1790845284,50,POST,POST /events,33.500000,0.000000,71,74,77,79,85,89,94,290,1100,1100,1100,18930,0,72,73.74042968816241,45.572200033348054,1981.180900009349,80.0
1790845284,50,,Aggregated,41.000000,0.000000,73,80,88,510,770,870,940,980,1100,1100,1100,23502,4,74,154.313997995882,45.572200033348054,3638.740799971856,79.21406688792443
1790845285,50,GET,GET /inventory/{product_id},8.000000,0.000000,750,820,840,880,910,960,980,1000,1000,1000,1000,4581,4,470,488.43723067064525,126.74609996611252,3638.740799971856,75.9600523903078
1790845285,50,POST,POST /events,32.900000,0.000000,71,74,77,78,84,89,93,97,1100,1100,1100,18965,0,72,73.73594904280455,45.572200033348054,1981.180900009349,80.0
1790845285,50,,Aggregated,40.900000,0.000000,73,79,87,290,750,850,940,980,1100,1100,1100,23546,4,74,154.41829726063935,45.572200033348054,3638.740799971856,79.21400662532915
1790845286,50,GET,GET /inventory/{product_id},8.300000,0.000000,740,820,850,880,910,960,980,1000,1000,1000,1000,4589,4,470,488.7647872526128,126.74609996611252,3638.740799971856,75.96012203094357
1790845286,50,POST,POST /events,32.400000,0.000000,71,74,76,78,84,88,93,97,1100,1100,1100,19001,0,72,73.72807645371691,45.572200033348054,1981.180900009349,80.0
1790845286,50,,Aggregated,40.700000,0.000000,73,79,86,94,740,850,940,980,1100,1100,1100,23590,4,74,154.46582405253562,45.572200033348054,3638.740799971856,79.21411615091141
1790845287,50,GET,GET /inventory/{product_id},8.400000,0.000000,740,820,840,870,910,960,980,1000,1000,1000,1000,4596,4,470,489.1130664060672,126.74609996611252,3638.740799971856,75.96018276762402
1790845287,50,POST,POST /events,33.100000,0.000000,70,74,76,77,83,88,93,97,1100,1100,1100,19039,0,72,73.71349626540152,45.572200033348054,1981.180900009349,80.0
1790845287,50,,Aggregated,41.500000,0.000000,73,78,86,100,740,840,930,960,1100,1100,1100,23635,4,74,154.49100522950135,45.572200033348054,3638.740799971856,79.21442775544743
1790845288,50,GET,GET /inventory/{product_id},8.000000,0.000000,730,800,840,850,890,940,960,980,980,980,980,4600,4,470,489.28415476137,126.74609996611252,3638.740799971856,75.96021739130435
1790845288,50,POST,POST /events,33.300000,0.000000,70,73,76,77,82,89,93,100,1100,1100,1100,19070,0,72,73.73009686402898,45.572200033348054,1981.180900009349,80.0
1790845288,50,,Aggregated,41.300000,0.000000,73,78,85,100,730,840,910,960,1100,1100,1100,23670,4,74,154.48838441484304,45.572200033348054,3638.740799971856,79.21491339247993
1790845289,50,GET,GET /inventory/{product_id},7.700000,0.000000,740,810,840,840,890,940,960,980,980,980,980,4607,4,470,489.7389291083653,126.74609996611252,3638.740799971856,75.9602778380725
1790845289,50,POST,POST /events,33.100000,0.000000,70,73,76,77,82,86,93,100,1100,1100,1100,19107,0,72,73.7793293398816,45.572200033348054,1981.180900009349,80.0
1790845289,50,,Aggregated,40.800000,0.000000,73,78,84,540,750,840,910,960,1100,1100,1100,23714,4,74,154.58922544064083,45.572200033348054,3638.740799971856,79.2151893396306
1790845290,50,GET,GET /inventory/{product_id},7.900000,0.000000,730,810,840,840,890,930,980,1000,1000,1000,1000,4614,4,470,490.18149408371534,126.74609996611252,3638.740799971856,75.96033810143042
1790845290,50,POST,POST /events,33.400000,0.000000,70,73,75,77,81,85,92,97,1100,1100,1100,19141,0,72,73.77438995857862,45.572200033348054,1981.180900009349,80.0
1790845290,50,,Aggregated,41.300000,0.000000,72,77,83,100,730,840,890,960,1100,1100,1100,23755,4,74,154.65430485790006,45.572200033348054,3638.740799971856,79.21536518627657
1790845291,50,GET,GET /inventory/{product_id},7.800000,0.000000,750,820,840,840,890,980,1000,1000,1000,1000,1000,4622,4,470,490.72722336698246,126.74609996611252,3638.740799971856,75.96040675032454
1790845291,50,POST,POST /events,33.000000,0.000000,70,73,75,77,81,85,92,97,1100,1100,1100,19176,0,72,73.76898843853282,45.572200033348054,1981.180900009349,80.0
1790845291,50,,Aggregated,40.800000,0.000000,72,77,82,94,730,840,890,980,1100,1100,1100,23798,4,74,154.74978354061258,45.572200033348054,3638.740799971856,79.2154382721237
1790845292,50,GET,GET /inventory/{product_id},8.000000,0.000000,760,820,840,860,910,990,1000,1000,1000,1000,1000,4631,4,470,491.27147287890085,126.74609996611252,3638.740799971856,75.96048369682573
1790845292,50,POST,POST /events,33.200000,0.000000,70,74,76,77,81,86,92,97,1100,1100,1100,19203,0,72,73.7689437273965,45.572200033348054,1981.180900009349,80.0
1790845292,50,,Aggregated,41.200000,0.000000,73,78,84,97,750,840,930,990,1100,1100,1100,23834,4,74,154.89062756144102,45.572200033348054,3638.740799971856,79.21511286397583
1790845293,50,GET,GET /inventory/{product_id},8.000000,0.000000,760,820,850,870,910,990,1000,1000,1000,1000,1000,4642,4,470,491.95209812629327,126.74609996611252,3638.740799971856,75.9605773373546
1790845293,50,POST,POST /events,33.200000,0.000000,71,74,76,77,81,85,90,94,1100,1100,1100,19233,0,72,73.76579752493808,45.572200033348054,1981.180900009349,80.0
1790845293,50,,Aggregated,41.200000,0.000000,73,78,82,94,760,850,930,1000,1100,1100,1100,23875,4,74,155.0734753214403,45.572200033348054,3638.740799971856,79.21461780104713
1790845294,50,GET,GET /inventory/{product_id},7.900000,0.000000,770,820,850,870,930,990,1000,1000,1000,1000,1000,4652,4,470,492.68044120856234,126.74609996611252,3638.740799971856,75.96066208082546
1790845294,50,POST,POST /events,33.600000,0.000000,71,75,77,78,81,85,90,100,1100,1100,1100,19267,0,72,73.76419701547808,45.572200033348054,1981.180900009349,80.0
1790845294,50,,Aggregated,41.500000,0.000000,74,78,82,92,770,850,930,990,1100,1100,1100,23919,4,74,155.23910683554698,45.572200033348054,3638.740799971856,79.21439023370542
1790845295,50,GET,GET /inventory/{product_id},8.100000,0.000000,770,820,850,860,940,990,1000,1000,1000,1000,1000,4660,4,470,493.12692133094237,126.74609996611252,3638.740799971856,75.9607296137339
1790845295,50,POST,POST /events,33.000000,0.000000,71,75,77,78,81,86,90,100,1100,1100,1100,19304,0,72,73.76185436164921,45.572200033348054,1981.180900009349,80.0
1790845295,50,,Aggregated,41.100000,0.000000,74,79,82,92,770,840,940,990,1100,1100,1100,23964,4,74,155.31089509261676,45.572200033348054,3638.740799971856,79.21453012852612
1790845296,50,GET,GET /inventory/{product_id},7.900000,0.000000,780,830,850,880,940,990,1000,1000,1000,1000,1000,4664,4,470,493.40447227747984,126.74609996611252,3638.740799971856,75.96076329331046
1790845296,50,POST,POST /events,33.100000,0.000000,71,75,77,78,82,85,90,92,1100,1100,1100,19338,0,72,73.75786023875146,45.572200033348054,1981.180900009349,80.0
1790845296,50,,Aggregated,41.000000,0.000000,74,79,82,89,770,850,940,990,1100,1100,1100,24002,4,74,155.30238980081418,45.572200033348054,3638.740799971856,79.21510707441047
1790845297,50,GET,GET /inventory/{product_id},7.600000,0.000000,780,830,860,880,970,1000,1000,1100,1100,1100,1100,4677,4,470,494.20378449908503,126.74609996611252,3638.740799971856,75.96087235407312
1790845297,50,POST,POST /events,33.600000,0.000000,72,76,77,79,82,86,89,92,1100,1100,1100,19369,0,72,73.75358730430935,45.572200033348054,1981.180900009349,80.0
1790845297,50,,Aggregated,41.200000,0.000000,75,79,84,520,790,870,990,1000,1100,1100,1100,24046,4,74,155.53207737666924,45.572200033348054,3638.740799971856,79.21438077019047
1790845298,50,GET,GET /inventory/{product_id},7.700000,0.000000,800,840,870,890,970,1000,1000,1100,1100,1100,1100,4682,4,470,494.5628041867241,126.74609996611252,3638.740799971856,75.96091413925673
1790845298,50,POST,POST /events,33.700000,0.000000,71,75,77,79,82,85,89,92,1100,1100,1100,19404,0,72,73.74559936595516,45.572200033348054,1981.180900009349,80.0
1790845298,50,,Aggregated,41.400000,0.000000,75,79,84,510,800,880,990,1000,1100,1100,1100,24086,4,74,155.54690107528174,45.572200033348054,3638.740799971856,79.2148551025492
1790845299,50,GET,GET /inventory/{product_id},7.400000,0.000000,790,850,870,890,950,1000,1000,1100,1100,1100,1100,4690,4,470,494.89345471262993,126.74609996611252,3638.740799971856,75.96098081023455
1790845299,50,POST,POST /events,33.400000,0.000000,71,75,77,78,82,85,89,90,110,110,110,19436,0,72,73.73841476110768,45.572200033348054,1981.180900009349,80.0
1790845299,50,,Aggregated,40.800000,0.000000,75,79,85,510,790,870,970,1000,1100,1100,1100,24126,4,74,155.609306635958,45.572200033348054,3638.740799971856,79.21483047334826
1790845300,50,GET,GET /inventory/{product_id},8.100000,0.000000,790,850,870,880,940,990,1000,1100,1100,1100,1100,4699,4,470,495.47087486748757,126.74609996611252,3638.740799971856,75.96105554373271
1790845300,50,POST,POST /events,32.600000,0.000000,72,75,77,79,82,84,88,89,110,110,110,19473,0,72,73.73238643232945,45.572200033348054,1981.180900009349,80.0
1790845300,50,,Aggregated,40.700000,0.000000,75,79,83,510,790,870,940,990,1100,1100,1100,24172,4,74,155.71770651990218,45.572200033348054,3638.740799971856,79.21483534668211
1790845301,50,GET,GET /inventory/{product_id},8.100000,0.000000,790,850,870,880,930,970,1000,1100,1100,1100,1100,4704,4,470,495.7919106722713,126.74609996611252,3638.740799971856,75.96109693877551
1790845301,50,POST,POST /events,32.700000,0.000000,71,75,78,79,82,85,88,89,110,110,110,19511,0,72,73.72795396426403,45.572200033348054,1981.180900009349,80.0
1790845301,50,,Aggregated,40.800000,0.000000,75,80,83,92,790,870,930,950,1100,1100,1100,24215,4,74,155.71799535821265,45.572200033348054,3638.740799971856,79.2154036754078
1790845302,50,GET,GET /inventory/{product_id},8.300000,0.000000,790,830,870,880,930,970,1000,1100,1100,1100,1100,4710,4,470,496.1131580471928,126.74609996611252,3638.740799971856,75.96114649681529
1790845302,50,POST,POST /events,32.600000,0.000000,71,75,77,78,82,84,88,90,110,110,110,19547,0,72,73.71663931022128,45.572200033348054,1981.180900009349,80.0
1790845302,50,,Aggregated,40.900000,0.000000,73,78,82,87,780,850,920,950,1100,1100,1100,24257,4,74,155.73369019248767,45.572200033348054,3638.740799971856,79.21577276662407
1790845303,50,GET,GET /inventory/{product_id},8.300000,0.000000,790,830,870,880,910,950,1000,1100,1100,1100,1100,4717,4,480,496.52201537042015,126.74609996611252,3638.740799971856,75.96120415518338
1790845303,50,POST,POST /events,32.800000,0.000000,70,74,76,78,82,83,88,89,110,110,110,19584,0,72,73.70856377639963,45.572200033348054,1981.180900009349,80.0
1790845303,50,,Aggregated,41.100000,0.000000,73,78,82,86,770,850,900,940,1100,1100,1100,24301,4,74,155.7797152174512,45.572200033348054,3638.740799971856,79.21604049216081
1790845304,50,GET,GET /inventory/{product_id},8.000000,0.000000,770,820,850,870,900,930,1000,1100,1100,1100,1100,4725,4,480,496.8575554925372,126.74609996611252,3638.740799971856,75.96126984126984
1790845304,50,POST,POST /events,33.200000,0.000000,70,74,76,78,82,84,88,88,90,90,90,19616,0,72,73.7032794859824,45.572200033348054,1981.180900009349,80.0
1790845304,50,,Aggregated,41.200000,0.000000,73,78,82,86,760,850,890,920,1100,1100,1100,24341,4,74,155.84468510329359,45.572200033348054,3638.740799971856,79.21601413253359
1790845305,50,GET,GET /inventory/{product_id},7.400000,0.000000,770,820,850,870,900,930,1000,1100,1100,1100,1100,4730,4,480,497.06370712520777,126.74609996611252,3638.740799971856,75.96131078224101
1790845305,50,POST,POST /events,34.200000,0.000000,70,74,76,78,82,83,88,88,91,91,91,19652,0,72,73.69900945436055,45.572200033348054,1981.180900009349,80.0
1790845305,50,,Aggregated,41.600000,0.000000,72,77,82,86,750,850,890,920,1100,1100,1100,24382,4,74,155.8298855097747,45.572200033348054,3638.740799971856,79.21651218111722
1790845306,50,GET,GET /inventory/{product_id},7.200000,0.000000,780,820,850,870,900,920,1000,1100,1100,1100,1100,4735,4,480,497.386305047978,126.74609996611252,3638.740799971856,75.96135163674762
1790845306,50,POST,POST /events,34.800000,0.000000,70,74,76,78,81,84,88,88,91,91,91,19688,0,72,73.69438100351164,45.572200033348054,1981.180900009349,80.0
1790845306,50,,Aggregated,42.000000,0.000000,73,78,82,86,750,850,890,920,1100,1100,1100,24423,4,74,155.8374944764899,45.572200033348054,3638.740799971856,79.21700855750727
1790845307,50,GET,GET /inventory/{product_id},7.500000,0.000000,790,820,850,870,900,920,930,940,940,940,940,4746,4,480,498.029550295487,126.74609996611252,3638.740799971856,75.9614412136536
1790845307,50,POST,POST /events,34.900000,0.000000,70,74,76,78,81,84,88,89,91,91,91,19724,0,72,73.68782771227652,45.572200033348054,1981.180900009349,80.0
1790845307,50,,Aggregated,42.500000,0.000000,72,77,81,86,760,850,890,920,940,940,940,24470,4,74,155.98965915403855,45.572200033348054,3638.740799971856,79.21671434409481
1790845308,50,GET,GET /inventory/{product_id},6.900000,0.000000,790,820,850,870,920,920,940,1200,1200,1200,1200,4750,4,480,498.26338513735925,126.74609996611252,3638.740799971856,75.96147368421053
1790845308,50,POST,POST /events,35.400000,0.000000,70,74,76,78,81,84,88,89,91,91,91,19761,0,72,73.67855465294062,45.572200033348054,1981.180900009349,80.0
1790845308,50,,Aggregated,42.300000,0.000000,72,77,81,84,750,850,890,920,1200,1200,1200,24511,4,74,155.95907951120788,45.572200033348054,3638.740799971856,79.21737179225654
1790845309,50,GET,GET /inventory/{product_id},7.100000,0.000000,790,820,850,870,910,920,940,1200,1200,1200,1200,4763,4,480,498.9449929461576,126.74609996611252,3638.740799971856,75.96157883686752
1790845309,50,POST,POST /events,35.300000,0.000000,70,74,76,78,81,84,88,90,91,91,91,19790,0,72,73.675618423289,45.572200033348054,1981.180900009349,80.0
1790845309,50,,Aggregated,42.400000,0.000000,73,78,81,86,760,850,890,920,1200,1200,1200,24553,4,74,156.17299270962562,45.572200033348054,3638.740799971856,79.21659267706593
1790845310,50,GET,GET /inventory/{product_id},6.800000,0.000000,790,830,850,870,920,940,980,1200,1200,1200,1200,4771,4,480,499.5264585626933,126.74609996611252,3638.740799971856,75.96164326137078
1790845310,50,POST,POST /events,35.600000,0.000000,70,74,76,78,81,85,88,91,120,120,120,19818,0,72,73.67418152168425,45.572200033348054,1981.180900009349,80.0
1790845310,50,,Aggregated,42.400000,0.000000,73,78,81,87,760,850,920,930,1200,1200,1200,24589,4,74,156.30223527590988,45.572200033348054,3638.740799971856,79.21643824474359
1790845311,50,GET,GET /inventory/{product_id},6.700000,0.000000,790,830,860,880,920,960,980,1200,1200,1200,1200,4780,4,480,500.13172391267,126.74609996611252,3638.740799971856,75.96171548117155
1790845311,50,POST,POST /events,35.400000,0.000000,70,73,76,77,81,83,88,91,120,120,120,19849,0,72,73.66781030261971,45.572200033348054,1981.180900009349,80.0
1790845311,50,,Aggregated,42.100000,0.000000,73,77,81,88,790,850,920,940,1200,1200,1200,24629,4,74,156.43599037716763,45.572200033348054,3638.740799971856,79.21624913719599
1790845312,50,GET,GET /inventory/{product_id},7.300000,0.000000,790,850,860,880,920,970,1000,1200,1200,1200,1200,4789,4,480,500.69402547557655,126.74609996611252,3638.740799971856,75.961787429526
1790845312,50,POST,POST /events,34.700000,0.000000,70,74,76,78,81,83,88,91,120,120,120,19880,0,72,73.66273078453888,45.572200033348054,1981.180900009349,80.0
1790845312,50,,Aggregated,42.000000,0.000000,73,78,82,93,790,860,920,960,1200,1200,1200,24669,4,74,156.56243771531757,45.572200033348054,3638.740799971856,79.21606064291215
1790845313,50,GET,GET /inventory/{product_id},7.200000,0.000000,790,840,860,880,920,970,1000,1200,1200,1200,1200,4799,4,480,501.19615534539184,126.74609996611252,3638.740799971856,75.96186705563659
1790845313,50,POST,POST /events,34.800000,0.000000,70,74,76,78,81,84,90,91,120,120,120,19912,0,72,73.6577208264636,45.572200033348054,1981.180900009349,80.0
1790845313,50,,Aggregated,42.000000,0.000000,73,79,83,520,790,860,920,970,1200,1200,1200,24711,4,74,156.68782674109016,45.572200033348054,3638.740799971856,79.21577435150338
1790845314,50,GET,GET /inventory/{product_id},7.600000,0.000000,810,850,880,900,940,1000,1100,1200,1200,1200,1200,4810,4,480,501.9370618092841,126.74609996611252,3638.740799971856,75.96195426195426
1790845314,50,POST,POST /events,33.800000,0.000000,70,74,76,77,81,85,90,91,120,120,120,19943,0,72,73.65092301542198,45.572200033348054,1981.180900009349,80.0
1790845314,50,,Aggregated,41.400000,0.000000,73,78,83,520,810,880,960,1000,1200,1200,1200,24753,4,74,156.8754342907614,45.572200033348054,3638.740799971856,79.21532743505837
1790845315,50,GET,GET /inventory/{product_id},7.900000,0.000000,810,850,880,900,940,1000,1100,1200,1200,1200,1200,4815,4,480,502.2410294917356,126.74609996611252,3638.740799971856,75.96199376947041
1790845315,50,POST,POST /events,33.300000,0.000000,70,74,76,77,81,85,90,93,120,120,120,19977,0,72,73.64898115315346,45.572200033348054,1981.180900009349,80.0
1790845315,50,,Aggregated,41.200000,0.000000,73,78,86,560,820,880,960,1000,1200,1200,1200,24792,4,74,156.88836130603636,45.572200033348054,3638.740799971856,79.2157550822846
1790845316,50,GET,GET /inventory/{product_id},8.300000,0.000000,810,850,880,890,950,1000,1100,1200,1200,1200,1200,4827,4,480,502.9996499073343,126.74609996611252,3638.740799971856,75.96208825357365
1790845316,50,POST,POST /events,32.700000,0.000000,70,73,76,78,82,86,91,100,120,120,120,20007,0,72,73.6478682159696,45.572200033348054,1981.180900009349,80.0
1790845316,50,,Aggregated,41.000000,0.000000,73,79,90,610,830,890,960,1000,1200,1200,1200,24834,4,74,157.10124061768568,45.572200033348054,3638.740799971856,79.21514858661513
1790845317,50,GET,GET /inventory/{product_id},8.200000,0.000000,800,850,880,910,980,1000,1100,1200,1200,1200,1200,4834,4,480,503.49979249125306,126.74609996611252,3638.740799971856,75.9621431526686
1790845317,50,POST,POST /events,32.200000,0.000000,70,73,76,78,82,87,93,100,120,120,120,20044,0,72,73.64300799723951,45.572200033348054,1981.180900009349,80.0
1790845317,50,,Aggregated,40.300000,0.000000,73,79,89,610,820,890,980,1000,1200,1200,1200,24878,4,74,157.16771642412516,45.572200033348054,3638.740799971856,79.21541120668864
1790845318,50,GET,GET /inventory/{product_id},8.500000,0.000000,800,850,880,900,970,1000,1100,1100,1100,1100,1100,4839,4,480,503.72956765916996,126.74609996611252,3638.740799971856,75.96218226906386
1790845318,50,POST,POST /events,31.400000,0.000000,69,73,75,77,82,87,96,100,3600,3600,3600,20079,1,72,73.80721510019131,45.572200033348054,3601.330399978906,79.99980078689178
1790845318,50,,Aggregated,39.900000,0.000000,72,79,90,640,820,890,980,1000,3600,3600,3600,24918,5,74,157.29683160363854,45.572200033348054,3638.740799971856,79.21570752066779
1790845319,50,GET,GET /inventory/{product_id},9.200000,0.000000,800,850,880,910,970,1000,1100,1100,1100,1100,1100,4845,4,480,504.09215956709374,126.74609996611252,3638.740799971856,75.96222910216719
1790845319,50,POST,POST /events,31.200000,0.000000,69,72,75,77,83,88,100,110,3600,3600,3600,20116,1,72,73.83789531699536,45.572200033348054,3601.330399978906,79.9998011533108
1790845319,50,,Aggregated,40.400000,0.000000,72,78,87,560,810,890,980,1000,3600,3600,3600,24961,5,74,157.3514528784603,45.572200033348054,3638.740799971856,79.21609711149394
1790845320,50,GET,GET /inventory/{product_id},8.800000,0.000000,800,850,880,910,990,1000,1100,1100,1100,1100,1100,4849,4,480,504.4315852346116,126.74609996611252,3638.740799971856,75.9622602598474
1790845320,50,POST,POST /events,31.400000,0.000000,69,73,75,77,83,88,96,100,3600,3600,3600,20146,1,72,73.83511939325912,45.572200033348054,3601.330399978906,79.99980144941924
1790845320,50,,Aggregated,40.200000,0.000000,72,78,86,110,810,890,1000,1000,3600,3600,3600,24995,5,74,157.37031694735867,45.572200033348054,3638.740799971856,79.21652330466094
1790845321,50,GET,GET /inventory/{product_id},8.800000,0.000000,810,860,890,940,1000,1000,1100,1100,1100,1100,1100,4865,4,480,505.4305719224619,126.74609996611252,3638.740799971856,75.96238437821172
1790845321,50,POST,POST /events,31.800000,0.100000,69,73,75,77,83,88,100,110,3600,3600,3600,20173,1,72,73.83301986302189,45.572200033348054,3601.330399978906,79.99980171516383
1790845321,50,,Aggregated,40.600000,0.100000,72,78,88,590,820,900,1000,1000,3600,3600,3600,25038,5,74,157.69443414408173,45.572200033348054,3638.740799971856,79.21531272465852
1790845322,50,GET,GET /inventory/{product_id},8.100000,0.000000,820,870,900,950,990,1000,1100,1100,1100,1100,1100,4873,4,490,505.97794541407814,126.74609996611252,3638.740799971856,75.96244613174636
1790845322,50,POST,POST /events,32.800000,0.100000,69,73,75,77,83,89,100,110,3600,3600,3600,20207,1,72,73.82612711421679,45.572200033348054,3601.330399978906,79.99980204879498
1790845322,50,,Aggregated,40.900000,0.100000,72,78,88,590,820,910,1000,1000,3600,3600,3600,25080,5,74,157.7924672487951,45.572200033348054,3638.740799971856,79.21535087719299
1790845323,50,GET,GET /inventory/{product_id},7.700000,0.000000,820,880,940,960,1000,1000,1100,1100,1100,1100,1100,4879,4,490,506.47099754106847,126.74609996611252,3638.740799971856,75.96249231399877
1790845323,50,POST,POST /events,32.200000,0.100000,69,73,75,77,83,88,96,110,3600,3600,3600,20243,1,72,73.81796899159062,45.572200033348054,3601.330399978906,79.99980240082992
1790845323,50,,Aggregated,39.900000,0.100000,72,78,87,160,820,940,1000,1000,3600,3600,3600,25122,5,74,157.84448464690877,45.572200033348054,3638.740799971856,79.21570734814107
1790845324,50,GET,GET /inventory/{product_id},8.500000,0.000000,820,880,910,950,980,1000,1000,1100,1100,1100,1100,4882,4,490,506.63514358927415,126.74609996611252,3638.740799971856,75.96251536255633
1790845324,50,POST,POST /events,31.900000,0.100000,70,73,75,77,82,88,96,110,3600,3600,3600,20278,1,72,73.81341333448695,45.572200033348054,3601.330399978906,79.99980274188776
1790845324,50,,Aggregated,40.400000,0.100000,72,77,84,94,820,900,980,1000,3600,3600,3600,25160,5,74,157.79734366452954,45.572200033348054,3638.740799971856,79.21641494435612
1790845325,50,GET,GET /inventory/{product_id},8.400000,0.000000,820,890,950,960,990,1000,1100,1100,1100,1100,1100,4891,4,490,507.25777949354296,126.74609996611252,3638.740799971856,75.96258433858107
1790845325,50,POST,POST /events,32.100000,0.100000,70,73,75,77,81,88,96,110,3600,3600,3600,20311,1,72,73.80937144879843,45.572200033348054,3601.330399978906,79.99980306238
1790845325,50,,Aggregated,40.500000,0.100000,72,78,84,96,820,920,990,1000,3600,3600,3600,25202,5,74,157.92952714068184,45.572200033348054,3638.740799971856,79.21629235774938
1790845326,50,GET,GET /inventory/{product_id},7.900000,0.000000,830,890,950,960,990,1000,1100,1100,1100,1100,1100,4899,4,490,507.80929318288634,126.74609996611252,3638.740799971856,75.96264543784446
1790845326,50,POST,POST /events,33.100000,0.100000,70,74,76,77,81,87,96,110,3600,3600,3600,20342,1,72,73.80993396403565,45.572200033348054,3601.330399978906,79.99980336250123
1790845326,50,,Aggregated,41.000000,0.100000,72,77,83,91,820,920,990,1000,3600,3600,3600,25241,5,74,158.04442787525744,45.572200033348054,3638.740799971856,79.21623548987758
1790845328,50,GET,GET /inventory/{product_id},7.200000,0.000000,840,890,920,950,980,1000,1100,1100,1100,1100,1100,4911,4,490,508.47030731070095,126.74609996611252,3638.740799971856,75.9627367135003
1790845328,50,POST,POST /events,33.200000,0.100000,71,75,76,78,81,85,89,97,900,900,900,20371,1,72,73.80679308313178,45.572200033348054,3601.330399978906,79.99980364243287
1790845328,50,,Aggregated,40.400000,0.100000,74,79,84,560,840,920,980,1000,1100,1100,1100,25282,5,74,158.23969073251047,45.572200033348054,3638.740799971856,79.21560794240962
1790845329,50,GET,GET /inventory/{product_id},7.100000,0.000000,850,890,920,960,1000,1100,1100,1200,1200,1200,1200,4924,4,490,509.3565926082236,126.74609996611252,3638.740799971856,75.96283509341998
1790845329,50,POST,POST /events,33.300000,0.100000,71,75,76,78,81,85,89,97,160,160,160,20399,1,71,73.79972536871726,45.572200033348054,3601.330399978906,79.99980391195646
1790845329,50,,Aggregated,40.400000,0.100000,74,79,86,650,860,950,1000,1100,1200,1200,1200,25323,5,74,158.49277178056929,45.572200033348054,3638.740799971856,79.21482446787505
1790845330,50,GET,GET /inventory/{product_id},7.700000,0.000000,840,890,920,960,980,1000,1100,1200,1200,1200,1200,4934,4,490,509.8804608234792,126.74609996611252,3638.740799971856,75.96291041751115
1790845330,50,POST,POST /events,32.600000,0.100000,70,75,76,78,81,85,89,97,160,160,160,20430,1,71,73.79530748881548,45.572200033348054,3601.330399978906,79.99980420949584
1790845330,50,,Aggregated,40.300000,0.100000,74,80,88,660,860,950,1000,1100,1200,1200,1200,25364,5,74,158.62593935103087,45.572200033348054,3638.740799971856,79.2145166377543
1790845331,50,GET,GET /inventory/{product_id},8.500000,0.000000,850,890,920,960,1000,1100,1100,1200,1200,1200,1200,4942,4,490,510.4444460346047,126.74609996611252,3638.740799971856,75.96297045730473
1790845331,50,POST,POST /events,31.500000,0.000000,70,74,76,78,81,86,89,97,110,110,110,20466,1,71,73.78771194160439,45.572200033348054,3601.330399978906,79.99980455389426
1790845331,50,,Aggregated,40.000000,0.000000,74,79,85,520,850,920,1000,1100,1200,1200,1200,25408,5,74,158.71992147748315,45.572200033348054,3638.740799971856,79.21461744332494
1790845332,50,GET,GET /inventory/{product_id},8.500000,0.000000,850,880,920,950,1000,1100,1100,1200,1200,1200,1200,4946,4,490,510.6292604332717,126.74609996611252,3638.740799971856,75.96300040436716
1790845332,50,POST,POST /events,31.500000,0.000000,70,74,76,78,81,86,89,97,110,110,110,20506,1,71,73.77936651209308,45.572200033348054,3601.330399978906,79.99980493514093
1790845332,50,,Aggregated,40.000000,0.000000,74,79,85,100,850,920,1000,1100,1200,1200,1200,25452,5,74,158.6709104117532,45.572200033348054,3638.740799971856,79.21534653465346
1790845333,50,GET,GET /inventory/{product_id},9.200000,0.000000,830,870,900,920,970,1000,1100,1200,1200,1200,1200,4950,4,490,510.80743723291425,126.74609996611252,3638.740799971856,75.96303030303031
1790845333,50,POST,POST /events,31.800000,0.000000,70,74,76,78,81,86,89,97,110,110,110,20543,1,71,73.77517570933232,45.572200033348054,3601.330399978906,79.99980528647228
1790845333,50,,Aggregated,41.000000,0.000000,74,79,84,97,820,900,970,1000,1200,1200,1200,25493,5,74,158.6341446240042,45.572200033348054,3638.740799971856,79.2159808574903
1790845334,50,GET,GET /inventory/{product_id},8.000000,0.000000,820,880,900,920,1000,1000,1100,1200,1200,1200,1200,4959,4,490,511.3162955440683,126.74609996611252,3638.740799971856,75.96309739866909
1790845334,50,POST,POST /events,33.100000,0.000000,70,74,76,79,81,86,89,97,110,110,110,20575,1,71,73.7669881942562,45.572200033348054,3601.330399978906,79.99980558930741
1790845334,50,,Aggregated,41.100000,0.000000,73,79,86,520,830,910,1000,1000,1200,1200,1200,25534,5,74,158.7441564854647,45.572200033348054,3638.740799971856,79.21582987389363
