Timestamp,User Count,Type,Name,Requests/s,Failures/s,50%,66%,75%,80%,90%,95%,98%,99%,99.9%,99.99%,100%,Total Request Count,Total Failure Count,Total Median Response Time,Total Average Response Time,Total Min Response Time,Total Max Response Time,Total Average Content Size
1790844133,0,,Aggregated,0.000000,0.000000,N/A,N/A,N/A,N/A,N/A,N/A,N/A,N/A,N/A,N/A,N/A,0,0,0,0.0,0,0,0
1790844134,1,,Aggregated,0.000000,0.000000,N/A,N/A,N/A,N/A,N/A,N/A,N/A,N/A,N/A,N/A,N/A,0,0,0,0.0,0,0,0
1790844135,1,,Aggregated,0.000000,0.000000,N/A,N/A,N/A,N/A,N/A,N/A,N/A,N/A,N/A,N/A,N/A,0,0,0,0.0,0,0,0
1790844136,1,POST,POST /events,0.000000,0.000000,0,0,0,0,0,0,0,0,0,0,0,1,0,2108.6113000055775,2108.6113000055775,2108.6113000055775,2108.6113000055775,80.0
1790844136,1,,Aggregated,0.000000,0.000000,2100,2100,2100,2100,2100,2100,2100,2100,2100,2100,2100,1,0,2108.6113000055775,2108.6113000055775,2108.6113000055775,2108.6113000055775,80.0
1790844137,1,POST,POST /events,0.000000,0.000000,2100,2100,2100,2100,2100,2100,2100,2100,2100,2100,2100,2,0,98,1103.1970499898307,97.7827999740839,2108.6113000055775,80.0
1790844137,1,,Aggregated,0.000000,0.000000,2100,2100,2100,2100,2100,2100,2100,2100,2100,2100,2100,2,0,98,1103.1970499898307,97.7827999740839,2108.6113000055775,80.0
1790844138,1,POST,POST /events,0.333333,0.000000,98,98,2100,2100,2100,2100,2100,2100,2100,2100,2100,3,0,98,763.5614333169846,84.29019997129217,2108.6113000055775,80.0
1790844138,1,,Aggregated,0.333333,0.000000,98,98,2100,2100,2100,2100,2100,2100,2100,2100,2100,3,0,98,763.5614333169846,84.29019997129217,2108.6113000055775,80.0
1790844139,1,POST,POST /events,0.250000,0.000000,98,98,2100,2100,2100,2100,2100,2100,2100,2100,2100,4,0,84,592.9128249845235,80.9669999871403,2108.6113000055775,80.0
1790844139,1,,Aggregated,0.250000,0.000000,98,98,2100,2100,2100,2100,2100,2100,2100,2100,2100,4,0,84,592.9128249845235,80.9669999871403,2108.6113000055775,80.0
1790844140,1,POST,POST /events,0.400000,0.000000,91,98,98,2100,2100,2100,2100,2100,2100,2100,2100,5,0,91,492.49871998326853,80.9669999871403,2108.6113000055775,80.0
1790844140,1,,Aggregated,0.400000,0.000000,91,98,98,2100,2100,2100,2100,2100,2100,2100,2100,5,0,91,492.49871998326853,80.9669999871403,2108.6113000055775,80.0
1790844141,1,POST,POST /events,0.500000,0.000000,91,91,98,98,2100,2100,2100,2100,2100,2100,2100,6,0,87,424.95703331466456,80.9669999871403,2108.6113000055775,80.0
1790844141,1,,Aggregated,0.500000,0.000000,91,91,98,98,2100,2100,2100,2100,2100,2100,2100,6,0,87,424.95703331466456,80.9669999871403,2108.6113000055775,80.0
1790844142,1,GET,GET /inventory/{product_id},0.000000,0.000000,0,0,0,0,0,0,0,0,0,0,0,1,0,118.81260003428906,118.81260003428906,118.81260003428906,118.81260003428906,75.0
1790844142,1,POST,POST /events,0.571429,0.000000,91,91,98,98,2100,2100,2100,2100,2100,2100,2100,6,0,87,424.95703331466456,80.9669999871403,2108.6113000055775,80.0
1790844142,1,,Aggregated,0.571429,0.000000,91,98,120,120,2100,2100,2100,2100,2100,2100,2100,7,0,91,381.2221142746109,80.9669999871403,2108.6113000055775,79.28571428571429
1790844143,1,GET,GET /inventory/{product_id},0.000000,0.000000,0,0,0,0,0,0,0,0,0,0,0,1,0,118.81260003428906,118.81260003428906,118.81260003428906,118.81260003428906,75.0
1790844143,1,POST,POST /events,0.625000,0.000000,87,91,98,98,2100,2100,2100,2100,2100,2100,2100,7,0,87,375.48094283556566,78.62439996097237,2108.6113000055775,80.0
1790844143,1,,Aggregated,0.625000,0.000000,91,98,120,120,2100,2100,2100,2100,2100,2100,2100,8,0,87,343.3973999854061,78.62439996097237,2108.6113000055775,79.375
1790844144,1,GET,GET /inventory/{product_id},0.000000,0.000000,120,120,120,120,120,120,120,120,120,120,120,1,0,118.81260003428906,118.81260003428906,118.81260003428906,118.81260003428906,75.0
1790844144,1,POST,POST /events,0.666667,0.000000,90,91,98,98,2100,2100,2100,2100,2100,2100,2100,8,0,87,339.76427497691475,78.62439996097237,2108.6113000055775,80.0
1790844144,1,,Aggregated,0.666667,0.000000,90,91,98,120,2100,2100,2100,2100,2100,2100,2100,9,0,90,315.21408887217854,78.62439996097237,2108.6113000055775,79.44444444444444
1790844145,1,GET,GET /inventory/{product_id},0.100000,0.000000,120,120,120,120,120,120,120,120,120,120,120,1,0,118.81260003428906,118.81260003428906,118.81260003428906,118.81260003428906,75.0
1790844145,1,POST,POST /events,0.600000,0.000000,87,90,91,98,2100,2100,2100,2100,2100,2100,2100,9,0,87,311.211788871636,78.62439996097237,2108.6113000055775,80.0
1790844145,1,,Aggregated,0.700000,0.000000,87,90,91,98,120,120,120,120,120,120,120,10,0,87,291.9718699879013,78.62439996097237,2108.6113000055775,79.5
1790844146,1,GET,GET /inventory/{product_id},0.100000,0.000000,120,120,120,120,120,120,120,120,120,120,120,1,0,118.81260003428906,118.81260003428906,118.81260003428906,118.81260003428906,75.0
1790844146,1,POST,POST /events,0.700000,0.000000,87,88,90,91,98,98,98,98,98,98,98,10,0,87,288.9089199830778,78.62439996097237,2108.6113000055775,80.0
1790844146,1,,Aggregated,0.800000,0.000000,88,90,91,98,120,120,120,120,120,120,120,11,0,88,273.44561816955155,78.62439996097237,2108.6113000055775,79.54545454545455
1790844147,1,GET,GET /inventory/{product_id},0.100000,0.000000,120,120,120,120,120,120,120,120,120,120,120,1,0,118.81260003428906,118.81260003428906,118.81260003428906,118.81260003428906,75.0
1790844147,1,POST,POST /events,0.700000,0.000000,87,88,90,90,91,91,91,91,91,91,91,10,0,87,288.9089199830778,78.62439996097237,2108.6113000055775,80.0
1790844147,1,,Aggregated,0.800000,0.000000,87,88,90,91,120,120,120,120,120,120,120,11,0,88,273.44561816955155,78.62439996097237,2108.6113000055775,79.54545454545455
1790844148,1,GET,GET /inventory/{product_id},0.100000,0.000000,120,120,120,120,120,120,120,120,120,120,120,1,0,118.81260003428906,118.81260003428906,118.81260003428906,118.81260003428906,75.0
1790844148,1,POST,POST /events,0.800000,0.000000,88,89,90,90,91,91,91,91,91,91,91,11,0,88,270.6985363514501,78.62439996097237,2108.6113000055775,80.0
1790844148,1,,Aggregated,0.900000,0.000000,88,89,90,91,120,120,120,120,120,120,120,12,0,88,258.0413749916867,78.62439996097237,2108.6113000055775,79.58333333333333
1790844149,1,GET,GET /inventory/{product_id},0.100000,0.000000,120,120,120,120,120,120,120,120,120,120,120,1,0,118.81260003428906,118.81260003428906,118.81260003428906,118.81260003428906,75.0
1790844149,1,POST,POST /events,0.900000,0.000000,89,89,90,90,91,91,91,91,91,91,91,12,0,88,255.543916655976,78.62439996097237,2108.6113000055775,80.0
1790844149,1,,Aggregated,1.000000,0.000000,89,89,90,91,120,120,120,120,120,120,120,13,0,89,245.0261230696924,78.62439996097237,2108.6113000055775,79.61538461538461
1790844151,1,GET,GET /inventory/{product_id},0.100000,0.000000,150,150,150,150,150,150,150,150,150,150,150,2,0,120,132.84260002546944,118.81260003428906,146.8726000166498,75.0
1790844151,1,POST,POST /events,0.800000,0.000000,88,89,89,89,90,90,90,90,90,90,90,12,0,88,255.543916655976,78.62439996097237,2108.6113000055775,80.0
1790844151,1,,Aggregated,0.900000,0.000000,89,90,120,120,150,150,150,150,150,150,150,14,0,89,238.0151571373322,78.62439996097237,2108.6113000055775,79.28571428571429
1790844152,1,GET,GET /inventory/{product_id},0.100000,0.000000,130,130,150,150,150,150,150,150,150,150,150,3,0,130,131.45310000982136,118.81260003428906,146.8726000166498,75.0
1790844152,1,POST,POST /events,0.800000,0.000000,89,89,89,89,90,90,90,90,90,90,90,12,0,88,255.543916655976,78.62439996097237,2108.6113000055775,80.0
1790844152,1,,Aggregated,0.900000,0.000000,89,90,130,130,150,150,150,150,150,150,150,15,0,89,230.7257533267451,78.62439996097237,2108.6113000055775,79.0
1790844153,1,GET,GET /inventory/{product_id},0.100000,0.000000,130,130,150,150,150,150,150,150,150,150,150,4,0,120,129.41507500363514,118.81260003428906,146.8726000166498,75.0
1790844153,1,POST,POST /events,0.800000,0.000000,89,89,89,90,90,90,90,90,90,90,90,12,0,88,255.543916655976,78.62439996097237,2108.6113000055775,80.0
1790844153,1,,Aggregated,0.900000,0.000000,90,120,130,130,150,150,150,150,150,150,150,16,0,89,224.0117062428908,78.62439996097237,2108.6113000055775,78.75
1790844154,1,GET,GET /inventory/{product_id},0.200000,0.000000,130,130,150,150,150,150,150,150,150,150,150,4,0,120,129.41507500363514,118.81260003428906,146.8726000166498,75.0
1790844154,1,POST,POST /events,0.700000,0.000000,88,89,89,89,89,89,89,89,89,89,89,13,0,88,242.51479998929426,78.62439996097237,2108.6113000055775,80.0
1790844154,1,,Aggregated,0.900000,0.000000,89,120,130,130,150,150,150,150,150,150,150,17,0,89,215.9030999926686,78.62439996097237,2108.6113000055775,78.82352941176471
1790844155,1,GET,GET /inventory/{product_id},0.300000,0.000000,130,130,150,150,150,150,150,150,150,150,150,4,0,120,129.41507500363514,118.81260003428906,146.8726000166498,75.0
1790844155,1,POST,POST /events,0.600000,0.000000,88,89,89,89,89,89,89,89,89,89,89,14,0,87,230.7962357049941,78.45490000909194,2108.6113000055775,80.0
1790844155,1,,Aggregated,0.900000,0.000000,89,120,130,130,150,150,150,150,150,150,150,18,0,89,208.2670888824699,78.45490000909194,2108.6113000055775,78.88888888888889
1790844156,1,GET,GET /inventory/{product_id},0.300000,0.000000,130,130,150,150,150,150,150,150,150,150,150,4,0,120,129.41507500363514,118.81260003428906,146.8726000166498,75.0
1790844156,1,POST,POST /events,0.600000,0.000000,88,88,89,89,89,89,89,89,89,89,89,15,0,87,220.93523332538703,78.45490000909194,2108.6113000055775,80.0
1790844156,1,,Aggregated,0.900000,0.000000,89,89,120,130,150,150,150,150,150,150,150,19,0,89,201.66783157343926,78.45490000909194,2108.6113000055775,78.94736842105263
1790844157,1,GET,GET /inventory/{product_id},0.300000,0.000000,130,130,150,150,150,150,150,150,150,150,150,4,0,120,129.41507500363514,118.81260003428906,146.8726000166498,75.0
1790844157,1,POST,POST /events,0.600000,0.000000,89,89,89,89,91,91,91,91,91,91,91,16,0,87,212.79151249109418,78.45490000909194,2108.6113000055775,80.0
1790844157,1,,Aggregated,0.900000,0.000000,89,91,120,130,150,150,150,150,150,150,150,20,0,89,196.11622499360237,78.45490000909194,2108.6113000055775,79.0
1790844158,1,GET,GET /inventory/{product_id},0.300000,0.000000,130,130,150,150,150,150,150,150,150,150,150,4,0,120,129.41507500363514,118.81260003428906,146.8726000166498,75.0
1790844158,1,POST,POST /events,0.600000,0.000000,89,89,91,91,94,94,94,94,94,94,94,17,0,88,205.81782352083417,78.45490000909194,2108.6113000055775,80.0
1790844158,1,,Aggregated,0.900000,0.000000,91,94,120,130,150,150,150,150,150,150,150,21,0,89,191.2649190413677,78.45490000909194,2108.6113000055775,79.04761904761905
1790844159,1,GET,GET /inventory/{product_id},0.300000,0.000000,130,130,150,150,150,150,150,150,150,150,150,4,0,120,129.41507500363514,118.81260003428906,146.8726000166498,75.0
1790844159,1,POST,POST /events,0.600000,0.000000,89,89,91,91,94,94,94,94,94,94,94,17,0,88,205.81782352083417,78.45490000909194,2108.6113000055775,80.0
1790844159,1,,Aggregated,0.900000,0.000000,94,120,130,130,150,150,150,150,150,150,150,21,0,89,191.2649190413677,78.45490000909194,2108.6113000055775,79.04761904761905
1790844160,1,GET,GET /inventory/{product_id},0.300000,0.000000,130,130,130,130,130,130,130,130,130,130,130,4,0,120,129.41507500363514,118.81260003428906,146.8726000166498,75.0
1790844160,1,POST,POST /events,0.600000,0.000000,89,91,94,94,94,94,94,94,94,94,94,18,0,88,199.6255444343357,78.45490000909194,2108.6113000055775,80.0
1790844160,1,,Aggregated,0.900000,0.000000,94,94,120,120,130,130,130,130,130,130,130,22,0,89,186.8600045378447,78.45490000909194,2108.6113000055775,79.0909090909091
1790844161,1,GET,GET /inventory/{product_id},0.300000,0.000000,120,120,120,120,120,120,120,120,120,120,120,4,0,120,129.41507500363514,118.81260003428906,146.8726000166498,75.0
1790844161,1,POST,POST /events,0.600000,0.000000,89,91,94,94,94,94,94,94,94,94,94,19,0,89,193.81356841002247,78.45490000909194,2108.6113000055775,80.0
1790844161,1,,Aggregated,0.900000,0.000000,91,94,94,94,120,120,120,120,120,120,120,23,0,89,182.61383042630294,78.45490000909194,2108.6113000055775,79.1304347826087
1790844162,1,GET,GET /inventory/{product_id},0.300000,0.000000,120,120,120,120,120,120,120,120,120,120,120,4,0,120,129.41507500363514,118.81260003428906,146.8726000166498,75.0
1790844162,1,POST,POST /events,0.600000,0.000000,89,91,94,94,94,94,94,94,94,94,94,20,0,88,188.28450498986058,78.45490000909194,2108.6113000055775,80.0
1790844162,1,,Aggregated,0.900000,0.000000,89,91,94,94,94,94,94,94,94,94,94,24,0,89,178.47293332548966,78.45490000909194,2108.6113000055775,79.16666666666667
1790844163,1,GET,GET /inventory/{product_id},0.300000,0.000000,140,140,140,140,140,140,140,140,140,140,140,5,0,130,132.28744000662118,118.81260003428906,146.8726000166498,75.0
1790844163,1,POST,POST /events,0.600000,0.000000,89,91,94,94,94,94,94,94,94,94,94,20,0,88,188.28450498986058,78.45490000909194,2108.6113000055775,80.0
1790844163,1,,Aggregated,0.900000,0.000000,91,94,94,94,140,140,140,140,140,140,140,25,0,89,177.0850919932127,78.45490000909194,2108.6113000055775,79.0
1790844164,1,GET,GET /inventory/{product_id},0.200000,0.000000,140,140,140,140,140,140,140,140,140,140,140,5,0,130,132.28744000662118,118.81260003428906,146.8726000166498,75.0
1790844164,1,POST,POST /events,0.700000,0.000000,89,91,94,94,94,94,94,94,94,94,94,21,0,88,183.46761427597986,78.45490000909194,2108.6113000055775,80.0
1790844164,1,,Aggregated,0.900000,0.000000,91,94,94,94,140,140,140,140,140,140,140,26,0,89,173.62527307033395,78.45490000909194,2108.6113000055775,79.03846153846153
1790844165,1,GET,GET /inventory/{product_id},0.100000,0.000000,140,140,140,140,140,140,140,140,140,140,140,5,0,130,132.28744000662118,118.81260003428906,146.8726000166498,75.0
1790844165,1,POST,POST /events,0.800000,0.000000,89,91,94,94,94,94,94,94,94,94,94,22,0,88,179.1621818080206,78.45490000909194,2108.6113000055775,80.0
1790844165,1,,Aggregated,0.900000,0.000000,91,94,94,94,140,140,140,140,140,140,140,27,0,89,170.4816740670207,78.45490000909194,2108.6113000055775,79.07407407407408
1790844166,1,GET,GET /inventory/{product_id},0.100000,0.000000,140,140,140,140,140,140,140,140,140,140,140,5,0,130,132.28744000662118,118.81260003428906,146.8726000166498,75.0
1790844166,1,POST,POST /events,0.800000,0.000000,89,91,94,94,94,94,94,94,94,94,94,23,0,88,175.02099564096525,78.45490000909194,2108.6113000055775,80.0
1790844166,1,,Aggregated,0.900000,0.000000,89,91,94,94,140,140,140,140,140,140,140,28,0,89,167.3900035634038,78.45490000909194,2108.6113000055775,79.10714285714286
1790844167,1,GET,GET /inventory/{product_id},0.100000,0.000000,140,140,140,140,140,140,140,140,140,140,140,5,0,130,132.28744000662118,118.81260003428906,146.8726000166498,75.0
1790844167,1,POST,POST /events,0.800000,0.000000,89,89,94,94,94,94,94,94,94,94,94,24,0,87,171.10421249041488,78.45490000909194,2108.6113000055775,80.0
1790844167,1,,Aggregated,0.900000,0.000000,89,89,94,94,140,140,140,140,140,140,140,29,0,89,164.41166551045046,78.45490000909194,2108.6113000055775,79.13793103448276
1790844168,1,GET,GET /inventory/{product_id},0.100000,0.000000,140,140,140,140,140,140,140,140,140,140,140,6,0,130,132.49285001074895,118.81260003428906,146.8726000166498,75.0
1790844168,1,POST,POST /events,0.800000,0.000000,87,89,89,89,94,94,94,94,94,94,94,24,0,87,171.10421249041488,78.45490000909194,2108.6113000055775,80.0
1790844168,1,,Aggregated,0.900000,0.000000,89,89,94,130,140,140,140,140,140,140,140,30,0,89,163.3819399944817,78.45490000909194,2108.6113000055775,79.0
1790844169,1,GET,GET /inventory/{product_id},0.100000,0.000000,140,140,140,140,140,140,140,140,140,140,140,6,0,130,132.49285001074895,118.81260003428906,146.8726000166498,75.0
1790844169,1,POST,POST /events,0.800000,0.000000,87,88,89,89,89,89,89,89,89,89,89,25,0,88,167.7768119913526,78.45490000909194,2108.6113000055775,80.0
1790844169,1,,Aggregated,0.900000,0.000000,88,89,89,130,140,140,140,140,140,140,140,31,0,89,160.94765805962285,78.45490000909194,2108.6113000055775,79.03225806451613
1790844170,1,GET,GET /inventory/{product_id},0.100000,0.000000,140,140,140,140,140,140,140,140,140,140,140,6,0,130,132.49285001074895,118.81260003428906,146.8726000166498,75.0
1790844170,1,POST,POST /events,0.800000,0.000000,87,87,88,88,89,89,89,89,89,89,89,25,0,88,167.7768119913526,78.45490000909194,2108.6113000055775,80.0
1790844170,1,,Aggregated,0.900000,0.000000,88,89,130,130,140,140,140,140,140,140,140,31,0,89,160.94765805962285,78.45490000909194,2108.6113000055775,79.03225806451613
1790844171,1,GET,GET /inventory/{product_id},0.200000,0.000000,140,140,140,140,140,140,140,140,140,140,140,6,0,130,132.49285001074895,118.81260003428906,146.8726000166498,75.0
1790844171,1,POST,POST /events,0.800000,0.000000,87,88,89,89,89,89,89,89,89,89,89,26,0,88,164.72901152939392,78.45490000909194,2108.6113000055775,80.0
1790844171,1,,Aggregated,1.000000,0.000000,89,89,130,130,140,140,140,140,140,140,140,32,0,89,158.684731244648,78.45490000909194,2108.6113000055775,79.0625
1790844172,1,GET,GET /inventory/{product_id},0.200000,0.000000,140,140,150,150,150,150,150,150,150,150,150,7,0,130,134.42585715425335,118.81260003428906,146.8726000166498,75.0
1790844172,1,POST,POST /events,0.700000,0.000000,88,88,89,89,89,89,89,89,89,89,89,26,0,88,164.72901152939392,78.45490000909194,2108.6113000055775,80.0
1790844172,1,,Aggregated,0.900000,0.000000,89,89,130,130,150,150,150,150,150,150,150,33,0,89,158.3010696922429,78.45490000909194,2108.6113000055775,78.93939393939394
1790844173,1,GET,GET /inventory/{product_id},0.200000,0.000000,140,140,150,150,150,150,150,150,150,150,150,7,0,130,134.42585715425335,118.81260003428906,146.8726000166498,75.0
1790844173,1,POST,POST /events,0.700000,0.000000,89,89,89,89,92,92,92,92,92,92,92,27,0,88,162.04628888172684,78.45490000909194,2108.6113000055775,80.0
1790844173,1,,Aggregated,0.900000,0.000000,89,92,130,130,150,150,150,150,150,150,150,34,0,89,156.35972940842348,78.45490000909194,2108.6113000055775,78.97058823529412
1790844174,1,GET,GET /inventory/{product_id},0.200000,0.000000,150,150,150,150,150,150,150,150,150,150,150,7,0,130,134.42585715425335,118.81260003428906,146.8726000166498,75.0
1790844174,1,POST,POST /events,0.700000,0.000000,89,89,91,91,92,92,92,92,92,92,92,28,0,88,159.52031070732377,78.45490000909194,2108.6113000055775,80.0
1790844174,1,,Aggregated,0.900000,0.000000,91,92,130,130,150,150,150,150,150,150,150,35,0,89,154.5014199967097,78.45490000909194,2108.6113000055775,79.0
1790844175,1,GET,GET /inventory/{product_id},0.300000,0.000000,150,150,150,150,150,150,150,150,150,150,150,7,0,130,134.42585715425335,118.81260003428906,146.8726000166498,75.0
1790844175,1,POST,POST /events,0.600000,0.000000,89,89,91,91,92,92,92,92,92,92,92,29,0,88,156.8462344765631,78.45490000909194,2108.6113000055775,80.0
1790844175,1,,Aggregated,0.900000,0.000000,91,92,130,130,150,150,150,150,150,150,150,36,0,89,152.48671666389177,78.45490000909194,2108.6113000055775,79.02777777777777
1790844176,1,GET,GET /inventory/{product_id},0.200000,0.000000,150,150,150,150,150,150,150,150,150,150,150,7,0,130,134.42585715425335,118.81260003428906,146.8726000166498,75.0
1790844176,1,POST,POST /events,0.700000,0.000000,88,89,91,91,92,92,92,92,92,92,92,30,0,88,154.55843999322192,78.45490000909194,2108.6113000055775,80.0
1790844176,1,,Aggregated,0.900000,0.000000,91,92,130,130,150,150,150,150,150,150,150,37,0,89,150.74957296963328,78.45490000909194,2108.6113000055775,79.05405405405405
1790844177,1,GET,GET /inventory/{product_id},0.200000,0.000000,150,150,150,150,150,150,150,150,150,150,150,7,0,130,134.42585715425335,118.81260003428906,146.8726000166498,75.0
1790844177,1,POST,POST /events,0.700000,0.000000,89,91,92,92,95,95,95,95,95,95,95,31,0,88,152.63096773396097,78.45490000909194,2108.6113000055775,80.0
1790844177,1,,Aggregated,0.900000,0.000000,91,92,95,130,150,150,150,150,150,150,150,38,0,89,149.27739473243588,78.45490000909194,2108.6113000055775,79.07894736842105
1790844178,1,GET,GET /inventory/{product_id},0.200000,0.000000,150,150,150,150,150,150,150,150,150,150,150,7,0,130,134.42585715425335,118.81260003428906,146.8726000166498,75.0
1790844178,1,POST,POST /events,0.700000,0.000000,89,91,92,92,95,95,95,95,95,95,95,32,0,88,150.3964624916989,78.45490000909194,2108.6113000055775,80.0
1790844178,1,,Aggregated,0.900000,0.000000,89,91,92,95,150,150,150,150,150,150,150,39,0,89,147.5299435849779,78.45490000909194,2108.6113000055775,79.1025641025641
1790844179,1,GET,GET /inventory/{product_id},0.200000,0.000000,150,150,150,150,150,150,150,150,150,150,150,8,0,130,135.1542875127052,118.81260003428906,146.8726000166498,75.0
1790844179,1,POST,POST /events,0.700000,0.000000,89,91,92,92,95,95,95,95,95,95,95,32,0,88,150.3964624916989,78.45490000909194,2108.6113000055775,80.0
1790844179,1,,Aggregated,0.900000,0.000000,91,92,95,140,150,150,150,150,150,150,150,40,0,89,147.34802749590017,78.45490000909194,2108.6113000055775,79.0
1790844180,1,GET,GET /inventory/{product_id},0.100000,0.000000,150,150,150,150,150,150,150,150,150,150,150,8,0,130,135.1542875127052,118.81260003428906,146.8726000166498,75.0
1790844180,1,POST,POST /events,0.800000,0.000000,91,92,95,95,150,150,150,150,150,150,150,33,0,88,150.3799757496877,78.45490000909194,2108.6113000055775,80.0
1790844180,1,,Aggregated,0.900000,0.000000,92,95,140,150,150,150,150,150,150,150,150,41,0,89,147.40910975222772,78.45490000909194,2108.6113000055775,79.02439024390245
1790844181,1,GET,GET /inventory/{product_id},0.100000,0.000000,150,150,150,150,150,150,150,150,150,150,150,8,0,130,135.1542875127052,118.81260003428906,146.8726000166498,75.0
1790844181,1,POST,POST /events,0.800000,0.000000,91,92,95,95,150,150,150,150,150,150,150,33,0,88,150.3799757496877,78.45490000909194,2108.6113000055775,80.0
1790844181,1,,Aggregated,0.900000,0.000000,92,95,140,140,150,150,150,150,150,150,150,41,0,89,147.40910975222772,78.45490000909194,2108.6113000055775,79.02439024390245
1790844182,1,GET,GET /inventory/{product_id},0.100000,0.000000,150,150,150,150,150,150,150,150,150,150,150,8,0,130,135.1542875127052,118.81260003428906,146.8726000166498,75.0
1790844182,1,POST,POST /events,0.800000,0.000000,88,91,95,95,150,150,150,150,150,150,150,34,0,88,148.3765735225889,78.45490000909194,2108.6113000055775,80.0
1790844182,1,,Aggregated,0.900000,0.000000,91,95,140,140,150,150,150,150,150,150,150,42,0,89,145.8580428540396,78.45490000909194,2108.6113000055775,79.04761904761905
1790844183,1,GET,GET /inventory/{product_id},0.200000,0.000000,150,150,150,150,150,150,150,150,150,150,150,8,0,130,135.1542875127052,118.81260003428906,146.8726000166498,75.0
1790844183,1,POST,POST /events,0.700000,0.000000,84,88,95,95,150,150,150,150,150,150,150,35,0,88,146.54087713653487,78.45490000909194,2108.6113000055775,80.0
1790844183,1,,Aggregated,0.900000,0.000000,88,95,140,140,150,150,150,150,150,150,150,43,0,89,144.42244185768286,78.45490000909194,2108.6113000055775,79.06976744186046
1790844184,1,GET,GET /inventory/{product_id},0.200000,0.000000,150,150,150,150,150,150,150,150,150,150,150,8,0,130,135.1542875127052,118.81260003428906,146.8726000166498,75.0
1790844184,1,POST,POST /events,0.700000,0.000000,84,88,95,95,150,150,150,150,150,150,150,36,0,88,144.6229583266864,77.49579998198897,2108.6113000055775,80.0
1790844184,1,,Aggregated,0.900000,0.000000,88,95,140,140,150,150,150,150,150,150,150,44,0,89,142.90138181505344,77.49579998198897,2108.6113000055775,79.0909090909091
1790844185,1,GET,GET /inventory/{product_id},0.100000,0.000000,140,140,140,140,140,140,140,140,140,140,140,8,0,130,135.1542875127052,118.81260003428906,146.8726000166498,75.0
1790844185,1,POST,POST /events,0.800000,0.000000,82,84,95,95,150,150,150,150,150,150,150,37,0,88,142.81774053469653,77.49579998198897,2108.6113000055775,80.0
1790844185,1,,Aggregated,0.900000,0.000000,84,95,140,140,150,150,150,150,150,150,150,45,0,89,141.4553488863425,77.49579998198897,2108.6113000055775,79.11111111111111
1790844186,1,GET,GET /inventory/{product_id},0.100000,0.000000,140,140,140,140,140,140,140,140,140,140,140,9,0,130,135.05333334776677,118.81260003428906,146.8726000166498,75.0
1790844186,1,POST,POST /events,0.800000,0.000000,82,82,84,84,150,150,150,150,150,150,150,37,0,88,142.81774053469653,77.49579998198897,2108.6113000055775,80.0
1790844186,1,,Aggregated,0.900000,0.000000,84,130,140,140,150,150,150,150,150,150,150,46,0,89,141.29861738942765,77.49579998198897,2108.6113000055775,79.02173913043478
1790844187,1,GET,GET /inventory/{product_id},0.100000,0.000000,140,140,140,140,140,140,140,140,140,140,140,9,0,130,135.05333334776677,118.81260003428906,146.8726000166498,75.0
1790844187,1,POST,POST /events,0.800000,0.000000,82,84,84,84,150,150,150,150,150,150,150,38,0,87,141.2786605207274,77.49579998198897,2108.6113000055775,80.0
1790844187,1,,Aggregated,0.900000,0.000000,84,84,130,140,150,150,150,150,150,150,150,47,0,89,140.08657659399026,77.49579998198897,2108.6113000055775,79.04255319148936
1790844188,1,GET,GET /inventory/{product_id},0.100000,0.000000,140,140,140,140,140,140,140,140,140,140,140,9,0,130,135.05333334776677,118.81260003428906,146.8726000166498,75.0
1790844188,1,POST,POST /events,0.800000,0.000000,84,84,89,89,150,150,150,150,150,150,150,39,0,88,139.93032820051152,77.49579998198897,2108.6113000055775,80.0
1790844188,1,,Aggregated,0.900000,0.000000,84,89,130,140,150,150,150,150,150,150,150,48,0,89,139.0158916656219,77.49579998198897,2108.6113000055775,79.0625
1790844189,1,GET,GET /inventory/{product_id},0.200000,0.000000,140,140,140,140,140,140,140,140,140,140,140,9,0,130,135.05333334776677,118.81260003428906,146.8726000166498,75.0
1790844189,1,POST,POST /events,0.700000,0.000000,84,89,92,92,150,150,150,150,150,150,150,40,0,88,138.72024499578401,77.49579998198897,2108.6113000055775,80.0
1790844189,1,,Aggregated,0.900000,0.000000,84,89,92,130,150,150,150,150,150,150,150,49,0,89,138.0467306114543,77.49579998198897,2108.6113000055775,79.08163265306122
1790844190,1,GET,GET /inventory/{product_id},0.200000,0.000000,140,140,140,140,140,140,140,140,140,140,140,9,0,130,135.05333334776677,118.81260003428906,146.8726000166498,75.0
1790844190,1,POST,POST /events,0.700000,0.000000,84,84,89,89,92,92,92,92,92,92,92,41,0,88,137.35039755645232,77.49579998198897,2108.6113000055775,80.0
1790844190,1,,Aggregated,0.900000,0.000000,84,84,89,92,130,130,130,130,130,130,130,50,0,89,136.9369259988889,77.49579998198897,2108.6113000055775,79.1
1790844191,1,GET,GET /inventory/{product_id},0.200000,0.000000,140,140,140,140,140,140,140,140,140,140,140,9,0,130,135.05333334776677,118.81260003428906,146.8726000166498,75.0
1790844191,1,POST,POST /events,0.800000,0.000000,84,84,89,89,92,92,92,92,92,92,92,42,0,87,135.7120904722251,68.54150001890957,2108.6113000055775,80.0
1790844191,1,,Aggregated,1.000000,0.000000,84,84,89,92,130,130,130,130,130,130,130,51,0,89,135.59583921496775,68.54150001890957,2108.6113000055775,79.11764705882354
1790844192,1,GET,GET /inventory/{product_id},0.100000,0.000000,130,130,130,130,130,130,130,130,130,130,130,9,0,130,135.05333334776677,118.81260003428906,146.8726000166498,75.0
1790844192,1,POST,POST /events,0.800000,0.000000,83,84,89,89,92,92,92,92,92,92,92,43,0,87,134.41234883354153,68.54150001890957,2108.6113000055775,80.0
1790844192,1,,Aggregated,0.900000,0.000000,83,84,89,92,130,130,130,130,130,130,130,52,0,89,134.5232884610036,68.54150001890957,2108.6113000055775,79.13461538461539
1790844193,1,GET,GET /inventory/{product_id},0.100000,0.000000,130,130,130,130,130,130,130,130,130,130,130,10,0,130,134.90741001442075,118.81260003428906,146.8726000166498,75.0
1790844193,1,POST,POST /events,0.800000,0.000000,83,84,89,89,92,92,92,92,92,92,92,43,0,87,134.41234883354153,68.54150001890957,2108.6113000055775,80.0
1790844193,1,,Aggregated,0.900000,0.000000,84,89,92,130,130,130,130,130,130,130,130,53,0,89,134.50575660351873,68.54150001890957,2108.6113000055775,79.05660377358491
1790844194,1,GET,GET /inventory/{product_id},0.100000,0.000000,130,130,130,130,130,130,130,130,130,130,130,10,0,130,134.90741001442075,118.81260003428906,146.8726000166498,75.0
1790844194,1,POST,POST /events,0.800000,0.000000,83,84,89,89,92,92,92,92,92,92,92,43,0,87,134.41234883354153,68.54150001890957,2108.6113000055775,80.0
1790844194,1,,Aggregated,0.900000,0.000000,89,92,130,130,130,130,130,130,130,130,130,53,0,89,134.50575660351873,68.54150001890957,2108.6113000055775,79.05660377358491
1790844195,1,GET,GET /inventory/{product_id},0.100000,0.000000,130,130,130,130,130,130,130,130,130,130,130,10,0,130,134.90741001442075,118.81260003428906,146.8726000166498,75.0
1790844195,1,POST,POST /events,0.800000,0.000000,84,89,89,89,92,92,92,92,92,92,92,44,0,87,133.37456590538338,68.54150001890957,2108.6113000055775,80.0
1790844195,1,,Aggregated,0.900000,0.000000,89,89,92,92,130,130,130,130,130,130,130,54,0,89,133.65842592557547,68.54150001890957,2108.6113000055775,79.07407407407408
1790844196,1,GET,GET /inventory/{product_id},0.100000,0.000000,130,130,130,130,130,130,130,130,130,130,130,11,0,130,134.37464546454564,118.81260003428906,146.8726000166498,75.0
1790844196,1,POST,POST /events,0.800000,0.000000,89,89,89,89,92,92,92,92,92,92,92,44,0,87,133.37456590538338,68.54150001890957,2108.6113000055775,80.0
1790844196,1,,Aggregated,0.900000,0.000000,89,92,130,130,130,130,130,130,130,130,130,55,0,89,133.57458181721583,68.54150001890957,2108.6113000055775,79.0
1790844197,1,GET,GET /inventory/{product_id},0.200000,0.000000,130,130,130,130,130,130,130,130,130,130,130,11,0,130,134.37464546454564,118.81260003428906,146.8726000166498,75.0
1790844197,1,POST,POST /events,0.700000,0.000000,89,89,91,91,92,92,92,92,92,92,92,45,0,88,132.4350266639764,68.54150001890957,2108.6113000055775,80.0
1790844197,1,,Aggregated,0.900000,0.000000,91,92,130,130,130,130,130,130,130,130,130,56,0,89,132.81602321408823,68.54150001890957,2108.6113000055775,79.01785714285714
1790844198,1,GET,GET /inventory/{product_id},0.200000,0.000000,130,130,130,130,130,130,130,130,130,130,130,11,0,130,134.37464546454564,118.81260003428906,146.8726000166498,75.0
1790844198,1,POST,POST /events,0.700000,0.000000,83,89,91,91,92,92,92,92,92,92,92,46,0,87,131.30414782410853,68.54150001890957,2108.6113000055775,80.0
1790844198,1,,Aggregated,0.900000,0.000000,89,91,92,130,130,130,130,130,130,130,130,57,0,89,131.89670000033323,68.54150001890957,2108.6113000055775,79.03508771929825
1790844199,1,GET,GET /inventory/{product_id},0.200000,0.000000,130,130,130,130,130,130,130,130,130,130,130,11,0,130,134.37464546454564,118.81260003428906,146.8726000166498,75.0
1790844199,1,POST,POST /events,0.700000,0.000000,83,87,89,89,91,91,91,91,91,91,91,47,0,87,130.35345531658248,68.54150001890957,2108.6113000055775,80.0
1790844199,1,,Aggregated,0.900000,0.000000,87,89,91,130,130,130,130,130,130,130,130,58,0,89,131.1160948274031,68.54150001890957,2108.6113000055775,79.05172413793103
1790844200,1,GET,GET /inventory/{product_id},0.200000,0.000000,130,130,130,130,130,130,130,130,130,130,130,11,0,130,134.37464546454564,118.81260003428906,146.8726000166498,75.0
1790844200,1,POST,POST /events,0.700000,0.000000,87,87,89,89,91,91,91,91,91,91,91,48,0,87,129.45067291487553,68.54150001890957,2108.6113000055775,80.0
1790844200,1,,Aggregated,0.900000,0.000000,87,89,91,130,130,130,130,130,130,130,130,59,0,89,130.36870169532247,68.54150001890957,2108.6113000055775,79.0677966101695
1790844201,1,GET,GET /inventory/{product_id},0.200000,0.000000,130,130,130,130,130,130,130,130,130,130,130,11,0,130,134.37464546454564,118.81260003428906,146.8726000166498,75.0
1790844201,1,POST,POST /events,0.700000,0.000000,87,87,89,89,91,91,91,91,91,91,91,49,0,87,128.26277550823073,68.54150001890957,2108.6113000055775,80.0
1790844201,1,,Aggregated,0.900000,0.000000,87,89,91,130,130,130,130,130,130,130,130,60,0,89,129.3832850002218,68.54150001890957,2108.6113000055775,79.08333333333333
1790844202,1,GET,GET /inventory/{product_id},0.200000,0.000000,130,130,130,130,130,130,130,130,130,130,130,11,0,130,134.37464546454564,118.81260003428906,146.8726000166498,75.0
1790844202,1,POST,POST /events,0.800000,0.000000,87,87,89,89,91,91,91,91,91,91,91,50,0,87,127.42357999784872,68.54150001890957,2108.6113000055775,80.0
1790844202,1,,Aggregated,1.000000,0.000000,87,89,91,130,130,130,130,130,130,130,130,61,0,89,128.6770508197121,68.54150001890957,2108.6113000055775,79.09836065573771
1790844203,1,GET,GET /inventory/{product_id},0.200000,0.000000,130,130,130,130,130,130,130,130,130,130,130,11,0,130,134.37464546454564,118.81260003428906,146.8726000166498,75.0
1790844203,1,POST,POST /events,0.700000,0.000000,87,87,89,89,91,91,91,91,91,91,91,51,0,87,126.25885882195743,68.0228000273928,2108.6113000055775,80.0
1790844203,1,,Aggregated,0.900000,0.000000,87,87,89,91,130,130,130,130,130,130,130,62,0,88,127.69875645209405,68.0228000273928,2108.6113000055775,79.11290322580645
1790844204,1,GET,GET /inventory/{product_id},0.200000,0.000000,130,130,130,130,130,130,130,130,130,130,130,12,0,130,133.93815834327447,118.81260003428906,146.8726000166498,75.0
1790844204,1,POST,POST /events,0.700000,0.000000,87,87,89,89,91,91,91,91,91,91,91,51,0,87,126.25885882195743,68.0228000273928,2108.6113000055775,80.0
1790844204,1,,Aggregated,0.900000,0.000000,87,87,91,130,130,130,130,130,130,130,130,63,0,89,127.72158254030353,68.0228000273928,2108.6113000055775,79.04761904761905
1790844205,1,GET,GET /inventory/{product_id},0.200000,0.000000,130,130,130,130,130,130,130,130,130,130,130,12,0,130,133.93815834327447,118.81260003428906,146.8726000166498,75.0
1790844205,1,POST,POST /events,0.700000,0.000000,86,87,87,87,91,91,91,91,91,91,91,51,0,87,126.25885882195743,68.0228000273928,2108.6113000055775,80.0
1790844205,1,,Aggregated,0.900000,0.000000,87,87,91,91,130,130,130,130,130,130,130,63,0,89,127.72158254030353,68.0228000273928,2108.6113000055775,79.04761904761905
1790844206,1,GET,GET /inventory/{product_id},0.200000,0.000000,130,130,140,140,140,140,140,140,140,140,140,13,0,130,134.68122308572325,118.81260003428906,146.8726000166498,75.0
1790844206,1,POST,POST /events,0.700000,0.000000,86,86,87,87,87,87,87,87,87,87,87,51,0,87,126.25885882195743,68.0228000273928,2108.6113000055775,80.0
1790844206,1,,Aggregated,0.900000,0.000000,87,87,130,130,140,140,140,140,140,140,140,64,0,89,127.96965156303486,68.0228000273928,2108.6113000055775,78.984375
1790844207,1,GET,GET /inventory/{product_id},0.100000,0.000000,130,130,140,140,140,140,140,140,140,140,140,13,0,130,134.68122308572325,118.81260003428906,146.8726000166498,75.0
1790844207,1,POST,POST /events,0.800000,0.000000,86,86,87,87,87,87,87,87,87,87,87,52,0,87,125.45315961380346,68.0228000273928,2108.6113000055775,80.0
1790844207,1,,Aggregated,0.900000,0.000000,87,87,130,130,140,140,140,140,140,140,140,65,0,89,127.29877230818741,68.0228000273928,2108.6113000055775,79.0
1790844208,1,GET,GET /inventory/{product_id},0.200000,0.000000,130,130,140,140,140,140,140,140,140,140,140,13,0,130,134.68122308572325,118.81260003428906,146.8726000166498,75.0
1790844208,1,POST,POST /events,0.700000,0.000000,84,84,86,86,87,87,87,87,87,87,87,53,0,87,124.56368112976153,68.0228000273928,2108.6113000055775,80.0
1790844208,1,,Aggregated,0.900000,0.000000,86,87,130,130,140,140,140,140,140,140,140,66,0,88,126.5565303029055,68.0228000273928,2108.6113000055775,79.01515151515152
1790844209,1,GET,GET /inventory/{product_id},0.200000,0.000000,130,130,140,140,140,140,140,140,140,140,140,14,0,130,134.25716429732606,118.81260003428906,146.8726000166498,75.0
1790844209,1,POST,POST /events,0.700000,0.000000,84,84,86,86,87,87,87,87,87,87,87,53,0,87,124.56368112976153,68.0228000273928,2108.6113000055775,80.0
1790844209,1,,Aggregated,0.900000,0.000000,86,87,130,130,140,140,140,140,140,140,140,67,0,89,126.58918507522277,68.0228000273928,2108.6113000055775,78.95522388059702
1790844210,1,GET,GET /inventory/{product_id},0.200000,0.000000,140,140,150,150,150,150,150,150,150,150,150,15,0,130,135.3540866752155,118.81260003428906,150.71099996566772,75.0
1790844210,1,POST,POST /events,0.700000,0.000000,78,84,84,86,86,86,86,86,86,86,86,53,0,87,124.56368112976153,68.0228000273928,2108.6113000055775,80.0
1790844210,1,,Aggregated,0.900000,0.000000,86,130,130,140,150,150,150,150,150,150,150,68,0,89,126.94391764714109,68.0228000273928,2108.6113000055775,78.8970588235294
1790844211,1,GET,GET /inventory/{product_id},0.300000,0.000000,140,140,150,150,150,150,150,150,150,150,150,15,0,130,135.3540866752155,118.81260003428906,150.71099996566772,75.0
1790844211,1,POST,POST /events,0.600000,0.000000,80,84,84,86,86,86,86,86,86,86,86,54,0,86,123.74623518337978,68.0228000273928,2108.6113000055775,80.0
1790844211,1,,Aggregated,0.900000,0.000000,86,130,130,140,150,150,150,150,150,150,150,69,0,89,126.26968115986581,68.0228000273928,2108.6113000055775,78.91304347826087
1790844212,1,GET,GET /inventory/{product_id},0.300000,0.000000,140,140,150,150,150,150,150,150,150,150,150,15,0,130,135.3540866752155,118.81260003428906,150.71099996566772,75.0
1790844212,1,POST,POST /events,0.500000,0.000000,80,84,84,85,85,85,85,85,85,85,85,55,0,86,123.04212727097116,68.0228000273928,2108.6113000055775,80.0
1790844212,1,,Aggregated,0.800000,0.000000,85,130,130,140,150,150,150,150,150,150,150,70,0,88,125.6804042861664,68.0228000273928,2108.6113000055775,78.92857142857143
1790844213,1,GET,GET /inventory/{product_id},0.400000,0.000000,140,140,150,150,150,150,150,150,150,150,150,15,0,130,135.3540866752155,118.81260003428906,150.71099996566772,75.0
1790844213,1,POST,POST /events,0.500000,0.000000,81,81,84,84,85,85,85,85,85,85,85,56,0,86,122.29022499897317,68.0228000273928,2108.6113000055775,80.0
1790844213,1,,Aggregated,0.900000,0.000000,85,130,130,140,150,150,150,150,150,150,150,71,0,88,125.0501957756441,68.0228000273928,2108.6113000055775,78.94366197183099
1790844214,1,GET,GET /inventory/{product_id},0.400000,0.000000,140,140,150,150,150,150,150,150,150,150,150,15,0,130,135.3540866752155,118.81260003428906,150.71099996566772,75.0
1790844214,1,POST,POST /events,0.500000,0.000000,81,81,84,84,85,85,85,85,85,85,85,57,0,86,121.36277192876788,68.0228000273928,2108.6113000055775,80.0
1790844214,1,,Aggregated,0.900000,0.000000,84,85,130,140,150,150,150,150,150,150,150,72,0,88,124.27762916761114,68.0228000273928,2108.6113000055775,78.95833333333333
1790844215,1,GET,GET /inventory/{product_id},0.400000,0.000000,140,140,150,150,150,150,150,150,150,150,150,16,0,130,135.2386937578558,118.81260003428906,150.71099996566772,75.0
1790844215,1,POST,POST /events,0.500000,0.000000,81,81,84,84,85,85,85,85,85,85,85,57,0,86,121.36277192876788,68.0228000273928,2108.6113000055775,80.0
1790844215,1,,Aggregated,0.900000,0.000000,84,85,130,130,150,150,150,150,150,150,150,73,0,88,124.40406986391044,68.0228000273928,2108.6113000055775,78.9041095890411
1790844216,1,GET,GET /inventory/{product_id},0.400000,0.000000,130,130,150,150,150,150,150,150,150,150,150,16,0,130,135.2386937578558,118.81260003428906,150.71099996566772,75.0
1790844216,1,POST,POST /events,0.500000,0.000000,80,81,81,85,85,85,85,85,85,85,85,57,0,86,121.36277192876788,68.0228000273928,2108.6113000055775,80.0
1790844216,1,,Aggregated,0.900000,0.000000,85,130,130,130,150,150,150,150,150,150,150,73,0,88,124.40406986391044,68.0228000273928,2108.6113000055775,78.9041095890411
1790844217,1,GET,GET /inventory/{product_id},0.400000,0.000000,130,130,150,150,150,150,150,150,150,150,150,16,0,130,135.2386937578558,118.81260003428906,150.71099996566772,75.0
1790844217,1,POST,POST /events,0.500000,0.000000,81,81,85,85,87,87,87,87,87,87,87,58,0,86,120.76613103372752,68.0228000273928,2108.6113000055775,80.0
1790844217,1,,Aggregated,0.900000,0.000000,87,130,130,130,150,150,150,150,150,150,150,74,0,88,123.89533378489038,68.0228000273928,2108.6113000055775,78.91891891891892
1790844218,1,GET,GET /inventory/{product_id},0.300000,0.000000,130,130,150,150,150,150,150,150,150,150,150,16,0,130,135.2386937578558,118.81260003428906,150.71099996566772,75.0
1790844218,1,POST,POST /events,0.600000,0.000000,80,81,85,85,87,87,87,87,87,87,87,59,0,86,120.06117118487008,68.0228000273928,2108.6113000055775,80.0
1790844218,1,,Aggregated,0.900000,0.000000,85,87,130,130,150,150,150,150,150,150,150,75,0,88,123.29904266710703,68.0228000273928,2108.6113000055775,78.93333333333334
1790844219,1,GET,GET /inventory/{product_id},0.300000,0.000000,130,130,150,150,150,150,150,150,150,150,150,17,0,130,135.10063530274613,118.81260003428906,150.71099996566772,75.0
1790844219,1,POST,POST /events,0.600000,0.000000,81,81,85,85,87,87,87,87,87,87,87,59,0,86,120.06117118487008,68.0228000273928,2108.6113000055775,80.0
1790844219,1,,Aggregated,0.900000,0.000000,85,87,130,130,150,150,150,150,150,150,150,76,0,88,123.42526184281604,68.0228000273928,2108.6113000055775,78.88157894736842
1790844220,1,GET,GET /inventory/{product_id},0.300000,0.000000,130,130,150,150,150,150,150,150,150,150,150,18,0,130,134.54531111832088,118.81260003428906,150.71099996566772,75.0
1790844220,1,POST,POST /events,0.600000,0.000000,81,81,85,85,87,87,87,87,87,87,87,59,0,86,120.06117118487008,68.0228000273928,2108.6113000055775,80.0
1790844220,1,,Aggregated,0.900000,0.000000,85,87,130,130,130,130,130,130,130,130,130,77,0,88,123.44707402645598,68.0228000273928,2108.6113000055775,78.83116883116882
1790844221,1,GET,GET /inventory/{product_id},0.300000,0.000000,130,130,150,150,150,150,150,150,150,150,150,18,0,130,134.54531111832088,118.81260003428906,150.71099996566772,75.0
1790844221,1,POST,POST /events,0.600000,0.000000,85,85,87,87,87,87,87,87,87,87,87,60,0,86,119.50309166568331,68.0228000273928,2108.6113000055775,80.0
1790844221,1,,Aggregated,0.900000,0.000000,87,87,130,130,130,130,130,130,130,130,130,78,0,88,122.97437307783045,68.0228000273928,2108.6113000055775,78.84615384615384
1790844222,1,GET,GET /inventory/{product_id},0.400000,0.000000,130,130,130,130,130,130,130,130,130,130,130,19,0,130,134.2819631651142,118.81260003428906,150.71099996566772,75.0
1790844222,1,POST,POST /events,0.600000,0.000000,81,87,87,87,87,87,87,87,87,87,87,60,0,86,119.50309166568331,68.0228000273928,2108.6113000055775,80.0
1790844222,1,,Aggregated,1.000000,0.000000,87,130,130,130,130,130,130,130,130,130,130,79,0,88,123.05750379845783,68.0228000273928,2108.6113000055775,78.79746835443038
1790844223,1,GET,GET /inventory/{product_id},0.300000,0.000000,130,130,130,130,130,130,130,130,130,130,130,19,0,130,134.2819631651142,118.81260003428906,150.71099996566772,75.0
1790844223,1,POST,POST /events,0.600000,0.000000,79,87,87,87,87,87,87,87,87,87,87,61,0,86,118.69949836009106,68.0228000273928,2108.6113000055775,80.0
1790844223,1,,Aggregated,0.900000,0.000000,87,130,130,130,130,130,130,130,130,130,130,80,0,88,122.40033375128405,68.0228000273928,2108.6113000055775,78.8125
1790844224,1,GET,GET /inventory/{product_id},0.300000,0.000000,130,130,130,130,130,130,130,130,130,130,130,19,0,130,134.2819631651142,118.81260003428906,150.71099996566772,75.0
1790844224,1,POST,POST /events,0.600000,0.000000,81,81,87,87,87,87,87,87,87,87,87,62,0,85,118.08375967666507,68.0228000273928,2108.6113000055775,80.0
1790844224,1,,Aggregated,0.900000,0.000000,87,130,130,130,130,130,130,130,130,130,130,81,0,88,121.88333827272103,68.0228000273928,2108.6113000055775,78.82716049382717
1790844225,1,GET,GET /inventory/{product_id},0.400000,0.000000,130,130,130,130,130,130,130,130,130,130,130,19,0,130,134.2819631651142,118.81260003428906,150.71099996566772,75.0
1790844225,1,POST,POST /events,0.500000,0.000000,81,81,87,87,87,87,87,87,87,87,87,63,0,85,117.40498730103441,68.0228000273928,2108.6113000055775,80.0
1790844225,1,,Aggregated,0.900000,0.000000,87,87,130,130,130,130,130,130,130,130,130,82,0,88,121.315506098809,68.0228000273928,2108.6113000055775,78.84146341463415
1790844226,1,GET,GET /inventory/{product_id},0.400000,0.000000,130,130,130,130,130,130,130,130,130,130,130,19,0,130,134.2819631651142,118.81260003428906,150.71099996566772,75.0
1790844226,1,POST,POST /events,0.500000,0.000000,81,81,87,87,90,90,90,90,90,90,90,64,0,85,116.97233593713463,68.0228000273928,2108.6113000055775,80.0
1790844226,1,,Aggregated,0.900000,0.000000,87,90,130,130,130,130,130,130,130,130,130,83,0,88,120.93478072426248,68.0228000273928,2108.6113000055775,78.855421686747
1790844227,1,GET,GET /inventory/{product_id},0.400000,0.000000,130,130,130,130,130,130,130,130,130,130,130,19,0,130,134.2819631651142,118.81260003428906,150.71099996566772,75.0
1790844227,1,POST,POST /events,0.500000,0.000000,81,84,87,87,90,90,90,90,90,90,90,65,0,85,116.45809538357963,68.0228000273928,2108.6113000055775,80.0
1790844227,1,,Aggregated,0.900000,0.000000,87,90,130,130,130,130,130,130,130,130,130,84,0,88,120.48968452464102,68.0228000273928,2108.6113000055775,78.86904761904762
1790844228,1,GET,GET /inventory/{product_id},0.400000,0.000000,130,130,130,130,130,130,130,130,130,130,130,19,0,130,134.2819631651142,118.81260003428906,150.71099996566772,75.0
1790844228,1,POST,POST /events,0.500000,0.000000,81,84,87,87,90,90,90,90,90,90,90,65,0,85,116.45809538357963,68.0228000273928,2108.6113000055775,80.0
1790844228,1,,Aggregated,0.900000,0.000000,87,90,130,130,130,130,130,130,130,130,130,84,0,88,120.48968452464102,68.0228000273928,2108.6113000055775,78.86904761904762
1790844229,1,GET,GET /inventory/{product_id},0.300000,0.000000,130,130,130,130,130,130,130,130,130,130,130,19,0,130,134.2819631651142,118.81260003428906,150.71099996566772,75.0
1790844229,1,POST,POST /events,0.600000,0.000000,81,84,87,87,90,90,90,90,90,90,90,66,0,84,115.7866075747844,68.0228000273928,2108.6113000055775,80.0
1790844229,1,,Aggregated,0.900000,0.000000,84,87,90,130,130,130,130,130,130,130,130,85,0,88,119.92086353026988,68.0228000273928,2108.6113000055775,78.88235294117646
1790844230,1,GET,GET /inventory/{product_id},0.300000,0.000000,130,130,130,130,130,130,130,130,130,130,130,19,0,130,134.2819631651142,118.81260003428906,150.71099996566772,75.0
1790844230,1,POST,POST /events,0.600000,0.000000,81,84,87,87,90,90,90,90,90,90,90,67,0,84,115.21869701413272,68.0228000273928,2108.6113000055775,80.0
1790844230,1,,Aggregated,0.900000,0.000000,81,84,87,90,130,130,130,130,130,130,130,86,0,87,119.43034883818676,68.0228000273928,2108.6113000055775,78.8953488372093
1790844231,1,GET,GET /inventory/{product_id},0.300000,0.000000,130,130,130,130,130,130,130,130,130,130,130,19,0,130,134.2819631651142,118.81260003428906,150.71099996566772,75.0
1790844231,1,POST,POST /events,0.600000,0.000000,81,84,87,87,90,90,90,90,90,90,90,68,0,84,114.80954117552541,68.0228000273928,2108.6113000055775,80.0
1790844231,1,,Aggregated,0.900000,0.000000,81,84,87,90,130,130,130,130,130,130,130,87,0,87,119.06213908129767,68.0228000273928,2108.6113000055775,78.9080459770115
1790844232,1,GET,GET /inventory/{product_id},0.100000,0.000000,130,130,130,130,130,130,130,130,130,130,130,20,0,130,133.97440000553615,118.81260003428906,150.71099996566772,75.0
1790844232,1,POST,POST /events,0.800000,0.000000,81,84,87,87,90,90,90,90,90,90,90,68,0,84,114.80954117552541,68.0228000273928,2108.6113000055775,80.0
1790844232,1,,Aggregated,0.900000,0.000000,81,84,87,90,130,130,130,130,130,130,130,88,0,87,119.16519090961877,68.0228000273928,2108.6113000055775,78.86363636363636
1790844233,1,GET,GET /inventory/{product_id},0.100000,0.000000,130,130,130,130,130,130,130,130,130,130,130,20,0,130,133.97440000553615,118.81260003428906,150.71099996566772,75.0
1790844233,1,POST,POST /events,0.900000,0.000000,82,84,87,87,90,90,90,90,90,90,90,69,0,84,114.32939854980297,68.0228000273928,2108.6113000055775,80.0
1790844233,1,,Aggregated,1.000000,0.000000,82,84,87,90,130,130,130,130,130,130,130,89,0,87,118.74400561850706,68.0228000273928,2108.6113000055775,78.87640449438203
1790844234,1,GET,GET /inventory/{product_id},0.100000,0.000000,130,130,130,130,130,130,130,130,130,130,130,20,0,130,133.97440000553615,118.81260003428906,150.71099996566772,75.0
1790844234,1,POST,POST /events,0.800000,0.000000,82,84,87,87,90,90,90,90,90,90,90,70,0,84,113.69638285666171,68.0228000273928,2108.6113000055775,80.0
1790844234,1,,Aggregated,0.900000,0.000000,82,84,87,90,130,130,130,130,130,130,130,90,0,87,118.20260888974492,68.0228000273928,2108.6113000055775,78.88888888888889
1790844235,1,GET,GET /inventory/{product_id},0.100000,0.000000,130,130,130,130,130,130,130,130,130,130,130,20,0,130,133.97440000553615,118.81260003428906,150.71099996566772,75.0
1790844235,1,POST,POST /events,0.800000,0.000000,82,84,87,87,90,90,90,90,90,90,90,71,0,84,113.08403661914012,68.0228000273928,2108.6113000055775,80.0
1790844235,1,,Aggregated,0.900000,0.000000,82,84,87,90,130,130,130,130,130,130,130,91,0,87,117.6753252754909,68.0228000273928,2108.6113000055775,78.9010989010989
1790844236,1,GET,GET /inventory/{product_id},0.100000,0.000000,130,130,130,130,130,130,130,130,130,130,130,20,0,130,133.97440000553615,118.81260003428906,150.71099996566772,75.0
1790844236,1,POST,POST /events,0.800000,0.000000,82,84,87,87,90,90,90,90,90,90,90,72,0,84,112.7570402774533,68.0228000273928,2108.6113000055775,80.0
1790844236,1,,Aggregated,0.900000,0.000000,82,84,87,90,130,130,130,130,130,130,130,92,0,87,117.36950978355826,68.0228000273928,2108.6113000055775,78.91304347826087
1790844237,1,GET,GET /inventory/{product_id},0.100000,0.000000,130,130,130,130,130,130,130,130,130,130,130,21,0,130,133.845757147009,118.81260003428906,150.71099996566772,75.0
1790844237,1,POST,POST /events,0.800000,0.000000,78,82,87,87,90,90,90,90,90,90,90,72,0,84,112.7570402774533,68.0228000273928,2108.6113000055775,80.0
1790844237,1,,Aggregated,0.900000,0.000000,82,87,90,130,130,130,130,130,130,130,130,93,0,87,117.51900860283683,68.0228000273928,2108.6113000055775,78.87096774193549
1790844238,1,GET,GET /inventory/{product_id},0.100000,0.000000,130,130,130,130,130,130,130,130,130,130,130,21,0,130,133.845757147009,118.81260003428906,150.71099996566772,75.0
1790844238,1,POST,POST /events,0.800000,0.000000,78,82,87,87,90,90,90,90,90,90,90,73,0,84,112.16797397235945,68.0228000273928,2108.6113000055775,80.0
1790844238,1,,Aggregated,0.900000,0.000000,82,87,90,130,130,130,130,130,130,130,130,94,0,87,117.010882979462,68.0228000273928,2108.6113000055775,78.88297872340425
1790844239,1,GET,GET /inventory/{product_id},0.100000,0.000000,130,130,130,130,130,130,130,130,130,130,130,21,0,130,133.845757147009,118.81260003428906,150.71099996566772,75.0
1790844239,1,POST,POST /events,0.800000,0.000000,79,82,87,87,90,90,90,90,90,90,90,74,0,84,111.72567297251442,68.0228000273928,2108.6113000055775,80.0
1790844239,1,,Aggregated,0.900000,0.000000,82,87,90,130,130,130,130,130,130,130,130,95,0,87,116.61537579003428,68.0228000273928,2108.6113000055775,78.89473684210526
1790844240,1,GET,GET /inventory/{product_id},0.200000,0.000000,130,130,130,130,130,130,130,130,130,130,130,21,0,130,133.845757147009,118.81260003428906,150.71099996566772,75.0
1790844240,1,POST,POST /events,0.700000,0.000000,82,82,87,87,90,90,90,90,90,90,90,75,0,84,111.33030933250363,68.0228000273928,2108.6113000055775,80.0
1790844240,1,,Aggregated,0.900000,0.000000,82,87,90,130,130,130,130,130,130,130,130,96,0,87,116.25556354192668,68.0228000273928,2108.6113000055775,78.90625
1790844241,1,GET,GET /inventory/{product_id},0.200000,0.000000,130,130,130,130,130,130,130,130,130,130,130,21,0,130,133.845757147009,118.81260003428906,150.71099996566772,75.0
1790844241,1,POST,POST /events,0.700000,0.000000,79,82,82,82,90,90,90,90,90,90,90,75,0,84,111.33030933250363,68.0228000273928,2108.6113000055775,80.0
1790844241,1,,Aggregated,0.900000,0.000000,82,82,90,130,130,130,130,130,130,130,130,96,0,87,116.25556354192668,68.0228000273928,2108.6113000055775,78.90625
1790844242,1,GET,GET /inventory/{product_id},0.200000,0.000000,130,130,130,130,130,130,130,130,130,130,130,21,0,130,133.845757147009,118.81260003428906,150.71099996566772,75.0
1790844242,1,POST,POST /events,0.700000,0.000000,82,82,84,84,90,90,90,90,90,90,90,76,0,84,110.97592631535679,68.0228000273928,2108.6113000055775,80.0
1790844242,1,,Aggregated,0.900000,0.000000,82,82,84,90,130,130,130,130,130,130,130,97,0,87,115.92712680468355,68.0228000273928,2108.6113000055775,78.91752577319588
1790844243,1,GET,GET /inventory/{product_id},0.200000,0.000000,130,130,130,130,130,130,130,130,130,130,130,21,0,130,133.845757147009,118.81260003428906,150.71099996566772,75.0
1790844243,1,POST,POST /events,0.700000,0.000000,82,84,87,87,90,90,90,90,90,90,90,77,0,84,110.6682818174338,68.0228000273928,2108.6113000055775,80.0
1790844243,1,,Aggregated,0.900000,0.000000,82,84,87,90,130,130,130,130,130,130,130,98,0,87,115.63488367377134,68.0228000273928,2108.6113000055775,78.92857142857143
1790844244,1,GET,GET /inventory/{product_id},0.200000,0.000000,130,130,130,130,130,130,130,130,130,130,130,21,0,130,133.845757147009,118.81260003428906,150.71099996566772,75.0
1790844244,1,POST,POST /events,0.800000,0.000000,83,84,87,87,90,90,90,90,90,90,90,78,0,84,110.30744743542388,68.0228000273928,2108.6113000055775,80.0
1790844244,1,,Aggregated,1.000000,0.000000,83,84,87,90,130,130,130,130,130,130,130,99,0,87,115.30042222272981,68.0228000273928,2108.6113000055775,78.93939393939394
1790844245,1,GET,GET /inventory/{product_id},0.100000,0.000000,140,140,140,140,140,140,140,140,140,140,140,22,0,130,134.2824409128463,118.81260003428906,150.71099996566772,75.0
1790844245,1,POST,POST /events,0.900000,0.000000,83,84,87,87,90,90,90,90,90,90,90,78,0,84,110.30744743542388,68.0228000273928,2108.6113000055775,80.0
1790844245,1,,Aggregated,1.000000,0.000000,84,87,90,130,140,140,140,140,140,140,140,100,0,87,115.58194600045681,68.0228000273928,2108.6113000055775,78.9
1790844246,1,GET,GET /inventory/{product_id},0.100000,0.000000,140,140,140,140,140,140,140,140,140,140,140,22,0,130,134.2824409128463,118.81260003428906,150.71099996566772,75.0
1790844246,1,POST,POST /events,0.800000,0.000000,83,84,87,87,90,90,90,90,90,90,90,79,0,84,109.93083923999102,68.0228000273928,2108.6113000055775,80.0
1790844246,1,,Aggregated,0.900000,0.000000,83,84,87,130,140,140,140,140,140,140,140,101,0,87,115.23514851526643,68.0228000273928,2108.6113000055775,78.91089108910892
1790844247,1,GET,GET /inventory/{product_id},0.100000,0.000000,140,140,140,140,140,140,140,140,140,140,140,22,0,130,134.2824409128463,118.81260003428906,150.71099996566772,75.0
1790844247,1,POST,POST /events,0.800000,0.000000,83,84,87,87,100,100,100,100,100,100,100,80,0,84,109.83060249927803,68.0228000273928,2108.6113000055775,80.0
1790844247,1,,Aggregated,0.900000,0.000000,83,84,87,100,140,140,140,140,140,140,140,102,0,87,115.10452843161629,68.0228000273928,2108.6113000055775,78.92156862745098
1790844248,1,GET,GET /inventory/{product_id},0.200000,0.000000,140,140,140,140,140,140,140,140,140,140,140,22,0,130,134.2824409128463,118.81260003428906,150.71099996566772,75.0
1790844248,1,POST,POST /events,0.700000,0.000000,83,84,87,87,100,100,100,100,100,100,100,81,0,84,109.44266172764064,68.0228000273928,2108.6113000055775,80.0
1790844248,1,,Aggregated,0.900000,0.000000,83,84,87,100,140,140,140,140,140,140,140,103,0,87,114.7482456312768,68.0228000273928,2108.6113000055775,78.93203883495146
1790844249,1,GET,GET /inventory/{product_id},0.200000,0.000000,140,140,140,140,140,140,140,140,140,140,140,22,0,130,134.2824409128463,118.81260003428906,150.71099996566772,75.0
1790844249,1,POST,POST /events,0.700000,0.000000,83,84,87,87,100,100,100,100,100,100,100,82,0,84,109.04733292622174,68.0228000273928,2108.6113000055775,80.0
1790844249,1,,Aggregated,0.900000,0.000000,83,84,87,100,140,140,140,140,140,140,140,104,0,87,114.38552884646924,68.0228000273928,2108.6113000055775,78.9423076923077
1790844250,1,GET,GET /inventory/{product_id},0.100000,0.000000,130,130,140,140,140,140,140,140,140,140,140,23,0,130,134.17526956839973,118.81260003428906,150.71099996566772,75.0
1790844250,1,POST,POST /events,0.800000,0.000000,83,84,87,87,100,100,100,100,100,100,100,82,0,84,109.04733292622174,68.0228000273928,2108.6113000055775,80.0
1790844250,1,,Aggregated,0.900000,0.000000,84,87,100,130,140,140,140,140,140,140,140,105,0,87,114.55154761927025,68.0228000273928,2108.6113000055775,78.9047619047619
1790844251,1,GET,GET /inventory/{product_id},0.100000,0.000000,140,140,140,140,140,140,140,140,140,140,140,23,0,130,134.17526956839973,118.81260003428906,150.71099996566772,75.0
1790844251,1,POST,POST /events,0.800000,0.000000,81,83,87,87,100,100,100,100,100,100,100,83,0,84,108.68611445731808,68.0228000273928,2108.6113000055775,80.0
1790844251,1,,Aggregated,0.900000,0.000000,83,87,100,130,140,140,140,140,140,140,140,106,0,87,114.21678018896787,68.0228000273928,2108.6113000055775,78.91509433962264
1790844252,1,GET,GET /inventory/{product_id},0.100000,0.000000,140,140,140,140,140,140,140,140,140,140,140,23,0,130,134.17526956839973,118.81260003428906,150.71099996566772,75.0
1790844252,1,POST,POST /events,0.800000,0.000000,81,83,87,87,100,100,100,100,100,100,100,83,0,84,108.68611445731808,68.0228000273928,2108.6113000055775,80.0
1790844252,1,,Aggregated,0.900000,0.000000,83,87,100,130,140,140,140,140,140,140,140,106,0,87,114.21678018896787,68.0228000273928,2108.6113000055775,78.91509433962264
1790844253,1,GET,GET /inventory/{product_id},0.100000,0.000000,130,130,140,140,140,140,140,140,140,140,140,24,0,130,133.8712208356204,118.81260003428906,150.71099996566772,75.0
1790844253,1,POST,POST /events,0.800000,0.000000,81,81,83,83,100,100,100,100,100,100,100,83,0,84,108.68611445731808,68.0228000273928,2108.6113000055775,80.0
1790844253,1,,Aggregated,0.900000,0.000000,83,100,130,130,140,140,140,140,140,140,140,107,0,87,114.33511028048869,68.0228000273928,2108.6113000055775,78.8785046728972
1790844254,1,GET,GET /inventory/{product_id},0.200000,0.000000,130,130,140,140,140,140,140,140,140,140,140,24,0,130,133.8712208356204,118.81260003428906,150.71099996566772,75.0
1790844254,1,POST,POST /events,0.700000,0.000000,81,82,83,83,100,100,100,100,100,100,100,84,0,84,108.37352619065703,68.0228000273928,2108.6113000055775,80.0
1790844254,1,,Aggregated,0.900000,0.000000,82,100,130,130,140,140,140,140,140,140,140,108,0,87,114.03968055620444,68.0228000273928,2108.6113000055775,78.88888888888889
1790844255,1,GET,GET /inventory/{product_id},0.300000,0.000000,130,130,140,140,140,140,140,140,140,140,140,24,0,130,133.8712208356204,118.81260003428906,150.71099996566772,75.0
1790844255,1,POST,POST /events,0.600000,0.000000,81,82,93,93,100,100,100,100,100,100,100,85,0,84,108.18852352950832,68.0228000273928,2108.6113000055775,80.0
1790844255,1,,Aggregated,0.900000,0.000000,82,93,100,130,130,130,130,130,130,130,130,109,0,87,113.84342935837702,68.0228000273928,2108.6113000055775,78.89908256880734
1790844256,1,GET,GET /inventory/{product_id},0.300000,0.000000,140,140,150,150,150,150,150,150,150,150,150,25,0,130,134.35475200181827,118.81260003428906,150.71099996566772,75.0
1790844256,1,POST,POST /events,0.700000,0.000000,82,82,93,93,100,100,100,100,100,100,100,85,0,84,108.18852352950832,68.0228000273928,2108.6113000055775,80.0
1790844256,1,,Aggregated,1.000000,0.000000,93,100,130,130,150,150,150,150,150,150,150,110,0,87,114.13539363685149,68.0228000273928,2108.6113000055775,78.86363636363636
1790844257,1,GET,GET /inventory/{product_id},0.300000,0.000000,130,130,150,150,150,150,150,150,150,150,150,25,0,130,134.35475200181827,118.81260003428906,150.71099996566772,75.0
1790844257,1,POST,POST /events,0.600000,0.000000,82,82,85,85,93,93,93,93,93,93,93,86,0,84,107.92070581390912,68.0228000273928,2108.6113000055775,80.0
1790844257,1,,Aggregated,0.900000,0.000000,85,93,130,130,150,150,150,150,150,150,150,111,0,87,113.87431982019497,68.0228000273928,2108.6113000055775,78.87387387387388
1790844258,1,GET,GET /inventory/{product_id},0.200000,0.000000,130,130,150,150,150,150,150,150,150,150,150,25,0,130,134.35475200181827,118.81260003428906,150.71099996566772,75.0
1790844258,1,POST,POST /events,0.700000,0.000000,82,82,85,85,93,93,93,93,93,93,93,87,0,84,107.473344827772,68.0228000273928,2108.6113000055775,80.0
1790844258,1,,Aggregated,0.900000,0.000000,85,93,130,130,150,150,150,150,150,150,150,112,0,87,113.47365892912161,68.0228000273928,2108.6113000055775,78.88392857142857
1790844259,1,GET,GET /inventory/{product_id},0.300000,0.000000,130,130,150,150,150,150,150,150,150,150,150,25,0,130,134.35475200181827,118.81260003428906,150.71099996566772,75.0
1790844259,1,POST,POST /events,0.600000,0.000000,79,82,85,85,93,93,93,93,93,93,93,88,0,84,107.14363068175523,68.0228000273928,2108.6113000055775,80.0
1790844259,1,,Aggregated,0.900000,0.000000,85,93,130,130,150,150,150,150,150,150,150,113,0,87,113.16379026583998,68.0228000273928,2108.6113000055775,78.89380530973452
1790844260,1,GET,GET /inventory/{product_id},0.300000,0.000000,130,130,150,150,150,150,150,150,150,150,150,25,0,130,134.35475200181827,118.81260003428906,150.71099996566772,75.0
1790844260,1,POST,POST /events,0.600000,0.000000,82,85,86,86,93,93,93,93,93,93,93,89,0,84,106.90876179743621,68.0228000273928,2108.6113000055775,80.0
1790844260,1,,Aggregated,0.900000,0.000000,85,86,93,130,150,150,150,150,150,150,150,114,0,87,112.92761929839719,68.0228000273928,2108.6113000055775,78.90350877192982
1790844261,1,GET,GET /inventory/{product_id},0.300000,0.000000,130,130,150,150,150,150,150,150,150,150,150,26,0,130,134.2227153856164,118.81260003428906,150.71099996566772,75.0
1790844261,1,POST,POST /events,0.600000,0.000000,82,85,86,86,93,93,93,93,93,93,93,89,0,84,106.90876179743621,68.0228000273928,2108.6113000055775,80.0
1790844261,1,,Aggregated,0.900000,0.000000,86,93,130,130,150,150,150,150,150,150,150,115,0,87,113.08409043476391,68.0228000273928,2108.6113000055775,78.8695652173913
1790844262,1,GET,GET /inventory/{product_id},0.300000,0.000000,130,130,150,150,150,150,150,150,150,150,150,26,0,130,134.2227153856164,118.81260003428906,150.71099996566772,75.0
1790844262,1,POST,POST /events,0.600000,0.000000,82,85,86,86,93,93,93,93,93,93,93,90,0,84,106.63347777768246,68.0228000273928,2108.6113000055775,80.0
1790844262,1,,Aggregated,0.900000,0.000000,85,86,93,130,150,150,150,150,150,150,150,116,0,87,112.81727241394351,68.0228000273928,2108.6113000055775,78.87931034482759
1790844264,1,GET,GET /inventory/{product_id},0.200000,0.000000,150,150,150,150,150,150,150,150,150,150,150,26,0,130,134.2227153856164,118.81260003428906,150.71099996566772,75.0
1790844264,1,POST,POST /events,0.700000,0.000000,82,85,86,86,93,93,93,93,93,93,93,91,0,84,106.33498571421644,68.0228000273928,2108.6113000055775,80.0
1790844264,1,,Aggregated,0.900000,0.000000,85,86,93,130,150,150,150,150,150,150,150,117,0,87,112.53225897452754,68.0228000273928,2108.6113000055775,78.88888888888889
1790844265,1,GET,GET /inventory/{product_id},0.200000,0.000000,150,150,150,150,150,150,150,150,150,150,150,26,0,130,134.2227153856164,118.81260003428906,150.71099996566772,75.0
1790844265,1,POST,POST /events,0.700000,0.000000,82,85,86,86,93,93,93,93,93,93,93,92,0,84,106.05816956503195,68.0228000273928,2108.6113000055775,80.0
1790844265,1,,Aggregated,0.900000,0.000000,82,85,86,130,150,150,150,150,150,150,150,118,0,87,112.26391694922853,68.0228000273928,2108.6113000055775,78.89830508474576
1790844266,1,GET,GET /inventory/{product_id},0.200000,0.000000,150,150,150,150,150,150,150,150,150,150,150,26,0,130,134.2227153856164,118.81260003428906,150.71099996566772,75.0
1790844266,1,POST,POST /events,0.700000,0.000000,81,82,85,85,86,86,86,86,86,86,86,92,0,84,106.05816956503195,68.0228000273928,2108.6113000055775,80.0
1790844266,1,,Aggregated,0.900000,0.000000,82,85,86,86,130,130,130,130,130,130,130,118,0,87,112.26391694922853,68.0228000273928,2108.6113000055775,78.89830508474576
1790844267,1,GET,GET /inventory/{product_id},0.200000,0.000000,150,150,150,150,150,150,150,150,150,150,150,26,0,130,134.2227153856164,118.81260003428906,150.71099996566772,75.0
1790844267,1,POST,POST /events,0.700000,0.000000,81,82,86,86,86,86,86,86,86,86,86,93,0,84,105.84156021478296,68.0228000273928,2108.6113000055775,80.0
1790844267,1,,Aggregated,0.900000,0.000000,82,86,86,86,130,130,130,130,130,130,130,119,0,87,112.04248487395665,68.0228000273928,2108.6113000055775,78.90756302521008
1790844268,1,GET,GET /inventory/{product_id},0.200000,0.000000,130,130,130,130,130,130,130,130,130,130,130,26,0,130,134.2227153856164,118.81260003428906,150.71099996566772,75.0
1790844268,1,POST,POST /events,0.700000,0.000000,81,82,86,86,86,86,86,86,86,86,86,94,0,84,105.46527978743704,68.0228000273928,2108.6113000055775,80.0
1790844268,1,,Aggregated,0.900000,0.000000,82,86,86,86,130,130,130,130,130,130,130,120,0,87,111.6960575003759,68.0228000273928,2108.6113000055775,78.91666666666667
1790844269,1,GET,GET /inventory/{product_id},0.200000,0.000000,150,150,150,150,150,150,150,150,150,150,150,27,0,130,134.66637037237416,118.81260003428906,150.71099996566772,75.0
1790844269,1,POST,POST /events,0.700000,0.000000,82,82,86,86,86,86,86,86,86,86,86,94,0,84,105.46527978743704,68.0228000273928,2108.6113000055775,80.0
1790844269,1,,Aggregated,0.900000,0.000000,86,86,130,130,150,150,150,150,150,150,150,121,0,87,111.98122562043953,68.0228000273928,2108.6113000055775,78.88429752066116
1790844270,1,GET,GET /inventory/{product_id},0.100000,0.000000,130,130,150,150,150,150,150,150,150,150,150,28,0,130,134.47208571597002,118.81260003428906,150.71099996566772,75.0
1790844270,1,POST,POST /events,0.800000,0.000000,82,82,86,86,86,86,86,86,86,86,86,94,0,84,105.46527978743704,68.0228000273928,2108.6113000055775,80.0
1790844270,1,,Aggregated,0.900000,0.000000,86,130,130,130,150,150,150,150,150,150,150,122,0,87,112.12257950873969,68.0228000273928,2108.6113000055775,78.85245901639344
1790844271,1,GET,GET /inventory/{product_id},0.100000,0.000000,130,130,150,150,150,150,150,150,150,150,150,29,0,130,134.30648621027197,118.81260003428906,150.71099996566772,75.0
1790844271,1,POST,POST /events,0.800000,0.000000,81,82,82,86,86,86,86,86,86,86,86,94,0,84,105.46527978743704,68.0228000273928,2108.6113000055775,80.0
1790844271,1,,Aggregated,0.900000,0.000000,86,130,130,130,150,150,150,150,150,150,150,123,0,87,112.26523902534122,68.0228000273928,2108.6113000055775,78.82113821138212
1790844272,1,GET,GET /inventory/{product_id},0.200000,0.000000,130,130,150,150,150,150,150,150,150,150,150,29,0,130,134.30648621027197,118.81260003428906,150.71099996566772,75.0
1790844272,1,POST,POST /events,0.700000,0.000000,81,86,86,86,86,86,86,86,86,86,86,95,0,84,105.25783368472108,68.0228000273928,2108.6113000055775,80.0
1790844272,1,,Aggregated,0.900000,0.000000,86,130,130,130,150,150,150,150,150,150,150,124,0,87,112.05147016247089,68.0228000273928,2108.6113000055775,78.83064516129032
1790844273,1,GET,GET /inventory/{product_id},0.300000,0.000000,130,130,150,150,150,150,150,150,150,150,150,29,0,130,134.30648621027197,118.81260003428906,150.71099996566772,75.0
1790844273,1,POST,POST /events,0.600000,0.000000,86,86,86,86,86,86,86,86,86,86,86,96,0,84,105.05434270877838,68.0228000273928,2108.6113000055775,80.0
1790844273,1,,Aggregated,0.900000,0.000000,86,86,130,130,150,150,150,150,150,150,150,125,0,87,111.84084000112489,68.0228000273928,2108.6113000055775,78.84
1790844274,1,GET,GET /inventory/{product_id},0.400000,0.000000,130,130,150,150,150,150,150,150,150,150,150,29,0,130,134.30648621027197,118.81260003428906,150.71099996566772,75.0
1790844274,1,POST,POST /events,0.500000,0.000000,86,86,86,86,86,86,86,86,86,86,86,97,0,84,104.84501340224878,68.0228000273928,2108.6113000055775,80.0
1790844274,1,,Aggregated,0.900000,0.000000,86,86,130,130,150,150,150,150,150,150,150,126,0,87,111.62582857234936,68.0228000273928,2108.6113000055775,78.84920634920636
1790844275,1,GET,GET /inventory/{product_id},0.300000,0.000000,130,130,150,150,150,150,150,150,150,150,150,29,0,130,134.30648621027197,118.81260003428906,150.71099996566772,75.0
1790844275,1,POST,POST /events,0.600000,0.000000,86,86,86,86,87,87,87,87,87,87,87,98,0,84,104.66422142914725,68.0228000273928,2108.6113000055775,80.0
1790844275,1,,Aggregated,0.900000,0.000000,86,87,130,130,150,150,150,150,150,150,150,127,0,87,111.43292756027022,68.0228000273928,2108.6113000055775,78.85826771653544
1790844276,1,GET,GET /inventory/{product_id},0.300000,0.000000,130,130,150,150,150,150,150,150,150,150,150,29,0,130,134.30648621027197,118.81260003428906,150.71099996566772,75.0
1790844276,1,POST,POST /events,0.600000,0.000000,86,86,86,86,87,87,87,87,87,87,87,99,0,84,104.32878484881266,68.0228000273928,2108.6113000055775,80.0
1790844276,1,,Aggregated,0.900000,0.000000,86,87,130,130,150,150,150,150,150,150,150,128,0,87,111.12060781351829,68.0228000273928,2108.6113000055775,78.8671875
1790844277,1,GET,GET /inventory/{product_id},0.300000,0.000000,130,130,150,150,150,150,150,150,150,150,150,29,0,130,134.30648621027197,118.81260003428906,150.71099996566772,75.0
1790844277,1,POST,POST /events,0.600000,0.000000,86,86,86,86,87,87,87,87,87,87,87,99,0,84,104.32878484881266,68.0228000273928,2108.6113000055775,80.0
1790844277,1,,Aggregated,0.900000,0.000000,87,130,130,130,150,150,150,150,150,150,150,128,0,87,111.12060781351829,68.0228000273928,2108.6113000055775,78.8671875
1790844278,1,GET,GET /inventory/{product_id},0.300000,0.000000,130,130,130,130,130,130,130,130,130,130,130,29,0,130,134.30648621027197,118.81260003428906,150.71099996566772,75.0
1790844278,1,POST,POST /events,0.700000,0.000000,86,86,87,87,89,89,89,89,89,89,89,100,0,84,104.17424000042956,68.0228000273928,2108.6113000055775,80.0
1790844278,1,,Aggregated,1.000000,0.000000,87,89,130,130,130,130,130,130,130,130,130,129,0,87,110.9481558150453,68.0228000273928,2108.6113000055775,78.87596899224806
1790844279,1,GET,GET /inventory/{product_id},0.300000,0.000000,130,130,130,130,130,130,130,130,130,130,130,30,0,130,133.8306066696532,118.81260003428906,150.71099996566772,75.0
1790844279,1,POST,POST /events,0.600000,0.000000,86,86,87,87,89,89,89,89,89,89,89,100,0,84,104.17424000042956,68.0228000273928,2108.6113000055775,80.0
1790844279,1,,Aggregated,0.900000,0.000000,87,89,120,120,130,130,130,130,130,130,130,130,0,87,111.01801692409656,68.0228000273928,2108.6113000055775,78.84615384615384
1790844280,1,GET,GET /inventory/{product_id},0.300000,0.000000,130,130,130,130,130,130,130,130,130,130,130,30,0,130,133.8306066696532,118.81260003428906,150.71099996566772,75.0
1790844280,1,POST,POST /events,0.600000,0.000000,86,86,87,87,89,89,89,89,89,89,89,101,0,84,103.89555346550382,68.0228000273928,2108.6113000055775,80.0
1790844280,1,,Aggregated,0.900000,0.000000,86,87,89,89,120,120,120,120,120,120,120,131,0,87,110.75090916111056,68.0228000273928,2108.6113000055775,78.85496183206106
1790844281,1,GET,GET /inventory/{product_id},0.300000,0.000000,130,130,130,130,130,130,130,130,130,130,130,30,0,130,133.8306066696532,118.81260003428906,150.71099996566772,75.0
1790844281,1,POST,POST /events,0.600000,0.000000,86,87,89,89,92,92,92,92,92,92,92,102,0,84,103.77976176495591,68.0228000273928,2108.6113000055775,80.0
1790844281,1,,Aggregated,0.900000,0.000000,87,89,92,92,120,120,120,120,120,120,120,132,0,87,110.6094992432962,68.0228000273928,2108.6113000055775,78.86363636363636
1790844282,1,GET,GET /inventory/{product_id},0.300000,0.000000,130,130,130,130,130,130,130,130,130,130,130,30,0,130,133.8306066696532,118.81260003428906,150.71099996566772,75.0
1790844282,1,POST,POST /events,0.600000,0.000000,85,87,89,89,92,92,92,92,92,92,92,103,0,84,103.45829805829426,68.0228000273928,2108.6113000055775,80.0
1790844282,1,,Aggregated,0.900000,0.000000,87,89,92,92,120,120,120,120,120,120,120,133,0,87,110.30919473754817,68.0228000273928,2108.6113000055775,78.87218045112782
1790844283,1,GET,GET /inventory/{product_id},0.200000,0.000000,130,130,130,130,130,130,130,130,130,130,130,30,0,130,133.8306066696532,118.81260003428906,150.71099996566772,75.0
1790844283,1,POST,POST /events,0.700000,0.000000,79,87,89,89,92,92,92,92,92,92,92,104,0,84,103.21853750009232,68.0228000273928,2108.6113000055775,80.0
1790844283,1,,Aggregated,0.900000,0.000000,87,89,92,92,120,120,120,120,120,120,120,134,0,87,110.0719858216358,68.0228000273928,2108.6113000055775,78.88059701492537
1790844284,1,GET,GET /inventory/{product_id},0.100000,0.000000,120,120,120,120,120,120,120,120,120,120,120,31,0,130,133.26090645428087,116.16989999311045,150.71099996566772,75.0
1790844284,1,POST,POST /events,0.800000,0.000000,79,87,89,89,92,92,92,92,92,92,92,104,0,84,103.21853750009232,68.0228000273928,2108.6113000055775,80.0
1790844284,1,,Aggregated,0.900000,0.000000,87,89,92,120,120,120,120,120,120,120,120,135,0,87,110.11715555623933,68.0228000273928,2108.6113000055775,78.85185185185185
1790844285,1,GET,GET /inventory/{product_id},0.100000,0.000000,120,120,120,120,120,120,120,120,120,120,120,31,0,130,133.26090645428087,116.16989999311045,150.71099996566772,75.0
1790844285,1,POST,POST /events,0.800000,0.000000,79,80,89,89,92,92,92,92,92,92,92,105,0,84,102.99446857146297,68.0228000273928,2108.6113000055775,80.0
1790844285,1,,Aggregated,0.900000,0.000000,80,89,92,120,120,120,120,120,120,120,120,136,0,87,109.89343603004647,68.0228000273928,2108.6113000055775,78.86029411764706
1790844286,1,GET,GET /inventory/{product_id},0.100000,0.000000,120,120,130,130,130,130,130,130,130,130,130,32,0,130,133.20729687802668,116.16989999311045,150.71099996566772,75.0
1790844286,1,POST,POST /events,0.800000,0.000000,80,80,89,89,92,92,92,92,92,92,92,105,0,84,102.99446857146297,68.0228000273928,2108.6113000055775,80.0
1790844286,1,,Aggregated,0.900000,0.000000,89,92,120,120,130,130,130,130,130,130,130,137,0,87,110.05147956277713,68.0228000273928,2108.6113000055775,78.83211678832117
1790844287,1,GET,GET /inventory/{product_id},0.200000,0.000000,130,130,140,140,140,140,140,140,140,140,140,33,0,130,133.29910000285247,116.16989999311045,150.71099996566772,75.0
1790844287,1,POST,POST /events,0.700000,0.000000,80,80,89,89,92,92,92,92,92,92,92,105,0,84,102.99446857146297,68.0228000273928,2108.6113000055775,80.0
1790844287,1,,Aggregated,0.900000,0.000000,92,120,120,130,140,140,140,140,140,140,140,138,0,87,110.24122826157786,68.0228000273928,2108.6113000055775,78.80434782608695
1790844288,1,GET,GET /inventory/{product_id},0.300000,0.000000,130,130,140,140,140,140,140,140,140,140,140,33,0,130,133.29910000285247,116.16989999311045,150.71099996566772,75.0
1790844288,1,POST,POST /events,0.700000,0.000000,80,80,84,84,92,92,92,92,92,92,92,106,0,84,102.81302169830767,68.0228000273928,2108.6113000055775,80.0
1790844288,1,,Aggregated,1.000000,0.000000,84,92,120,130,140,140,140,140,140,140,140,139,0,87,110.0507237418327,68.0228000273928,2108.6113000055775,78.81294964028777
1790844289,1,GET,GET /inventory/{product_id},0.300000,0.000000,130,130,140,140,140,140,140,140,140,140,140,33,0,130,133.29910000285247,116.16989999311045,150.71099996566772,75.0
1790844289,1,POST,POST /events,0.700000,0.000000,80,84,84,92,92,92,92,92,92,92,92,106,0,84,102.81302169830767,68.0228000273928,2108.6113000055775,80.0
1790844289,1,,Aggregated,1.000000,0.000000,92,120,130,130,140,140,140,140,140,140,140,139,0,87,110.0507237418327,68.0228000273928,2108.6113000055775,78.81294964028777
1790844290,1,GET,GET /inventory/{product_id},0.300000,0.000000,130,130,140,140,140,140,140,140,140,140,140,33,0,130,133.29910000285247,116.16989999311045,150.71099996566772,75.0
1790844290,1,POST,POST /events,0.600000,0.000000,79,80,80,84,84,84,84,84,84,84,84,107,0,84,102.517835514089,68.0228000273928,2108.6113000055775,80.0
1790844290,1,,Aggregated,0.900000,0.000000,84,120,130,130,140,140,140,140,140,140,140,140,0,87,109.77341928644039,68.0228000273928,2108.6113000055775,78.82142857142857
1790844291,1,GET,GET /inventory/{product_id},0.400000,0.000000,130,130,140,140,140,140,140,140,140,140,140,33,0,130,133.29910000285247,116.16989999311045,150.71099996566772,75.0
1790844291,1,POST,POST /events,0.500000,0.000000,80,83,83,84,84,84,84,84,84,84,84,108,0,84,102.33352407414242,68.0228000273928,2108.6113000055775,80.0
1790844291,1,,Aggregated,0.900000,0.000000,84,120,130,130,140,140,140,140,140,140,140,141,0,87,109.58078652554265,68.0228000273928,2108.6113000055775,78.82978723404256
1790844292,1,GET,GET /inventory/{product_id},0.300000,0.000000,130,130,140,140,140,140,140,140,140,140,140,33,0,130,133.29910000285247,116.16989999311045,150.71099996566772,75.0
1790844292,1,POST,POST /events,0.600000,0.000000,83,83,83,83,84,84,84,84,84,84,84,109,0,84,102.1600743118084,68.0228000273928,2108.6113000055775,80.0
1790844292,1,,Aggregated,0.900000,0.000000,84,120,130,130,140,140,140,140,140,140,140,142,0,86,109.39660845127639,68.0228000273928,2108.6113000055775,78.83802816901408
1790844293,1,GET,GET /inventory/{product_id},0.300000,0.000000,140,140,140,140,140,140,140,140,140,140,140,34,0,130,133.40545000392012,116.16989999311045,150.71099996566772,75.0
1790844293,1,POST,POST /events,0.600000,0.000000,83,83,83,84,84,84,84,84,84,84,84,109,0,84,102.1600743118084,68.0228000273928,2108.6113000055775,80.0
1790844293,1,,Aggregated,0.900000,0.000000,84,130,140,140,140,140,140,140,140,140,140,143,0,87,109.58904475608671,68.0228000273928,2108.6113000055775,78.81118881118881
1790844294,1,GET,GET /inventory/{product_id},0.300000,0.000000,140,140,140,140,140,140,140,140,140,140,140,34,0,130,133.40545000392012,116.16989999311045,150.71099996566772,75.0
1790844294,1,POST,POST /events,0.600000,0.000000,83,83,84,84,92,92,92,92,92,92,92,110,0,84,102.06722999944098,68.0228000273928,2108.6113000055775,80.0
1790844294,1,,Aggregated,0.900000,0.000000,92,130,140,140,140,140,140,140,140,140,140,144,0,87,109.466531944943,68.0228000273928,2108.6113000055775,78.81944444444444
1790844295,1,GET,GET /inventory/{product_id},0.300000,0.000000,140,140,140,140,140,140,140,140,140,140,140,34,0,130,133.40545000392012,116.16989999311045,150.71099996566772,75.0
1790844295,1,POST,POST /events,0.600000,0.000000,83,84,92,92,97,97,97,97,97,97,97,111,0,84,102.0186189184519,68.0228000273928,2108.6113000055775,80.0
1790844295,1,,Aggregated,0.900000,0.000000,92,97,130,140,140,140,140,140,140,140,140,145,0,87,109.37828965573411,68.0228000273928,2108.6113000055775,78.82758620689656
1790844296,1,GET,GET /inventory/{product_id},0.400000,0.000000,140,140,140,140,140,140,140,140,140,140,140,34,0,130,133.40545000392012,116.16989999311045,150.71099996566772,75.0
1790844296,1,POST,POST /events,0.500000,0.000000,83,84,92,92,97,97,97,97,97,97,97,112,0,84,101.83913749954498,68.0228000273928,2108.6113000055775,80.0
1790844296,1,,Aggregated,0.900000,0.000000,84,92,97,140,140,140,140,140,140,140,140,146,0,87,109.19019657590631,68.0228000273928,2108.6113000055775,78.83561643835617
1790844297,1,GET,GET /inventory/{product_id},0.300000,0.000000,140,140,140,140,140,140,140,140,140,140,140,34,0,130,133.40545000392012,116.16989999311045,150.71099996566772,75.0
1790844297,1,POST,POST /events,0.600000,0.000000,84,87,92,92,97,97,97,97,97,97,97,113,0,84,101.70404070759588,68.0228000273928,2108.6113000055775,80.0
1790844297,1,,Aggregated,0.900000,0.000000,84,87,92,97,140,140,140,140,140,140,140,147,0,87,109.03633945640557,68.0228000273928,2108.6113000055775,78.84353741496598
1790844298,1,GET,GET /inventory/{product_id},0.200000,0.000000,140,140,140,140,140,140,140,140,140,140,140,34,0,130,133.40545000392012,116.16989999311045,150.71099996566772,75.0
1790844298,1,POST,POST /events,0.700000,0.000000,84,87,92,92,97,97,97,97,97,97,97,114,0,84,101.55188596476556,68.0228000273928,2108.6113000055775,80.0
1790844298,1,,Aggregated,0.900000,0.000000,84,87,92,97,140,140,140,140,140,140,140,148,0,87,108.86959662240918,68.0228000273928,2108.6113000055775,78.85135135135135
1790844299,1,GET,GET /inventory/{product_id},0.200000,0.000000,150,150,150,150,150,150,150,150,150,150,150,35,0,130,133.9088314329274,116.16989999311045,151.02380001917481,75.0
1790844299,1,POST,POST /events,0.800000,0.000000,84,87,92,92,97,97,97,97,97,97,97,114,0,84,101.55188596476556,68.0228000273928,2108.6113000055775,80.0
1790844299,1,,Aggregated,1.000000,0.000000,87,92,97,140,150,150,150,150,150,150,150,149,0,87,109.15251073916599,68.0228000273928,2108.6113000055775,78.8255033557047
1790844300,1,GET,GET /inventory/{product_id},0.200000,0.000000,150,150,150,150,150,150,150,150,150,150,150,35,0,130,133.9088314329274,116.16989999311045,151.02380001917481,75.0
1790844300,1,POST,POST /events,0.800000,0.000000,87,87,92,92,97,97,97,97,97,97,97,114,0,84,101.55188596476556,68.0228000273928,2108.6113000055775,80.0
1790844300,1,,Aggregated,1.000000,0.000000,92,97,140,140,150,150,150,150,150,150,150,149,0,87,109.15251073916599,68.0228000273928,2108.6113000055775,78.8255033557047
1790844301,1,GET,GET /inventory/{product_id},0.100000,0.000000,150,150,150,150,150,150,150,150,150,150,150,35,0,130,133.9088314329274,116.16989999311045,151.02380001917481,75.0
1790844301,1,POST,POST /events,0.800000,0.000000,87,92,97,97,140,140,140,140,140,140,140,115,0,84,101.85844695610602,68.0228000273928,2108.6113000055775,80.0
1790844301,1,,Aggregated,0.900000,0.000000,97,140,140,140,150,150,150,150,150,150,150,150,0,87,109.33687000069767,68.0228000273928,2108.6113000055775,78.83333333333333
1790844302,1,GET,GET /inventory/{product_id},0.100000,0.000000,150,150,150,150,150,150,150,150,150,150,150,35,0,130,133.9088314329274,116.16989999311045,151.02380001917481,75.0
1790844302,1,POST,POST /events,0.800000,0.000000,87,92,97,97,140,140,140,140,140,140,140,116,0,84,101.60486551668045,68.0228000273928,2108.6113000055775,80.0
1790844302,1,,Aggregated,0.900000,0.000000,92,97,140,140,150,150,150,150,150,150,150,151,0,87,109.09253973567809,68.0228000273928,2108.6113000055775,78.84105960264901
1790844303,1,GET,GET /inventory/{product_id},0.200000,0.000000,150,150,150,150,150,150,150,150,150,150,150,35,0,130,133.9088314329274,116.16989999311045,151.02380001917481,75.0
1790844303,1,POST,POST /events,0.700000,0.000000,87,90,97,97,140,140,140,140,140,140,140,117,0,84,101.50300769153266,68.0228000273928,2108.6113000055775,80.0
1790844303,1,,Aggregated,0.900000,0.000000,90,97,140,140,150,150,150,150,150,150,150,152,0,87,108.96487500040645,68.0228000273928,2108.6113000055775,78.84868421052632
1790844304,1,GET,GET /inventory/{product_id},0.200000,0.000000,150,150,150,150,150,150,150,150,150,150,150,35,0,130,133.9088314329274,116.16989999311045,151.02380001917481,75.0
1790844304,1,POST,POST /events,0.700000,0.000000,84,87,90,90,140,140,140,140,140,140,140,118,0,84,101.29002203338116,68.0228000273928,2108.6113000055775,80.0
1790844304,1,,Aggregated,0.900000,0.000000,87,90,140,140,150,150,150,150,150,150,150,153,0,87,108.75184117706821,68.0228000273928,2108.6113000055775,78.85620915032679
1790844305,1,GET,GET /inventory/{product_id},0.200000,0.000000,150,150,150,150,150,150,150,150,150,150,150,36,0,130,134.1007027820322,116.16989999311045,151.02380001917481,75.0
1790844305,1,POST,POST /events,0.700000,0.000000,87,87,90,90,140,140,140,140,140,140,140,118,0,84,101.29002203338116,68.0228000273928,2108.6113000055775,80.0
1790844305,1,,Aggregated,0.900000,0.000000,90,140,140,140,150,150,150,150,150,150,150,154,0,87,108.96005129929958,68.0228000273928,2108.6113000055775,78.83116883116882
1790844306,1,GET,GET /inventory/{product_id},0.100000,0.000000,150,150,150,150,150,150,150,150,150,150,150,36,0,130,134.1007027820322,116.16989999311045,151.02380001917481,75.0
1790844306,1,POST,POST /events,0.800000,0.000000,84,87,90,90,140,140,140,140,140,140,140,119,0,84,101.12133697399227,68.0228000273928,2108.6113000055775,80.0
1790844306,1,,Aggregated,0.900000,0.000000,87,90,140,140,150,150,150,150,150,150,150,155,0,87,108.78106064553702,68.0228000273928,2108.6113000055775,78.83870967741936
1790844307,1,GET,GET /inventory/{product_id},0.100000,0.000000,150,150,150,150,150,150,150,150,150,150,150,36,0,130,134.1007027820322,116.16989999311045,151.02380001917481,75.0
1790844307,1,POST,POST /events,0.800000,0.000000,81,84,90,90,140,140,140,140,140,140,140,120,0,84,100.93748999885672,68.0228000273928,2108.6113000055775,80.0
1790844307,1,,Aggregated,0.900000,0.000000,84,90,140,140,150,150,150,150,150,150,150,156,0,87,108.59053910266644,68.0228000273928,2108.6113000055775,78.84615384615384
1790844308,1,GET,GET /inventory/{product_id},0.200000,0.000000,150,150,150,150,150,150,150,150,150,150,150,36,0,130,134.1007027820322,116.16989999311045,151.02380001917481,75.0
1790844308,1,POST,POST /events,0.700000,0.000000,84,87,90,90,140,140,140,140,140,140,140,121,0,84,100.82080991638531,68.0228000273928,2108.6113000055775,80.0
1790844308,1,,Aggregated,0.900000,0.000000,87,90,140,140,150,150,150,150,150,150,150,157,0,87,108.45186815309415,68.0228000273928,2108.6113000055775,78.85350318471338
1790844309,1,GET,GET /inventory/{product_id},0.200000,0.000000,150,150,150,150,150,150,150,150,150,150,150,36,0,130,134.1007027820322,116.16989999311045,151.02380001917481,75.0
1790844309,1,POST,POST /events,0.700000,0.000000,81,87,90,90,140,140,140,140,140,140,140,122,0,84,100.57660901525867,68.0228000273928,2108.6113000055775,80.0
1790844309,1,,Aggregated,0.900000,0.000000,81,87,90,140,140,140,140,140,140,140,140,158,0,87,108.21501012667542,68.0228000273928,2108.6113000055775,78.86075949367088
1790844310,1,GET,GET /inventory/{product_id},0.200000,0.000000,150,150,150,150,150,150,150,150,150,150,150,36,0,130,134.1007027820322,116.16989999311045,151.02380001917481,75.0
1790844310,1,POST,POST /events,0.700000,0.000000,81,87,87,87,90,90,90,90,90,90,90,123,0,84,100.4672203240424,68.0228000273928,2108.6113000055775,80.0
1790844310,1,,Aggregated,0.900000,0.000000,81,87,87,90,140,140,140,140,140,140,140,159,0,87,108.0823484277382,68.0228000273928,2108.6113000055775,78.86792452830188
1790844311,1,GET,GET /inventory/{product_id},0.200000,0.000000,140,140,140,140,140,140,140,140,140,140,140,36,0,130,134.1007027820322,116.16989999311045,151.02380001917481,75.0
1790844311,1,POST,POST /events,0.700000,0.000000,81,87,87,87,90,90,90,90,90,90,90,124,0,84,100.23347419243485,68.0228000273928,2108.6113000055775,80.0
1790844311,1,,Aggregated,0.900000,0.000000,81,87,87,90,140,140,140,140,140,140,140,160,0,87,107.85360062509426,68.0228000273928,2108.6113000055775,78.875
1790844312,1,GET,GET /inventory/{product_id},0.200000,0.000000,140,140,140,140,140,140,140,140,140,140,140,36,0,130,134.1007027820322,116.16989999311045,151.02380001917481,75.0
1790844312,1,POST,POST /events,0.700000,0.000000,79,81,87,87,87,87,87,87,87,87,87,124,0,84,100.23347419243485,68.0228000273928,2108.6113000055775,80.0
1790844312,1,,Aggregated,0.900000,0.000000,81,87,87,87,140,140,140,140,140,140,140,160,0,87,107.85360062509426,68.0228000273928,2108.6113000055775,78.875
1790844313,1,GET,GET /inventory/{product_id},0.100000,0.000000,140,140,140,140,140,140,140,140,140,140,140,37,0,130,134.14535135647432,116.16989999311045,151.02380001917481,75.0
1790844313,1,POST,POST /events,0.800000,0.000000,79,81,87,87,87,87,87,87,87,87,87,124,0,84,100.23347419243485,68.0228000273928,2108.6113000055775,80.0
1790844313,1,,Aggregated,0.900000,0.000000,87,87,140,140,140,140,140,140,140,140,140,161,0,87,108.02688695684145,68.0228000273928,2108.6113000055775,78.85093167701864
1790844314,1,GET,GET /inventory/{product_id},0.100000,0.000000,140,140,140,140,140,140,140,140,140,140,140,37,0,130,134.14535135647432,116.16989999311045,151.02380001917481,75.0
1790844314,1,POST,POST /events,0.800000,0.000000,80,81,87,87,87,87,87,87,87,87,87,125,0,84,100.07287519890815,68.0228000273928,2108.6113000055775,80.0
1790844314,1,,Aggregated,0.900000,0.000000,81,87,87,87,140,140,140,140,140,140,140,162,0,87,107.85486049415475,68.0228000273928,2108.6113000055775,78.85802469135803
1790844315,1,GET,GET /inventory/{product_id},0.100000,0.000000,140,140,140,140,140,140,140,140,140,140,140,37,0,130,134.14535135647432,116.16989999311045,151.02380001917481,75.0
1790844315,1,POST,POST /events,0.800000,0.000000,80,86,87,87,87,87,87,87,87,87,87,126,0,84,99.9593444432812,68.0228000273928,2108.6113000055775,80.0
1790844315,1,,Aggregated,0.900000,0.000000,86,87,87,87,140,140,140,140,140,140,140,163,0,87,107.71935828247227,68.0228000273928,2108.6113000055775,78.86503067484662
1790844316,1,GET,GET /inventory/{product_id},0.200000,0.000000,140,140,140,140,140,140,140,140,140,140,140,37,0,130,134.14535135647432,116.16989999311045,151.02380001917481,75.0
1790844316,1,POST,POST /events,0.700000,0.000000,80,86,87,87,87,87,87,87,87,87,87,127,0,84,99.75082362089013,68.0228000273928,2108.6113000055775,80.0
1790844316,1,,Aggregated,0.900000,0.000000,80,86,87,87,140,140,140,140,140,140,140,164,0,86,107.51056463440608,68.0228000273928,2108.6113000055775,78.8719512195122
1790844317,1,GET,GET /inventory/{product_id},0.200000,0.000000,140,140,140,140,140,140,140,140,140,140,140,37,0,130,134.14535135647432,116.16989999311045,151.02380001917481,75.0
1790844317,1,POST,POST /events,0.700000,0.000000,80,86,87,87,87,87,87,87,87,87,87,128,0,83,99.51349765469786,68.0228000273928,2108.6113000055775,80.0
1790844317,1,,Aggregated,0.900000,0.000000,80,86,87,87,140,140,140,140,140,140,140,165,0,86,107.27942848479319,68.0228000273928,2108.6113000055775,78.87878787878788
1790844318,1,GET,GET /inventory/{product_id},0.100000,0.000000,140,140,140,140,140,140,140,140,140,140,140,37,0,130,134.14535135647432,116.16989999311045,151.02380001917481,75.0
1790844318,1,POST,POST /events,0.800000,0.000000,80,80,86,86,87,87,87,87,87,87,87,129,0,83,99.36398061898414,68.0228000273928,2108.6113000055775,80.0
1790844318,1,,Aggregated,0.900000,0.000000,80,80,86,87,140,140,140,140,140,140,140,166,0,86,107.11645481950906,68.0228000273928,2108.6113000055775,78.8855421686747
1790844319,1,GET,GET /inventory/{product_id},0.100000,0.000000,140,140,140,140,140,140,140,140,140,140,140,37,0,130,134.14535135647432,116.16989999311045,151.02380001917481,75.0
1790844319,1,POST,POST /events,0.800000,0.000000,80,86,87,87,89,89,89,89,89,89,89,130,0,83,99.2880330756844,68.0228000273928,2108.6113000055775,80.0
1790844319,1,,Aggregated,0.900000,0.000000,80,86,87,89,140,140,140,140,140,140,140,167,0,86,107.0109119762187,68.0228000273928,2108.6113000055775,78.89221556886227
1790844320,1,GET,GET /inventory/{product_id},0.100000,0.000000,150,150,150,150,150,150,150,150,150,150,150,38,0,130,134.5677526367485,116.16989999311045,151.02380001917481,75.0
1790844320,1,POST,POST /events,0.900000,0.000000,80,80,86,86,89,89,89,89,89,89,89,130,0,83,99.2880330756844,68.0228000273928,2108.6113000055775,80.0
1790844320,1,,Aggregated,1.000000,0.000000,80,86,89,140,150,150,150,150,150,150,150,168,0,86,107.26796964306794,68.0228000273928,2108.6113000055775,78.86904761904762
1790844321,1,GET,GET /inventory/{product_id},0.100000,0.000000,150,150,150,150,150,150,150,150,150,150,150,38,0,130,134.5677526367485,116.16989999311045,151.02380001917481,75.0
1790844321,1,POST,POST /events,0.900000,0.000000,80,80,86,86,89,89,89,89,89,89,89,131,0,83,99.13470992242618,68.0228000273928,2108.6113000055775,80.0
1790844321,1,,Aggregated,1.000000,0.000000,80,86,89,140,150,150,150,150,150,150,150,169,0,86,107.10190295878269,68.0228000273928,2108.6113000055775,78.87573964497041
1790844322,1,GET,GET /inventory/{product_id},0.100000,0.000000,150,150,150,150,150,150,150,150,150,150,150,38,0,130,134.5677526367485,116.16989999311045,151.02380001917481,75.0
1790844322,1,POST,POST /events,0.800000,0.000000,80,85,86,86,89,89,89,89,89,89,89,132,0,83,99.03048333195109,68.0228000273928,2108.6113000055775,80.0
1790844322,1,,Aggregated,0.900000,0.000000,80,85,86,89,150,150,150,150,150,150,150,170,0,86,106.97410823537639,68.0228000273928,2108.6113000055775,78.88235294117646
1790844323,1,GET,GET /inventory/{product_id},0.200000,0.000000,150,150,150,150,150,150,150,150,150,150,150,38,0,130,134.5677526367485,116.16989999311045,151.02380001917481,75.0
1790844323,1,POST,POST /events,0.700000,0.000000,82,85,86,86,89,89,89,89,89,89,89,133,0,83,98.9011781941399,68.0228000273928,2108.6113000055775,80.0
1790844323,1,,Aggregated,0.900000,0.000000,82,85,86,89,150,150,150,150,150,150,150,171,0,86,106.82708362583071,68.0228000273928,2108.6113000055775,78.88888888888889
1790844324,1,GET,GET /inventory/{product_id},0.200000,0.000000,150,150,150,150,150,150,150,150,150,150,150,38,0,130,134.5677526367485,116.16989999311045,151.02380001917481,75.0
1790844324,1,POST,POST /events,0.700000,0.000000,80,82,85,85,89,89,89,89,89,89,89,133,0,83,98.9011781941399,68.0228000273928,2108.6113000055775,80.0
1790844324,1,,Aggregated,0.900000,0.000000,82,85,89,89,150,150,150,150,150,150,150,171,0,86,106.82708362583071,68.0228000273928,2108.6113000055775,78.88888888888889
1790844325,1,GET,GET /inventory/{product_id},0.200000,0.000000,150,150,150,150,150,150,150,150,150,150,150,38,0,130,134.5677526367485,116.16989999311045,151.02380001917481,75.0
1790844325,1,POST,POST /events,0.700000,0.000000,81,82,85,85,89,89,89,89,89,89,89,134,0,83,98.766506715146,68.0228000273928,2108.6113000055775,80.0
1790844325,1,,Aggregated,0.900000,0.000000,82,85,89,89,150,150,150,150,150,150,150,172,0,86,106.67608430247678,68.0228000273928,2108.6113000055775,78.8953488372093
1790844326,1,GET,GET /inventory/{product_id},0.100000,0.000000,150,150,150,150,150,150,150,150,150,150,150,38,0,130,134.5677526367485,116.16989999311045,151.02380001917481,75.0
1790844326,1,POST,POST /events,0.800000,0.000000,81,82,85,85,89,89,89,89,89,89,89,135,0,83,98.57714592470546,68.0228000273928,2108.6113000055775,80.0
1790844326,1,,Aggregated,0.900000,0.000000,82,85,89,89,150,150,150,150,150,150,150,173,0,86,106.48259711000972,68.0228000273928,2108.6113000055775,78.90173410404624
1790844327,1,GET,GET /inventory/{product_id},0.100000,0.000000,150,150,150,150,150,150,150,150,150,150,150,38,0,130,134.5677526367485,116.16989999311045,151.02380001917481,75.0
1790844327,1,POST,POST /events,0.800000,0.000000,81,82,85,85,89,89,89,89,89,89,89,136,0,83,98.40083896928905,68.0228000273928,2108.6113000055775,80.0
1790844327,1,,Aggregated,0.900000,0.000000,82,85,89,89,150,150,150,150,150,150,150,174,0,86,106.29936034494112,68.0228000273928,2108.6113000055775,78.9080459770115
1790844328,1,GET,GET /inventory/{product_id},0.100000,0.000000,150,150,150,150,150,150,150,150,150,150,150,39,0,130,134.9546769275688,116.16989999311045,151.02380001917481,75.0
1790844328,1,POST,POST /events,0.800000,0.000000,81,82,85,85,89,89,89,89,89,89,89,136,0,83,98.40083896928905,68.0228000273928,2108.6113000055775,80.0
1790844328,1,,Aggregated,0.900000,0.000000,82,85,89,150,150,150,150,150,150,150,150,175,0,86,106.54712285713426,68.0228000273928,2108.6113000055775,78.88571428571429
1790844329,1,GET,GET /inventory/{product_id},0.100000,0.000000,150,150,150,150,150,150,150,150,150,150,150,39,0,130,134.9546769275688,116.16989999311045,151.02380001917481,75.0
1790844329,1,POST,POST /events,0.800000,0.000000,81,82,84,84,85,85,85,85,85,85,85,137,0,83,98.29208175065403,68.0228000273928,2108.6113000055775,80.0
1790844329,1,,Aggregated,0.900000,0.000000,82,84,85,150,150,150,150,150,150,150,150,176,0,86,106.41617954553857,68.0228000273928,2108.6113000055775,78.89204545454545
1790844330,1,GET,GET /inventory/{product_id},0.200000,0.000000,150,150,150,150,150,150,150,150,150,150,150,39,0,130,134.9546769275688,116.16989999311045,151.02380001917481,75.0
1790844330,1,POST,POST /events,0.700000,0.000000,82,84,85,85,92,92,92,92,92,92,92,138,0,83,98.24773623056345,68.0228000273928,2108.6113000055775,80.0
1790844330,1,,Aggregated,0.900000,0.000000,82,84,85,92,150,150,150,150,150,150,150,177,0,86,106.33570621464938,68.0228000273928,2108.6113000055775,78.89830508474576
1790844331,1,GET,GET /inventory/{product_id},0.200000,0.000000,150,150,150,150,150,150,150,150,150,150,150,39,0,130,134.9546769275688,116.16989999311045,151.02380001917481,75.0
1790844331,1,POST,POST /events,0.700000,0.000000,82,84,85,85,92,92,92,92,92,92,92,139,0,83,98.1128899264987,68.0228000273928,2108.6113000055775,80.0
1790844331,1,,Aggregated,0.900000,0.000000,82,84,85,92,150,150,150,150,150,150,150,178,0,86,106.18496685369945,68.0228000273928,2108.6113000055775,78.90449438202248
1790844332,1,GET,GET /inventory/{product_id},0.200000,0.000000,150,150,150,150,150,150,150,150,150,150,150,39,0,130,134.9546769275688,116.16989999311045,151.02380001917481,75.0
1790844332,1,POST,POST /events,0.700000,0.000000,81,82,84,84,92,92,92,92,92,92,92,140,0,83,97.9262249984978,68.0228000273928,2108.6113000055775,80.0
1790844332,1,,Aggregated,0.900000,0.000000,81,82,84,92,150,150,150,150,150,150,150,179,0,86,105.99387653611663,68.0228000273928,2108.6113000055775,78.91061452513966
1790844333,1,GET,GET /inventory/{product_id},0.100000,0.000000,150,150,150,150,150,150,150,150,150,150,150,39,0,130,134.9546769275688,116.16989999311045,151.02380001917481,75.0
1790844333,1,POST,POST /events,0.800000,0.000000,80,81,84,84,92,92,92,92,92,92,92,141,0,83,97.7369177292253,68.0228000273928,2108.6113000055775,80.0
1790844333,1,,Aggregated,0.900000,0.000000,80,81,84,92,150,150,150,150,150,150,150,180,0,86,105.80076555553306,68.0228000273928,2108.6113000055775,78.91666666666667
1790844334,1,GET,GET /inventory/{product_id},0.100000,0.000000,150,150,150,150,150,150,150,150,150,150,150,39,0,130,134.9546769275688,116.16989999311045,151.02380001917481,75.0
1790844334,1,POST,POST /events,0.800000,0.000000,80,82,84,84,92,92,92,92,92,92,92,142,0,83,97.62843309706535,68.0228000273928,2108.6113000055775,80.0
1790844334,1,,Aggregated,0.900000,0.000000,80,82,84,92,150,150,150,150,150,150,150,181,0,86,105.67110441966003,68.0228000273928,2108.6113000055775,78.92265193370166
1790844335,1,GET,GET /inventory/{product_id},0.100000,0.000000,150,150,150,150,150,150,150,150,150,150,150,39,0,130,134.9546769275688,116.16989999311045,151.02380001917481,75.0
1790844335,1,POST,POST /events,0.800000,0.000000,80,82,84,84,92,92,92,92,92,92,92,143,0,83,97.48429999852853,68.0228000273928,2108.6113000055775,80.0
1790844335,1,,Aggregated,0.900000,0.000000,80,82,84,92,150,150,150,150,150,150,150,182,0,86,105.51366648332288,68.0228000273928,2108.6113000055775,78.92857142857143
1790844336,1,GET,GET /inventory/{product_id},0.100000,0.000000,150,150,150,150,150,150,150,150,150,150,150,39,0,130,134.9546769275688,116.16989999311045,151.02380001917481,75.0
1790844336,1,POST,POST /events,0.800000,0.000000,80,82,84,84,92,92,92,92,92,92,92,143,0,83,97.48429999852853,68.0228000273928,2108.6113000055775,80.0
1790844336,1,,Aggregated,0.900000,0.000000,82,84,92,92,150,150,150,150,150,150,150,182,0,86,105.51366648332288,68.0228000273928,2108.6113000055775,78.92857142857143
1790844337,1,GET,GET /inventory/{product_id},0.100000,0.000000,150,150,150,150,150,150,150,150,150,150,150,40,0,130,135.00970750465058,116.16989999311045,151.02380001917481,75.0
1790844337,1,POST,POST /events,0.800000,0.000000,80,82,84,84,92,92,92,92,92,92,92,143,0,83,97.48429999852853,68.0228000273928,2108.6113000055775,80.0
1790844337,1,,Aggregated,0.900000,0.000000,82,84,92,92,140,140,140,140,140,140,140,183,0,86,105.68657486325466,68.0228000273928,2108.6113000055775,78.90710382513662
1790844338,1,GET,GET /inventory/{product_id},0.100000,0.000000,150,150,150,150,150,150,150,150,150,150,150,40,0,130,135.00970750465058,116.16989999311045,151.02380001917481,75.0
1790844338,1,POST,POST /events,0.800000,0.000000,82,84,88,88,92,92,92,92,92,92,92,144,0,83,97.41724930386732,68.0228000273928,2108.6113000055775,80.0
1790844338,1,,Aggregated,0.900000,0.000000,82,84,88,92,140,140,140,140,140,140,140,184,0,86,105.58952282577673,68.0228000273928,2108.6113000055775,78.91304347826087
1790844339,1,GET,GET /inventory/{product_id},0.100000,0.000000,150,150,150,150,150,150,150,150,150,150,150,40,0,130,135.00970750465058,116.16989999311045,151.02380001917481,75.0
1790844339,1,POST,POST /events,0.800000,0.000000,82,87,88,88,92,92,92,92,92,92,92,145,0,83,97.34432965372528,68.0228000273928,2108.6113000055775,80.0
1790844339,1,,Aggregated,0.900000,0.000000,82,87,88,92,140,140,140,140,140,140,140,185,0,86,105.48819513500644,68.0228000273928,2108.6113000055775,78.91891891891892
1790844340,1,GET,GET /inventory/{product_id},0.200000,0.000000,150,150,150,150,150,150,150,150,150,150,150,40,0,130,135.00970750465058,116.16989999311045,151.02380001917481,75.0
1790844340,1,POST,POST /events,0.700000,0.000000,80,82,87,87,88,88,88,88,88,88,88,146,0,83,97.17739725880938,68.0228000273928,2108.6113000055775,80.0
1790844340,1,,Aggregated,0.900000,0.000000,80,82,87,88,140,140,140,140,140,140,140,186,0,86,105.31337795683974,68.0228000273928,2108.6113000055775,78.9247311827957
1790844341,1,GET,GET /inventory/{product_id},0.100000,0.000000,140,140,140,140,140,140,140,140,140,140,140,40,0,130,135.00970750465058,116.16989999311045,151.02380001917481,75.0
1790844341,1,POST,POST /events,0.800000,0.000000,82,84,87,87,88,88,88,88,88,88,88,147,0,83,97.08571292382355,68.0228000273928,2108.6113000055775,80.0
1790844341,1,,Aggregated,0.900000,0.000000,82,84,87,88,140,140,140,140,140,140,140,187,0,86,105.1977973261395,68.0228000273928,2108.6113000055775,78.93048128342247
1790844342,1,GET,GET /inventory/{product_id},0.100000,0.000000,140,140,140,140,140,140,140,140,140,140,140,40,0,130,135.00970750465058,116.16989999311045,151.02380001917481,75.0
1790844342,1,POST,POST /events,0.900000,0.000000,84,87,88,88,88,88,88,88,88,88,88,148,0,83,97.02670067466947,68.0228000273928,2108.6113000055775,80.0
1790844342,1,,Aggregated,1.000000,0.000000,84,87,88,88,140,140,140,140,140,140,140,188,0,86,105.10819148955906,68.0228000273928,2108.6113000055775,78.93617021276596
1790844343,1,GET,GET /inventory/{product_id},0.100000,0.000000,140,140,140,140,140,140,140,140,140,140,140,40,0,130,135.00970750465058,116.16989999311045,151.02380001917481,75.0
1790844343,1,POST,POST /events,0.900000,0.000000,84,87,88,88,88,88,88,88,88,88,88,149,0,83,96.9022422807835,68.0228000273928,2108.6113000055775,80.0
1790844343,1,,Aggregated,1.000000,0.000000,84,87,88,88,140,140,140,140,140,140,140,189,0,86,104.96731428583473,68.0228000273928,2108.6113000055775,78.94179894179894
1790844344,1,GET,GET /inventory/{product_id},0.100000,0.000000,140,140,140,140,140,140,140,140,140,140,140,41,0,130,134.91016829800907,116.16989999311045,151.02380001917481,75.0
1790844344,1,POST,POST /events,0.800000,0.000000,84,87,88,88,88,88,88,88,88,88,88,149,0,83,96.9022422807835,68.0228000273928,2108.6113000055775,80.0
1790844344,1,,Aggregated,0.900000,0.000000,87,88,88,130,140,140,140,140,140,140,140,190,0,86,105.103952631869,68.0228000273928,2108.6113000055775,78.92105263157895
1790844345,1,GET,GET /inventory/{product_id},0.100000,0.000000,140,140,140,140,140,140,140,140,140,140,140,41,0,130,134.91016829800907,116.16989999311045,151.02380001917481,75.0
1790844345,1,POST,POST /events,0.800000,0.000000,84,87,88,88,88,88,88,88,88,88,88,150,0,83,96.78496666563053,68.0228000273928,2108.6113000055775,80.0
1790844345,1,,Aggregated,0.900000,0.000000,87,88,88,130,140,140,140,140,140,140,140,191,0,86,104.96891047153377,68.0228000273928,2108.6113000055775,78.92670157068063
1790844346,1,GET,GET /inventory/{product_id},0.100000,0.000000,140,140,140,140,140,140,140,140,140,140,140,41,0,130,134.91016829800907,116.16989999311045,151.02380001917481,75.0
1790844346,1,POST,POST /events,0.800000,0.000000,84,87,88,88,88,88,88,88,88,88,88,151,0,83,96.70228476710125,68.0228000273928,2108.6113000055775,80.0
1790844346,1,,Aggregated,0.900000,0.000000,84,87,88,88,130,130,130,130,130,130,130,192,0,86,104.86125989609718,68.0228000273928,2108.6113000055775,78.93229166666667
1790844347,1,GET,GET /inventory/{product_id},0.200000,0.000000,140,140,140,140,140,140,140,140,140,140,140,41,0,130,134.91016829800907,116.16989999311045,151.02380001917481,75.0
1790844347,1,POST,POST /events,0.700000,0.000000,84,84,87,87,88,88,88,88,88,88,88,152,0,83,96.61111052532522,68.0228000273928,2108.6113000055775,80.0
1790844347,1,,Aggregated,0.900000,0.000000,84,84,87,88,130,130,130,130,130,130,130,193,0,86,104.74717979309743,68.0228000273928,2108.6113000055775,78.93782383419689
1790844348,1,GET,GET /inventory/{product_id},0.200000,0.000000,140,140,140,140,140,140,140,140,140,140,140,41,0,130,134.91016829800907,116.16989999311045,151.02380001917481,75.0
1790844348,1,POST,POST /events,0.700000,0.000000,84,84,87,87,88,88,88,88,88,88,88,153,0,83,96.54940980268958,68.0228000273928,2108.6113000055775,80.0
1790844348,1,,Aggregated,0.900000,0.000000,84,84,87,88,130,130,130,130,130,130,130,194,0,86,104.65658041252514,68.0228000273928,2108.6113000055775,78.94329896907216
1790844349,1,GET,GET /inventory/{product_id},0.200000,0.000000,140,140,140,140,140,140,140,140,140,140,140,41,0,130,134.91016829800907,116.16989999311045,151.02380001917481,75.0
1790844349,1,POST,POST /events,0.700000,0.000000,84,84,87,87,88,88,88,88,88,88,88,153,0,83,96.54940980268958,68.0228000273928,2108.6113000055775,80.0
1790844349,1,,Aggregated,0.900000,0.000000,84,87,88,88,130,130,130,130,130,130,130,194,0,86,104.65658041252514,68.0228000273928,2108.6113000055775,78.94329896907216
1790844350,1,GET,GET /inventory/{product_id},0.100000,0.000000,130,130,130,130,130,130,130,130,130,130,130,41,0,130,134.91016829800907,116.16989999311045,151.02380001917481,75.0
1790844350,1,POST,POST /events,0.800000,0.000000,84,87,87,87,88,88,88,88,88,88,88,154,0,83,96.48582402483693,68.0228000273928,2108.6113000055775,80.0
1790844350,1,,Aggregated,0.900000,0.000000,84,87,87,88,130,130,130,130,130,130,130,195,0,86,104.56478871817056,68.0228000273928,2108.6113000055775,78.94871794871794
1790844351,1,GET,GET /inventory/{product_id},0.100000,0.000000,140,140,140,140,140,140,140,140,140,140,140,42,0,130,134.9518261960752,116.16989999311045,151.02380001917481,75.0
1790844351,1,POST,POST /events,0.800000,0.000000,84,87,87,87,88,88,88,88,88,88,88,154,0,83,96.48582402483693,68.0228000273928,2108.6113000055775,80.0
1790844351,1,,Aggregated,0.900000,0.000000,87,87,88,130,140,140,140,140,140,140,140,196,0,86,104.72853877581656,68.0228000273928,2108.6113000055775,78.92857142857143
1790844352,1,GET,GET /inventory/{product_id},0.100000,0.000000,140,140,140,140,140,140,140,140,140,140,140,42,0,130,134.9518261960752,116.16989999311045,151.02380001917481,75.0
1790844352,1,POST,POST /events,0.800000,0.000000,84,84,87,87,87,87,87,87,87,87,87,155,0,83,96.40615999908938,68.0228000273928,2108.6113000055775,80.0
1790844352,1,,Aggregated,0.900000,0.000000,84,87,87,130,140,140,140,140,140,140,140,197,0,86,104.62401776697467,68.0228000273928,2108.6113000055775,78.93401015228426
1790844353,1,GET,GET /inventory/{product_id},0.200000,0.000000,140,140,140,140,140,140,140,140,140,140,140,42,0,130,134.9518261960752,116.16989999311045,151.02380001917481,75.0
1790844353,1,POST,POST /events,0.700000,0.000000,84,85,87,87,87,87,87,87,87,87,87,156,0,83,96.32993717856992,68.0228000273928,2108.6113000055775,80.0
1790844353,1,,Aggregated,0.900000,0.000000,85,87,87,130,140,140,140,140,140,140,140,198,0,86,104.52245909137407,68.0228000273928,2108.6113000055775,78.93939393939394
1790844354,1,GET,GET /inventory/{product_id},0.200000,0.000000,130,130,140,140,140,140,140,140,140,140,140,43,0,130,134.95287675069386,116.16989999311045,151.02380001917481,75.0
1790844354,1,POST,POST /events,0.800000,0.000000,84,85,87,87,87,87,87,87,87,87,87,156,0,83,96.32993717856992,68.0228000273928,2108.6113000055775,80.0
1790844354,1,,Aggregated,1.000000,0.000000,85,87,87,130,140,140,140,140,140,140,140,199,0,86,104.67559748812434,68.0228000273928,2108.6113000055775,78.91959798994975
1790844355,1,GET,GET /inventory/{product_id},0.200000,0.000000,130,130,140,140,140,140,140,140,140,140,140,43,0,130,134.95287675069386,116.16989999311045,151.02380001917481,75.0
1790844355,1,POST,POST /events,0.700000,0.000000,84,85,87,87,87,87,87,87,87,87,87,157,0,83,96.2168280247326,68.0228000273928,2108.6113000055775,80.0
1790844355,1,,Aggregated,0.900000,0.000000,85,87,87,130,140,140,140,140,140,140,140,200,0,86,104.54507850081427,68.0228000273928,2108.6113000055775,78.925
1790844356,1,GET,GET /inventory/{product_id},0.200000,0.000000,130,130,140,140,140,140,140,140,140,140,140,43,0,130,134.95287675069386,116.16989999311045,151.02380001917481,75.0
1790844356,1,POST,POST /events,0.700000,0.000000,85,87,87,87,87,87,87,87,87,87,87,158,0,83,96.16001392346276,68.0228000273928,2108.6113000055775,80.0
1790844356,1,,Aggregated,0.900000,0.000000,87,87,87,130,140,140,140,140,140,140,140,201,0,86,104.45898457804454,68.0228000273928,2108.6113000055775,78.93034825870647
1790844357,1,GET,GET /inventory/{product_id},0.200000,0.000000,140,140,210,210,210,210,210,210,210,210,210,44,0,130,136.65441364256284,116.16989999311045,209.8204999929294,75.0
1790844357,1,POST,POST /events,0.700000,0.000000,87,87,87,87,87,87,87,87,87,87,87,158,0,83,96.16001392346276,68.0228000273928,2108.6113000055775,80.0
1790844357,1,,Aggregated,0.900000,0.000000,87,87,130,140,210,210,210,210,210,210,210,202,0,86,104.98057623851426,68.0228000273928,2108.6113000055775,78.91089108910892
1790844358,1,GET,GET /inventory/{product_id},0.200000,0.000000,140,140,210,210,210,210,210,210,210,210,210,44,0,130,136.65441364256284,116.16989999311045,209.8204999929294,75.0
1790844358,1,POST,POST /events,0.700000,0.000000,85,85,87,87,87,87,87,87,87,87,87,159,0,83,96.04999559686911,68.0228000273928,2108.6113000055775,80.0
1790844358,1,,Aggregated,0.900000,0.000000,87,87,130,140,210,210,210,210,210,210,210,203,0,86,104.85095320283229,68.0228000273928,2108.6113000055775,78.91625615763547
1790844359,1,GET,GET /inventory/{product_id},0.200000,0.000000,140,140,210,210,210,210,210,210,210,210,210,44,0,130,136.65441364256284,116.16989999311045,209.8204999929294,75.0
1790844359,1,POST,POST /events,0.700000,0.000000,84,85,87,87,87,87,87,87,87,87,87,160,0,83,95.89066124935925,68.0228000273928,2108.6113000055775,80.0
1790844359,1,,Aggregated,0.900000,0.000000,85,87,130,140,210,210,210,210,210,210,210,204,0,86,104.68284313808944,68.0228000273928,2108.6113000055775,78.92156862745098
1790844360,1,GET,GET /inventory/{product_id},0.200000,0.000000,140,140,210,210,210,210,210,210,210,210,210,44,0,130,136.65441364256284,116.16989999311045,209.8204999929294,75.0
1790844360,1,POST,POST /events,0.700000,0.000000,84,84,85,85,87,87,87,87,87,87,87,160,0,83,95.89066124935925,68.0228000273928,2108.6113000055775,80.0
1790844360,1,,Aggregated,0.900000,0.000000,85,87,130,130,210,210,210,210,210,210,210,204,0,86,104.68284313808944,68.0228000273928,2108.6113000055775,78.92156862745098
1790844361,1,GET,GET /inventory/{product_id},0.300000,0.000000,140,140,210,210,210,210,210,210,210,210,210,44,0,130,136.65441364256284,116.16989999311045,209.8204999929294,75.0
1790844361,1,POST,POST /events,0.600000,0.000000,79,84,85,85,87,87,87,87,87,87,87,161,0,83,95.78079751494589,68.0228000273928,2108.6113000055775,80.0
1790844361,1,,Aggregated,0.900000,0.000000,84,85,87,130,210,210,210,210,210,210,210,205,0,86,104.55367122038562,68.0228000273928,2108.6113000055775,78.92682926829268
1790844362,1,GET,GET /inventory/{product_id},0.300000,0.000000,210,210,210,210,210,210,210,210,210,210,210,44,0,130,136.65441364256284,116.16989999311045,209.8204999929294,75.0
1790844362,1,POST,POST /events,0.600000,0.000000,79,79,85,85,87,87,87,87,87,87,87,162,0,83,95.66224876498045,68.0228000273928,2108.6113000055775,80.0
1790844362,1,,Aggregated,0.900000,0.000000,79,85,87,130,210,210,210,210,210,210,210,206,0,86,104.41785679708542,68.0228000273928,2108.6113000055775,78.93203883495146
1790844363,1,GET,GET /inventory/{product_id},0.200000,0.000000,210,210,210,210,210,210,210,210,210,210,210,44,0,130,136.65441364256284,116.16989999311045,209.8204999929294,75.0
1790844363,1,POST,POST /events,0.700000,0.000000,79,79,85,85,87,87,87,87,87,87,87,163,0,83,95.52613680930865,68.0228000273928,2108.6113000055775,80.0
1790844363,1,,Aggregated,0.900000,0.000000,79,79,87,130,210,210,210,210,210,210,210,207,0,86,104.26837922797138,68.0228000273928,2108.6113000055775,78.93719806763285
1790844364,1,GET,GET /inventory/{product_id},0.200000,0.000000,130,130,210,210,210,210,210,210,210,210,210,45,0,130,136.5107333391077,116.16989999311045,209.8204999929294,75.0
1790844364,1,POST,POST /events,0.700000,0.000000,78,79,79,79,87,87,87,87,87,87,87,163,0,83,95.52613680930865,68.0228000273928,2108.6113000055775,80.0
1790844364,1,,Aggregated,0.900000,0.000000,79,79,87,130,210,210,210,210,210,210,210,208,0,86,104.3929966354671,68.0228000273928,2108.6113000055775,78.91826923076923
1790844365,1,GET,GET /inventory/{product_id},0.200000,0.000000,210,210,210,210,210,210,210,210,210,210,210,45,0,130,136.5107333391077,116.16989999311045,209.8204999929294,75.0
1790844365,1,POST,POST /events,0.700000,0.000000,77,78,79,79,87,87,87,87,87,87,87,164,0,83,95.4121359749612,68.0228000273928,2108.6113000055775,80.0
1790844365,1,,Aggregated,0.900000,0.000000,78,79,87,130,210,210,210,210,210,210,210,209,0,86,104.26111626867696,68.0228000273928,2108.6113000055775,78.92344497607655
1790844366,1,GET,GET /inventory/{product_id},0.200000,0.000000,210,210,210,210,210,210,210,210,210,210,210,45,0,130,136.5107333391077,116.16989999311045,209.8204999929294,75.0
1790844366,1,POST,POST /events,0.700000,0.000000,78,79,80,80,87,87,87,87,87,87,87,165,0,83,95.31700787783572,68.0228000273928,2108.6113000055775,80.0
1790844366,1,,Aggregated,0.900000,0.000000,78,79,80,130,210,210,210,210,210,210,210,210,0,85,104.144234762394,68.0228000273928,2108.6113000055775,78.92857142857143
1790844367,1,GET,GET /inventory/{product_id},0.200000,0.000000,210,210,210,210,210,210,210,210,210,210,210,45,0,130,136.5107333391077,116.16989999311045,209.8204999929294,75.0
1790844367,1,POST,POST /events,0.700000,0.000000,77,78,79,79,80,80,80,80,80,80,80,166,0,83,95.20749277007452,68.0228000273928,2108.6113000055775,80.0
1790844367,1,,Aggregated,0.900000,0.000000,77,78,79,80,130,130,130,130,130,130,130,211,0,85,104.01624075873089,68.0228000273928,2108.6113000055775,78.93364928909952
1790844368,1,GET,GET /inventory/{product_id},0.200000,0.000000,210,210,210,210,210,210,210,210,210,210,210,45,0,130,136.5107333391077,116.16989999311045,209.8204999929294,75.0
1790844368,1,POST,POST /events,0.700000,0.000000,77,78,80,80,82,82,82,82,82,82,82,167,0,83,95.12644371158628,68.0228000273928,2108.6113000055775,80.0
1790844368,1,,Aggregated,0.900000,0.000000,77,78,80,82,130,130,130,130,130,130,130,212,0,85,103.9108448117677,68.0228000273928,2108.6113000055775,78.93867924528301
1790844369,1,GET,GET /inventory/{product_id},0.200000,0.000000,210,210,210,210,210,210,210,210,210,210,210,45,0,130,136.5107333391077,116.16989999311045,209.8204999929294,75.0
1790844369,1,POST,POST /events,0.700000,0.000000,77,78,80,80,82,82,82,82,82,82,82,168,0,83,95.00175357035394,68.0228000273928,2108.6113000055775,80.0
1790844369,1,,Aggregated,0.900000,0.000000,77,78,80,82,130,130,130,130,130,130,130,213,0,85,103.77125633840052,68.0228000273928,2108.6113000055775,78.94366197183099
1790844370,1,GET,GET /inventory/{product_id},0.100000,0.000000,130,130,130,130,130,130,130,130,130,130,130,45,0,130,136.5107333391077,116.16989999311045,209.8204999929294,75.0
1790844370,1,POST,POST /events,0.800000,0.000000,77,80,80,80,82,82,82,82,82,82,82,169,0,83,94.9115272178783,68.0228000273928,2108.6113000055775,80.0
1790844370,1,,Aggregated,0.900000,0.000000,77,80,80,82,130,130,130,130,130,130,130,214,0,85,103.65902383215551,68.0228000273928,2108.6113000055775,78.94859813084112
1790844371,1,GET,GET /inventory/{product_id},0.100000,0.000000,130,130,130,130,130,130,130,130,130,130,130,45,0,130,136.5107333391077,116.16989999311045,209.8204999929294,75.0
1790844371,1,POST,POST /events,0.800000,0.000000,77,77,80,80,82,82,82,82,82,82,82,170,0,83,94.80270470478845,68.0228000273928,2108.6113000055775,80.0
1790844371,1,,Aggregated,0.900000,0.000000,77,80,80,82,130,130,130,130,130,130,130,215,0,85,103.5322920933669,68.0228000273928,2108.6113000055775,78.95348837209302
1790844372,1,GET,GET /inventory/{product_id},0.100000,0.000000,130,130,130,130,130,130,130,130,130,130,130,45,0,130,136.5107333391077,116.16989999311045,209.8204999929294,75.0
1790844372,1,POST,POST /events,0.800000,0.000000,77,80,80,80,82,82,82,82,82,82,82,171,0,83,94.71361227953066,68.0228000273928,2108.6113000055775,80.0
1790844372,1,,Aggregated,0.900000,0.000000,80,80,80,82,130,130,130,130,130,130,130,216,0,85,103.42134583360921,68.0228000273928,2108.6113000055775,78.95833333333333
1790844373,1,GET,GET /inventory/{product_id},0.100000,0.000000,130,130,130,130,130,130,130,130,130,130,130,45,0,130,136.5107333391077,116.16989999311045,209.8204999929294,75.0
1790844373,1,POST,POST /events,0.800000,0.000000,77,80,80,80,82,82,82,82,82,82,82,171,0,83,94.71361227953066,68.0228000273928,2108.6113000055775,80.0
1790844373,1,,Aggregated,0.900000,0.000000,80,80,80,82,130,130,130,130,130,130,130,216,0,85,103.42134583360921,68.0228000273928,2108.6113000055775,78.95833333333333
1790844374,1,GET,GET /inventory/{product_id},0.100000,0.000000,130,130,130,130,130,130,130,130,130,130,130,45,0,130,136.5107333391077,116.16989999311045,209.8204999929294,75.0
1790844374,1,POST,POST /events,0.800000,0.000000,77,80,80,80,82,82,82,82,82,82,82,172,0,82,94.57595232430153,68.0228000273928,2108.6113000055775,80.0
1790844374,1,,Aggregated,0.900000,0.000000,77,80,80,80,82,82,82,82,82,82,82,217,0,85,103.27210506930741,68.0228000273928,2108.6113000055775,78.963133640553
1790844375,1,GET,GET /inventory/{product_id},0.100000,0.000000,130,130,130,130,130,130,130,130,130,130,130,45,0,130,136.5107333391077,116.16989999311045,209.8204999929294,75.0
1790844375,1,POST,POST /events,0.900000,0.000000,80,80,80,82,82,82,82,82,82,82,82,173,0,82,94.5042502878616,68.0228000273928,2108.6113000055775,80.0
1790844375,1,,Aggregated,1.000000,0.000000,80,80,80,82,82,82,82,82,82,82,82,218,0,85,103.17531330302708,68.0228000273928,2108.6113000055775,78.96788990825688
1790844376,1,GET,GET /inventory/{product_id},0.100000,0.000000,150,150,150,150,150,150,150,150,150,150,150,46,0,130,136.74446304946247,116.16989999311045,209.8204999929294,75.0
1790844376,1,POST,POST /events,0.900000,0.000000,80,80,82,82,82,82,82,82,82,82,82,173,0,82,94.5042502878616,68.0228000273928,2108.6113000055775,80.0
1790844376,1,,Aggregated,1.000000,0.000000,80,80,82,82,150,150,150,150,150,150,150,219,0,85,103.37662374463622,68.0228000273928,2108.6113000055775,78.94977168949772
1790844377,1,GET,GET /inventory/{product_id},0.000000,0.000000,150,150,150,150,150,150,150,150,150,150,150,46,0,130,136.74446304946247,116.16989999311045,209.8204999929294,75.0
1790844377,1,POST,POST /events,0.900000,0.000000,80,80,82,82,82,82,82,82,82,82,82,174,0,82,94.39415287262567,68.0228000273928,2108.6113000055775,80.0
1790844377,1,,Aggregated,0.900000,0.000000,80,80,82,82,150,150,150,150,150,150,150,220,0,85,103.24921772778247,68.0228000273928,2108.6113000055775,78.95454545454545
1790844378,1,GET,GET /inventory/{product_id},0.000000,0.000000,130,130,150,150,150,150,150,150,150,150,150,47,0,130,136.17828085726285,110.13390001608059,209.8204999929294,75.0
1790844378,1,POST,POST /events,0.900000,0.000000,76,80,80,80,82,82,82,82,82,82,82,174,0,82,94.39415287262567,68.0228000273928,2108.6113000055775,80.0
1790844378,1,,Aggregated,0.900000,0.000000,80,80,82,110,150,150,150,150,150,150,150,221,0,85,103.2803701363268,68.0228000273928,2108.6113000055775,78.9366515837104
1790844379,1,GET,GET /inventory/{product_id},0.100000,0.000000,130,130,150,150,150,150,150,150,150,150,150,47,0,130,136.17828085726285,110.13390001608059,209.8204999929294,75.0
1790844379,1,POST,POST /events,0.800000,0.000000,80,80,82,82,90,90,90,90,90,90,90,175,0,82,94.36888228469927,68.0228000273928,2108.6113000055775,80.0
1790844379,1,,Aggregated,0.900000,0.000000,80,82,90,110,150,150,150,150,150,150,150,222,0,85,103.22042162213391,68.0228000273928,2108.6113000055775,78.94144144144144
1790844381,1,GET,GET /inventory/{product_id},0.100000,0.000000,150,150,150,150,150,150,150,150,150,150,150,47,0,130,136.17828085726285,110.13390001608059,209.8204999929294,75.0
1790844381,1,POST,POST /events,0.800000,0.000000,82,82,90,90,91,91,91,91,91,91,91,176,0,82,94.34771249917421,68.0228000273928,2108.6113000055775,80.0
1790844381,1,,Aggregated,0.900000,0.000000,90,91,110,110,150,150,150,150,150,150,150,223,0,85,103.16402062845746,68.0228000273928,2108.6113000055775,78.94618834080717
1790844382,1,GET,GET /inventory/{product_id},0.200000,0.000000,140,140,150,150,150,150,150,150,150,150,150,48,0,130,136.18904167378787,110.13390001608059,209.8204999929294,75.0
1790844382,1,POST,POST /events,0.700000,0.000000,82,90,90,91,91,91,91,91,91,91,91,176,0,82,94.34771249917421,68.0228000273928,2108.6113000055775,80.0
1790844382,1,,Aggregated,0.900000,0.000000,91,110,140,140,150,150,150,150,150,150,150,224,0,85,103.31371160801999,68.0228000273928,2108.6113000055775,78.92857142857143
1790844383,1,GET,GET /inventory/{product_id},0.200000,0.000000,140,140,150,150,150,150,150,150,150,150,150,48,0,130,136.18904167378787,110.13390001608059,209.8204999929294,75.0
1790844383,1,POST,POST /events,0.700000,0.000000,82,82,90,90,91,91,91,91,91,91,91,177,0,82,94.24584689168628,68.0228000273928,2108.6113000055775,80.0
1790844383,1,,Aggregated,0.900000,0.000000,90,91,110,140,150,150,150,150,150,150,150,225,0,85,103.19372844520129,68.0228000273928,2108.6113000055775,78.93333333333334
1790844384,1,GET,GET /inventory/{product_id},0.200000,0.000000,140,140,150,150,150,150,150,150,150,150,150,48,0,130,136.18904167378787,110.13390001608059,209.8204999929294,75.0
1790844384,1,POST,POST /events,0.700000,0.000000,82,82,90,90,91,91,91,91,91,91,91,178,0,82,94.15178820150747,68.0228000273928,2108.6113000055775,80.0
1790844384,1,,Aggregated,0.900000,0.000000,90,91,110,140,150,150,150,150,150,150,150,226,0,85,103.08005442570862,68.0228000273928,2108.6113000055775,78.93805309734513
1790844385,1,GET,GET /inventory/{product_id},0.300000,0.000000,140,140,150,150,150,150,150,150,150,150,150,48,0,130,136.18904167378787,110.13390001608059,209.8204999929294,75.0
1790844385,1,POST,POST /events,0.600000,0.000000,78,82,90,90,91,91,91,91,91,91,91,179,0,82,94.00430390989803,67.75210000341758,2108.6113000055775,80.0
1790844385,1,,Aggregated,0.900000,0.000000,90,91,110,140,150,150,150,150,150,150,150,227,0,85,102.92442467054434,67.75210000341758,2108.6113000055775,78.94273127753304
1790844386,1,GET,GET /inventory/{product_id},0.300000,0.000000,140,140,150,150,150,150,150,150,150,150,150,48,0,130,136.18904167378787,110.13390001608059,209.8204999929294,75.0
1790844386,1,POST,POST /events,0.600000,0.000000,78,78,90,90,91,91,91,91,91,91,91,179,0,82,94.00430390989803,67.75210000341758,2108.6113000055775,80.0
1790844386,1,,Aggregated,0.900000,0.000000,90,91,110,110,140,140,140,140,140,140,140,227,0,85,102.92442467054434,67.75210000341758,2108.6113000055775,78.94273127753304
1790844387,1,GET,GET /inventory/{product_id},0.300000,0.000000,140,140,140,140,140,140,140,140,140,140,140,48,0,130,136.18904167378787,110.13390001608059,209.8204999929294,75.0
1790844387,1,POST,POST /events,0.600000,0.000000,76,78,90,90,91,91,91,91,91,91,91,180,0,82,93.84365722136054,65.08789997315034,2108.6113000055775,80.0
1790844387,1,,Aggregated,0.900000,0.000000,90,91,110,110,140,140,140,140,140,140,140,228,0,85,102.75847500081893,65.08789997315034,2108.6113000055775,78.94736842105263
1790844388,1,GET,GET /inventory/{product_id},0.300000,0.000000,140,140,140,140,140,140,140,140,140,140,140,48,0,130,136.18904167378787,110.13390001608059,209.8204999929294,75.0
1790844388,1,POST,POST /events,0.600000,0.000000,76,78,90,90,91,91,91,91,91,91,91,181,0,82,93.65969005417728,60.54559996118769,2108.6113000055775,80.0
1790844388,1,,Aggregated,0.900000,0.000000,78,90,91,91,140,140,140,140,140,140,140,229,0,85,102.57413930195591,60.54559996118769,2108.6113000055775,78.95196506550218
1790844389,1,GET,GET /inventory/{product_id},0.300000,0.000000,140,140,140,140,140,140,140,140,140,140,140,49,0,130,136.20806939553052,110.13390001608059,209.8204999929294,75.0
1790844389,1,POST,POST /events,0.600000,0.000000,76,76,78,78,91,91,91,91,91,91,91,181,0,82,93.65969005417728,60.54559996118769,2108.6113000055775,80.0
1790844389,1,,Aggregated,0.900000,0.000000,78,91,140,140,140,140,140,140,140,140,140,230,0,85,102.7243447834221,60.54559996118769,2108.6113000055775,78.93478260869566
1790844390,1,GET,GET /inventory/{product_id},0.200000,0.000000,140,140,140,140,140,140,140,140,140,140,140,50,0,130,135.9077560075093,110.13390001608059,209.8204999929294,75.0
1790844390,1,POST,POST /events,0.700000,0.000000,76,76,78,78,91,91,91,91,91,91,91,181,0,82,93.65969005417728,60.54559996118769,2108.6113000055775,80.0
1790844390,1,,Aggregated,0.900000,0.000000,78,120,140,140,140,140,140,140,140,140,140,231,0,85,102.804293074379,60.54559996118769,2108.6113000055775,78.91774891774892
1790844391,1,GET,GET /inventory/{product_id},0.200000,0.000000,140,140,140,140,140,140,140,140,140,140,140,50,0,130,135.9077560075093,110.13390001608059,209.8204999929294,75.0
1790844391,1,POST,POST /events,0.700000,0.000000,68,68,76,76,78,78,78,78,78,78,78,182,0,82,93.48378406490895,60.54559996118769,2108.6113000055775,80.0
1790844391,1,,Aggregated,0.900000,0.000000,76,78,120,120,140,140,140,140,140,140,140,232,0,85,102.62688146633144,60.54559996118769,2108.6113000055775,78.92241379310344
1790844392,1,GET,GET /inventory/{product_id},0.200000,0.000000,140,140,140,140,140,140,140,140,140,140,140,50,0,130,135.9077560075093,110.13390001608059,209.8204999929294,75.0
1790844392,1,POST,POST /events,0.700000,0.000000,68,68,69,69,78,78,78,78,78,78,78,183,0,82,93.35123442521807,60.54559996118769,2108.6113000055775,80.0
1790844392,1,,Aggregated,0.900000,0.000000,69,78,120,120,140,140,140,140,140,140,140,233,0,85,102.4835351939501,60.54559996118769,2108.6113000055775,78.92703862660944
1790844393,1,GET,GET /inventory/{product_id},0.300000,0.000000,140,140,140,140,140,140,140,140,140,140,140,50,0,130,135.9077560075093,110.13390001608059,209.8204999929294,75.0
1790844393,1,POST,POST /events,0.600000,0.000000,68,69,69,69,78,78,78,78,78,78,78,184,0,82,93.21643097728551,60.54559996118769,2108.6113000055775,80.0
1790844393,1,,Aggregated,0.900000,0.000000,69,69,78,120,140,140,140,140,140,140,140,234,0,84,102.33850897519658,60.54559996118769,2108.6113000055775,78.93162393162393
1790844394,1,GET,GET /inventory/{product_id},0.300000,0.000000,140,140,140,140,140,140,140,140,140,140,140,50,0,130,135.9077560075093,110.13390001608059,209.8204999929294,75.0
1790844394,1,POST,POST /events,0.600000,0.000000,68,69,69,69,77,77,77,77,77,77,77,185,0,82,93.12811351249096,60.54559996118769,2108.6113000055775,80.0
1790844394,1,,Aggregated,0.900000,0.000000,69,69,77,120,140,140,140,140,140,140,140,235,0,84,102.23016510717571,60.54559996118769,2108.6113000055775,78.93617021276596
1790844395,1,GET,GET /inventory/{product_id},0.200000,0.000000,130,130,140,140,140,140,140,140,140,140,140,51,0,130,135.84333138001682,110.13390001608059,209.8204999929294,75.0
1790844395,1,POST,POST /events,0.700000,0.000000,69,69,69,69,77,77,77,77,77,77,77,185,0,82,93.12811351249096,60.54559996118769,2108.6113000055775,80.0
1790844395,1,,Aggregated,0.900000,0.000000,69,77,120,130,140,140,140,140,140,140,140,236,0,84,102.35894449233764,60.54559996118769,2108.6113000055775,78.91949152542372
1790844396,1,GET,GET /inventory/{product_id},0.200000,0.000000,130,130,140,140,140,140,140,140,140,140,140,51,0,130,135.84333138001682,110.13390001608059,209.8204999929294,75.0
1790844396,1,POST,POST /events,0.700000,0.000000,69,69,71,71,77,77,77,77,77,77,77,186,0,82,93.01102956880875,60.54559996118769,2108.6113000055775,80.0
1790844396,1,,Aggregated,0.900000,0.000000,71,77,120,130,140,140,140,140,140,140,140,237,0,84,102.22810717375226,60.54559996118769,2108.6113000055775,78.92405063291139
1790844397,1,GET,GET /inventory/{product_id},0.300000,0.000000,130,130,140,140,140,140,140,140,140,140,140,52,0,130,135.6697307771985,110.13390001608059,209.8204999929294,75.0
1790844397,1,POST,POST /events,0.700000,0.000000,69,69,71,71,77,77,77,77,77,77,77,186,0,82,93.01102956880875,60.54559996118769,2108.6113000055775,80.0
1790844397,1,,Aggregated,1.000000,0.000000,77,120,130,130,140,140,140,140,140,140,140,238,0,84,102.3314180681208,60.54559996118769,2108.6113000055775,78.90756302521008
1790844398,1,GET,GET /inventory/{product_id},0.300000,0.000000,130,130,130,130,130,130,130,130,130,130,130,52,0,130,135.6697307771985,110.13390001608059,209.8204999929294,75.0
1790844398,1,POST,POST /events,0.700000,0.000000,69,71,71,77,77,77,77,77,77,77,77,186,0,82,93.01102956880875,60.54559996118769,2108.6113000055775,80.0
1790844398,1,,Aggregated,1.000000,0.000000,77,120,130,130,130,130,130,130,130,130,130,238,0,84,102.3314180681208,60.54559996118769,2108.6113000055775,78.90756302521008
1790844399,1,GET,GET /inventory/{product_id},0.300000,0.000000,130,130,130,130,130,130,130,130,130,130,130,53,0,130,135.4633981212622,110.13390001608059,209.8204999929294,75.0
1790844399,1,POST,POST /events,0.700000,0.000000,69,71,71,77,77,77,77,77,77,77,77,186,0,82,93.01102956880875,60.54559996118769,2108.6113000055775,80.0
1790844399,1,,Aggregated,1.000000,0.000000,77,120,130,130,130,130,130,130,130,130,130,239,0,85,102.4251531390181,60.54559996118769,2108.6113000055775,78.89121338912133
1790844400,1,GET,GET /inventory/{product_id},0.300000,0.000000,130,130,130,130,130,130,130,130,130,130,130,53,0,130,135.4633981212622,110.13390001608059,209.8204999929294,75.0
1790844400,1,POST,POST /events,0.600000,0.000000,71,76,76,77,77,77,77,77,77,77,77,187,0,82,92.92147860876011,60.54559996118769,2108.6113000055775,80.0
1790844400,1,,Aggregated,0.900000,0.000000,77,120,130,130,130,130,130,130,130,130,130,240,0,84,102.31615250110433,60.54559996118769,2108.6113000055775,78.89583333333333
1790844401,1,GET,GET /inventory/{product_id},0.400000,0.000000,130,130,130,130,130,130,130,130,130,130,130,53,0,130,135.4633981212622,110.13390001608059,209.8204999929294,75.0
1790844401,1,POST,POST /events,0.500000,0.000000,76,77,77,77,77,77,77,77,77,77,77,188,0,82,92.83420797765622,60.54559996118769,2108.6113000055775,80.0
1790844401,1,,Aggregated,0.900000,0.000000,77,120,130,130,130,130,130,130,130,130,130,241,0,84,102.20909211712143,60.54559996118769,2108.6113000055775,78.90041493775934
1790844402,1,GET,GET /inventory/{product_id},0.400000,0.000000,130,130,130,130,130,130,130,130,130,130,130,53,0,130,135.4633981212622,110.13390001608059,209.8204999929294,75.0
1790844402,1,POST,POST /events,0.500000,0.000000,76,77,77,77,77,77,77,77,77,77,77,189,0,82,92.67280793566474,60.54559996118769,2108.6113000055775,80.0
1790844402,1,,Aggregated,0.900000,0.000000,77,120,130,130,130,130,130,130,130,130,130,242,0,84,102.0443008275518,60.54559996118769,2108.6113000055775,78.90495867768595
1790844403,1,GET,GET /inventory/{product_id},0.300000,0.000000,130,130,130,130,130,130,130,130,130,130,130,53,0,130,135.4633981212622,110.13390001608059,209.8204999929294,75.0
1790844403,1,POST,POST /events,0.600000,0.000000,76,76,77,77,77,77,77,77,77,77,77,190,0,82,92.57350420965322,60.54559996118769,2108.6113000055775,80.0
1790844403,1,,Aggregated,0.900000,0.000000,77,120,130,130,130,130,130,130,130,130,130,243,0,84,101.92809012453091,60.54559996118769,2108.6113000055775,78.90946502057614
1790844404,1,GET,GET /inventory/{product_id},0.300000,0.000000,130,130,140,140,140,140,140,140,140,140,140,54,0,130,135.587205563853,110.13390001608059,209.8204999929294,75.0
1790844404,1,POST,POST /events,0.600000,0.000000,74,76,76,77,77,77,77,77,77,77,77,190,0,82,92.57350420965322,60.54559996118769,2108.6113000055775,80.0
1790844404,1,,Aggregated,0.900000,0.000000,77,120,130,130,140,140,140,140,140,140,140,244,0,84,102.09292991918925,60.54559996118769,2108.6113000055775,78.89344262295081
1790844405,1,GET,GET /inventory/{product_id},0.300000,0.000000,130,130,140,140,140,140,140,140,140,140,140,54,0,130,135.587205563853,110.13390001608059,209.8204999929294,75.0
1790844405,1,POST,POST /events,0.600000,0.000000,76,76,77,77,77,77,77,77,77,77,77,191,0,82,92.49446806174835,60.54559996118769,2108.6113000055775,80.0
1790844405,1,,Aggregated,0.900000,0.000000,77,77,120,130,140,140,140,140,140,140,140,245,0,84,101.9924591846612,60.54559996118769,2108.6113000055775,78.89795918367346
1790844406,1,GET,GET /inventory/{product_id},0.300000,0.000000,130,130,140,140,140,140,140,140,140,140,140,54,0,130,135.587205563853,110.13390001608059,209.8204999929294,75.0
1790844406,1,POST,POST /events,0.600000,0.000000,74,76,77,77,77,77,77,77,77,77,77,192,0,82,92.33677760312275,60.54559996118769,2108.6113000055775,80.0
1790844406,1,,Aggregated,0.900000,0.000000,77,77,120,130,140,140,140,140,140,140,140,246,0,84,101.83077398474646,60.54559996118769,2108.6113000055775,78.90243902439025
1790844407,1,GET,GET /inventory/{product_id},0.400000,0.000000,140,140,140,140,140,140,140,140,140,140,140,54,0,130,135.587205563853,110.13390001608059,209.8204999929294,75.0
1790844407,1,POST,POST /events,0.500000,0.000000,74,76,77,77,77,77,77,77,77,77,77,193,0,82,92.20869326300513,60.54559996118769,2108.6113000055775,80.0
1790844407,1,,Aggregated,0.900000,0.000000,76,77,77,120,140,140,140,140,140,140,140,247,0,84,101.69225465671276,60.54559996118769,2108.6113000055775,78.90688259109312
1790844408,1,GET,GET /inventory/{product_id},0.300000,0.000000,140,140,150,150,150,150,150,150,150,150,150,55,0,130,135.83624364533037,110.13390001608059,209.8204999929294,75.0
1790844408,1,POST,POST /events,0.600000,0.000000,74,76,77,77,77,77,77,77,77,77,77,193,0,82,92.20869326300513,60.54559996118769,2108.6113000055775,80.0
1790844408,1,,Aggregated,0.900000,0.000000,76,77,77,140,150,150,150,150,150,150,150,248,0,84,101.88415806553695,60.54559996118769,2108.6113000055775,78.89112903225806
1790844409,1,GET,GET /inventory/{product_id},0.300000,0.000000,140,140,150,150,150,150,150,150,150,150,150,55,0,130,135.83624364533037,110.13390001608059,209.8204999929294,75.0
1790844409,1,POST,POST /events,0.700000,0.000000,74,77,77,77,80,80,80,80,80,80,80,194,0,82,92.14502474090285,60.54559996118769,2108.6113000055775,80.0
1790844409,1,,Aggregated,1.000000,0.000000,77,77,80,140,150,150,150,150,150,150,150,249,0,84,101.79569558324629,60.54559996118769,2108.6113000055775,78.89558232931726
1790844410,1,GET,GET /inventory/{product_id},0.300000,0.000000,150,150,150,150,150,150,150,150,150,150,150,55,0,130,135.83624364533037,110.13390001608059,209.8204999929294,75.0
1790844410,1,POST,POST /events,0.700000,0.000000,74,74,77,77,80,80,80,80,80,80,80,194,0,82,92.14502474090285,60.54559996118769,2108.6113000055775,80.0
1790844410,1,,Aggregated,1.000000,0.000000,77,80,140,140,150,150,150,150,150,150,150,249,0,84,101.79569558324629,60.54559996118769,2108.6113000055775,78.89558232931726
1790844411,1,GET,GET /inventory/{product_id},0.200000,0.000000,150,150,150,150,150,150,150,150,150,150,150,55,0,130,135.83624364533037,110.13390001608059,209.8204999929294,75.0
1790844411,1,POST,POST /events,0.700000,0.000000,76,76,77,77,80,80,80,80,80,80,80,195,0,82,92.06053487037141,60.54559996118769,2108.6113000055775,80.0
1790844411,1,,Aggregated,0.900000,0.000000,77,80,140,140,150,150,150,150,150,150,150,250,0,84,101.69119080086239,60.54559996118769,2108.6113000055775,78.9
1790844412,1,GET,GET /inventory/{product_id},0.200000,0.000000,150,150,150,150,150,150,150,150,150,150,150,55,0,130,135.83624364533037,110.13390001608059,209.8204999929294,75.0
1790844412,1,POST,POST /events,0.700000,0.000000,74,76,77,77,80,80,80,80,80,80,80,196,0,82,91.92707397819412,60.54559996118769,2108.6113000055775,80.0
1790844412,1,,Aggregated,0.900000,0.000000,77,80,140,140,150,150,150,150,150,150,150,251,0,84,101.54860518015624,60.54559996118769,2108.6113000055775,78.90438247011951
1790844413,1,GET,GET /inventory/{product_id},0.200000,0.000000,150,150,150,150,150,150,150,150,150,150,150,55,0,130,135.83624364533037,110.13390001608059,209.8204999929294,75.0
1790844413,1,POST,POST /events,0.700000,0.000000,76,77,80,80,81,81,81,81,81,81,81,197,0,82,91.86972994776916,60.54559996118769,2108.6113000055775,80.0
1790844413,1,,Aggregated,0.900000,0.000000,77,80,81,81,150,150,150,150,150,150,150,252,0,84,101.46559603255434,60.54559996118769,2108.6113000055775,78.90873015873017
1790844414,1,GET,GET /inventory/{product_id},0.200000,0.000000,150,150,150,150,150,150,150,150,150,150,150,55,0,130,135.83624364533037,110.13390001608059,209.8204999929294,75.0
1790844414,1,POST,POST /events,0.700000,0.000000,76,78,80,80,81,81,81,81,81,81,81,198,0,81,91.79744292773786,60.54559996118769,2108.6113000055775,80.0
1790844414,1,,Aggregated,0.900000,0.000000,78,80,81,81,150,150,150,150,150,150,150,253,0,84,101.37109525764927,60.54559996118769,2108.6113000055775,78.91304347826087
1790844415,1,GET,GET /inventory/{product_id},0.200000,0.000000,150,150,150,150,150,150,150,150,150,150,150,55,0,130,135.83624364533037,110.13390001608059,209.8204999929294,75.0
1790844415,1,POST,POST /events,0.700000,0.000000,78,80,80,80,81,81,81,81,81,81,81,199,0,81,91.73893416914667,60.54559996118769,2108.6113000055775,80.0
1790844415,1,,Aggregated,0.900000,0.000000,80,80,81,81,150,150,150,150,150,150,150,254,0,84,101.28756417383212,60.54559996118769,2108.6113000055775,78.91732283464567
1790844416,1,GET,GET /inventory/{product_id},0.200000,0.000000,150,150,150,150,150,150,150,150,150,150,150,55,0,130,135.83624364533037,110.13390001608059,209.8204999929294,75.0
1790844416,1,POST,POST /events,0.700000,0.000000,78,80,80,80,81,81,81,81,81,81,81,200,0,81,91.64750149822794,60.54559996118769,2108.6113000055775,80.0
1790844416,1,,Aggregated,0.900000,0.000000,78,80,80,81,150,150,150,150,150,150,150,255,0,84,101.17840666721082,60.54559996118769,2108.6113000055775,78.92156862745098
1790844417,1,GET,GET /inventory/{product_id},0.100000,0.000000,150,150,150,150,150,150,150,150,150,150,150,55,0,130,135.83624364533037,110.13390001608059,209.8204999929294,75.0
1790844417,1,POST,POST /events,0.800000,0.000000,78,80,80,80,81,81,81,81,81,81,81,201,0,81,91.4994930331271,60.54559996118769,2108.6113000055775,80.0
1790844417,1,,Aggregated,0.900000,0.000000,78,80,80,81,150,150,150,150,150,150,150,256,0,84,101.02496679746764,60.54559996118769,2108.6113000055775,78.92578125
1790844418,1,GET,GET /inventory/{product_id},0.100000,0.000000,150,150,150,150,150,150,150,150,150,150,150,55,0,130,135.83624364533037,110.13390001608059,209.8204999929294,75.0
1790844418,1,POST,POST /events,0.800000,0.000000,77,78,80,80,81,81,81,81,81,81,81,202,0,81,91.4280316815481,60.54559996118769,2108.6113000055775,80.0
1790844418,1,,Aggregated,0.900000,0.000000,77,78,80,80,81,81,81,81,81,81,81,257,0,84,100.93173463099568,60.54559996118769,2108.6113000055775,78.92996108949416
1790844419,1,GET,GET /inventory/{product_id},0.100000,0.000000,150,150,150,150,150,150,150,150,150,150,150,55,0,130,135.83624364533037,110.13390001608059,209.8204999929294,75.0
1790844419,1,POST,POST /events,0.800000,0.000000,76,77,78,80,81,81,81,81,81,81,81,203,0,81,91.29001379151842,60.54559996118769,2108.6113000055775,80.0
1790844419,1,,Aggregated,0.900000,0.000000,76,77,78,80,81,81,81,81,81,81,81,258,0,84,100.78630310143957,60.54559996118769,2108.6113000055775,78.93410852713178
1790844420,1,GET,GET /inventory/{product_id},0.100000,0.000000,150,150,150,150,150,150,150,150,150,150,150,55,0,130,135.83624364533037,110.13390001608059,209.8204999929294,75.0
1790844420,1,POST,POST /events,0.900000,0.000000,77,78,80,81,82,82,82,82,82,82,82,204,0,81,91.24583333152044,60.54559996118769,2108.6113000055775,80.0
1790844420,1,,Aggregated,1.000000,0.000000,77,78,80,81,82,82,82,82,82,82,82,259,0,84,100.71483938271561,60.54559996118769,2108.6113000055775,78.93822393822394
1790844421,1,GET,GET /inventory/{product_id},0.000000,0.000000,150,150,150,150,150,150,150,150,150,150,150,55,0,130,135.83624364533037,110.13390001608059,209.8204999929294,75.0
1790844421,1,POST,POST /events,1.000000,0.000000,78,80,81,82,90,90,90,90,90,90,90,205,0,81,91.2413326810432,60.54559996118769,2108.6113000055775,80.0
1790844421,1,,Aggregated,1.000000,0.000000,78,80,81,82,90,90,90,90,90,90,90,260,0,84,100.67487153887319,60.54559996118769,2108.6113000055775,78.9423076923077
1790844422,1,GET,GET /inventory/{product_id},0.000000,0.000000,150,150,150,150,150,150,150,150,150,150,150,56,0,130,135.75757679479597,110.13390001608059,209.8204999929294,75.0
1790844422,1,POST,POST /events,0.900000,0.000000,78,80,82,82,90,90,90,90,90,90,90,205,0,81,91.2413326810432,60.54559996118769,2108.6113000055775,80.0
1790844422,1,,Aggregated,0.900000,0.000000,78,80,82,90,130,130,130,130,130,130,130,261,0,84,100.79271072843844,60.54559996118769,2108.6113000055775,78.9272030651341
1790844423,1,GET,GET /inventory/{product_id},0.000000,0.000000,150,150,150,150,150,150,150,150,150,150,150,56,0,130,135.75757679479597,110.13390001608059,209.8204999929294,75.0
1790844423,1,POST,POST /events,0.900000,0.000000,77,80,82,82,90,90,90,90,90,90,90,206,0,81,91.10932378437442,60.54559996118769,2108.6113000055775,80.0
1790844423,1,,Aggregated,0.900000,0.000000,77,80,82,90,130,130,130,130,130,130,130,262,0,84,100.65246183240346,60.54559996118769,2108.6113000055775,78.93129770992367
1790844424,1,GET,GET /inventory/{product_id},0.000000,0.000000,150,150,150,150,150,150,150,150,150,150,150,56,0,130,135.75757679479597,110.13390001608059,209.8204999929294,75.0
1790844424,1,POST,POST /events,0.900000,0.000000,73,77,82,82,90,90,90,90,90,90,90,206,0,81,91.10932378437442,60.54559996118769,2108.6113000055775,80.0
1790844424,1,,Aggregated,0.900000,0.000000,77,82,90,90,130,130,130,130,130,130,130,262,0,84,100.65246183240346,60.54559996118769,2108.6113000055775,78.93129770992367
1790844425,1,GET,GET /inventory/{product_id},0.000000,0.000000,130,130,130,130,130,130,130,130,130,130,130,56,0,130,135.75757679479597,110.13390001608059,209.8204999929294,75.0
1790844425,1,POST,POST /events,0.900000,0.000000,73,77,82,82,90,90,90,90,90,90,90,207,0,81,91.02332898374009,60.54559996118769,2108.6113000055775,80.0
1790844425,1,,Aggregated,0.900000,0.000000,77,82,90,90,130,130,130,130,130,130,130,263,0,84,100.54849201575198,60.54559996118769,2108.6113000055775,78.93536121673004
1790844426,1,GET,GET /inventory/{product_id},0.100000,0.000000,130,130,130,130,130,130,130,130,130,130,130,56,0,130,135.75757679479597,110.13390001608059,209.8204999929294,75.0
1790844426,1,POST,POST /events,0.800000,0.000000,73,77,82,82,90,90,90,90,90,90,90,208,0,81,90.92175672916571,60.54559996118769,2108.6113000055775,80.0
1790844426,1,,Aggregated,0.900000,0.000000,77,82,90,90,130,130,130,130,130,130,130,264,0,84,100.43238522793575,60.54559996118769,2108.6113000055775,78.93939393939394
1790844427,1,GET,GET /inventory/{product_id},0.100000,0.000000,130,130,130,130,130,130,130,130,130,130,130,56,0,130,135.75757679479597,110.13390001608059,209.8204999929294,75.0
1790844427,1,POST,POST /events,0.800000,0.000000,73,76,82,82,90,90,90,90,90,90,90,209,0,81,90.85174306055184,60.54559996118769,2108.6113000055775,80.0
1790844427,1,,Aggregated,0.900000,0.000000,76,82,90,90,130,130,130,130,130,130,130,265,0,84,100.34127773646757,60.54559996118769,2108.6113000055775,78.94339622641509
1790844428,1,GET,GET /inventory/{product_id},0.100000,0.000000,130,130,130,130,130,130,130,130,130,130,130,56,0,130,135.75757679479597,110.13390001608059,209.8204999929294,75.0
1790844428,1,POST,POST /events,0.800000,0.000000,76,78,82,82,90,90,90,90,90,90,90,210,0,81,90.79130618899528,60.54559996118769,2108.6113000055775,80.0
1790844428,1,,Aggregated,0.900000,0.000000,76,78,82,90,130,130,130,130,130,130,130,266,0,84,100.257889474427,60.54559996118769,2108.6113000055775,78.94736842105263
1790844429,1,GET,GET /inventory/{product_id},0.100000,0.000000,130,130,130,130,130,130,130,130,130,130,130,56,0,130,135.75757679479597,110.13390001608059,209.8204999929294,75.0
1790844429,1,POST,POST /events,0.800000,0.000000,76,78,82,82,90,90,90,90,90,90,90,211,0,81,90.65323127836422,60.54559996118769,2108.6113000055775,80.0
1790844429,1,,Aggregated,0.900000,0.000000,76,78,82,90,130,130,130,130,130,130,130,267,0,84,100.11331872750345,60.54559996118769,2108.6113000055775,78.95131086142322
1790844430,1,GET,GET /inventory/{product_id},0.100000,0.000000,130,130,130,130,130,130,130,130,130,130,130,56,0,130,135.75757679479597,110.13390001608059,209.8204999929294,75.0
1790844430,1,POST,POST /events,0.800000,0.000000,76,78,80,80,90,90,90,90,90,90,90,212,0,81,90.60268396103122,60.54559996118769,2108.6113000055775,80.0
1790844430,1,,Aggregated,0.900000,0.000000,76,78,80,90,130,130,130,130,130,130,130,268,0,84,100.03803470241489,60.54559996118769,2108.6113000055775,78.95522388059702
1790844431,1,GET,GET /inventory/{product_id},0.100000,0.000000,130,130,130,130,130,130,130,130,130,130,130,56,0,130,135.75757679479597,110.13390001608059,209.8204999929294,75.0
1790844431,1,POST,POST /events,0.800000,0.000000,76,78,79,80,90,90,90,90,90,90,90,213,0,81,90.54960657136314,60.54559996118769,2108.6113000055775,80.0
1790844431,1,,Aggregated,0.900000,0.000000,76,78,79,80,130,130,130,130,130,130,130,269,0,84,99.96093122754246,60.54559996118769,2108.6113000055775,78.95910780669145
1790844432,1,GET,GET /inventory/{product_id},0.100000,0.000000,130,130,130,130,130,130,130,130,130,130,130,56,0,130,135.75757679479597,110.13390001608059,209.8204999929294,75.0
1790844432,1,POST,POST /events,0.800000,0.000000,76,78,79,80,80,80,80,80,80,80,80,214,0,81,90.49836588641585,60.54559996118769,2108.6113000055775,80.0
1790844432,1,,Aggregated,0.900000,0.000000,76,78,79,80,80,80,80,80,80,80,80,270,0,84,99.88546148222802,60.54559996118769,2108.6113000055775,78.96296296296296
1790844433,1,GET,GET /inventory/{product_id},0.100000,0.000000,130,130,130,130,130,130,130,130,130,130,130,56,0,130,135.75757679479597,110.13390001608059,209.8204999929294,75.0
1790844433,1,POST,POST /events,0.900000,0.000000,78,78,79,80,80,80,80,80,80,80,80,215,0,81,90.4405748823571,60.54559996118769,2108.6113000055775,80.0
1790844433,1,,Aggregated,1.000000,0.000000,78,78,79,80,80,80,80,80,80,80,80,271,0,84,99.80497380153265,60.54559996118769,2108.6113000055775,78.96678966789668
