Timestamp,User Count,Type,Name,Requests/s,Failures/s,50%,66%,75%,80%,90%,95%,98%,99%,99.9%,99.99%,100%,Total Request Count,Total Failure Count,Total Median Response Time,Total Average Response Time,Total Min Response Time,Total Max Response Time,Total Average Content Size
1790844434,0,,Aggregated,0.000000,0.000000,N/A,N/A,N/A,N/A,N/A,N/A,N/A,N/A,N/A,N/A,N/A,0,0,0,0.0,0,0,0
1790844435,2,POST,POST /events,0.000000,0.000000,0,0,0,0,0,0,0,0,0,0,0,1,0,179.40399999497458,179.40399999497458,179.40399999497458,179.40399999497458,80.0
1790844435,2,,Aggregated,0.000000,0.000000,0,0,0,0,0,0,0,0,0,0,0,1,0,179.40399999497458,179.40399999497458,179.40399999497458,179.40399999497458,80.0
1790844436,3,GET,GET /inventory/{product_id},0.000000,0.000000,0,0,0,0,0,0,0,0,0,0,0,1,0,118.33889997797087,118.33889997797087,118.33889997797087,118.33889997797087,75.0
1790844436,3,POST,POST /events,0.000000,0.000000,120,120,120,120,120,120,120,120,120,120,120,2,0,122.88670003181323,151.1453500133939,122.88670003181323,179.40399999497458,80.0
1790844436,3,,Aggregated,0.000000,0.000000,120,120,120,120,120,120,120,120,120,120,120,3,0,120,140.2098666682529,118.33889997797087,179.40399999497458,78.33333333333333
1790844437,4,GET,GET /inventory/{product_id},0.000000,0.000000,120,120,120,120,120,120,120,120,120,120,120,1,0,118.33889997797087,118.33889997797087,118.33889997797087,118.33889997797087,75.0
1790844437,4,POST,POST /events,0.000000,0.000000,120,120,140,140,140,140,140,140,140,140,140,5,0,120,116.10430001746863,70.01350005157292,179.40399999497458,80.0
1790844437,4,,Aggregated,0.000000,0.000000,120,120,120,140,140,140,140,140,140,140,140,6,0,120,116.476733344219,70.01350005157292,179.40399999497458,79.16666666666667
1790844438,5,GET,GET /inventory/{product_id},0.000000,0.000000,240,240,240,240,240,240,240,240,240,240,240,2,0,120,177.16419999487698,118.33889997797087,235.9895000117831,75.0
1790844438,5,POST,POST /events,1.000000,0.000000,110,120,130,130,140,140,140,140,140,140,140,8,0,110,108.98151250148658,54.25459996331483,179.40399999497458,80.0
1790844438,5,,Aggregated,1.000000,0.000000,120,120,130,140,240,240,240,240,240,240,240,10,0,120,122.61805000016466,54.25459996331483,235.9895000117831,79.0
1790844439,6,GET,GET /inventory/{product_id},0.500000,0.000000,120,120,240,240,240,240,240,240,240,240,240,3,0,120,154.07299999302873,107.89059998933226,235.9895000117831,75.0
1790844439,6,POST,POST /events,1.000000,0.000000,73,110,120,130,140,140,140,140,140,140,140,10,0,73,101.69797000125982,54.25459996331483,179.40399999497458,80.0
1790844439,6,,Aggregated,1.500000,0.000000,110,120,130,130,140,240,240,240,240,240,240,13,0,110,113.78451538397573,54.25459996331483,235.9895000117831,78.84615384615384
1790844440,7,GET,GET /inventory/{product_id},0.500000,0.000000,120,120,240,240,240,240,240,240,240,240,240,4,0,110,141.52429999376182,103.87819999596104,235.9895000117831,75.0
1790844440,7,POST,POST /events,2.000000,0.000000,110,130,140,160,990,1400,1400,1400,1400,1400,1400,15,0,110,245.93932000764957,54.25459996331483,1379.0189000428654,80.0
1790844440,7,,Aggregated,2.500000,0.000000,110,120,140,160,990,1400,1400,1400,1400,1400,1400,19,0,110,223.95721053104162,54.25459996331483,1379.0189000428654,78.94736842105263
1790844441,8,GET,GET /inventory/{product_id},0.600000,0.000000,120,120,240,240,240,240,240,240,240,240,240,4,0,110,141.52429999376182,103.87819999596104,235.9895000117831,75.0
1790844441,8,POST,POST /events,2.000000,0.000000,74,110,130,130,160,990,1400,1400,1400,1400,1400,22,0,74,192.8140954590741,54.25459996331483,1379.0189000428654,80.0
1790844441,8,,Aggregated,2.600000,0.000000,77,120,130,140,240,990,1400,1400,1400,1400,1400,26,0,77,184.92335769517993,54.25459996331483,1379.0189000428654,79.23076923076923
1790844442,9,GET,GET /inventory/{product_id},0.666667,0.000000,120,120,140,140,240,240,240,240,240,240,240,7,0,120,133.2299857167527,103.87819999596104,235.9895000117831,75.0
1790844442,9,POST,POST /events,2.333333,0.000000,74,110,130,130,160,990,1400,1400,1400,1400,1400,27,0,74,172.8399592641465,54.25459996331483,1379.0189000428654,80.0
1790844442,9,,Aggregated,3.000000,0.000000,86,120,130,140,160,990,1400,1400,1400,1400,1400,34,0,86,164.68496471027132,54.25459996331483,1379.0189000428654,78.97058823529412
1790844443,10,GET,GET /inventory/{product_id},0.571429,0.000000,120,120,130,140,240,240,240,240,240,240,240,9,0,120,130.7705666662918,103.87819999596104,235.9895000117831,75.0
1790844443,10,POST,POST /events,3.000000,0.000000,74,85,120,130,160,990,1400,1400,1400,1400,1400,34,0,74,153.96915588644333,54.25459996331483,1379.0189000428654,80.0
1790844443,10,,Aggregated,3.571429,0.000000,85,120,120,130,160,240,1400,1400,1400,1400,1400,43,0,85,149.11363721245814,54.25459996331483,1379.0189000428654,78.95348837209302
1790844444,10,GET,GET /inventory/{product_id},0.750000,0.000000,120,130,140,140,210,240,240,240,240,240,240,11,0,120,136.79965454767543,103.87819999596104,235.9895000117831,75.0
1790844444,10,POST,POST /events,3.250000,0.000000,73,83,86,120,140,160,1400,1400,1400,1400,1400,42,0,73,137.39935238429877,54.25459996331483,1379.0189000428654,80.0
1790844444,10,,Aggregated,4.000000,0.000000,82,110,120,130,160,240,990,1400,1400,1400,1400,53,0,82,137.27488679556564,54.25459996331483,1379.0189000428654,78.9622641509434
1790844445,10,GET,GET /inventory/{product_id},0.777778,0.000000,120,120,130,140,210,240,240,240,240,240,240,13,0,120,133.71783845986312,103.87819999596104,235.9895000117831,75.0
1790844445,10,POST,POST /events,3.555556,0.000000,72,76,84,86,140,160,1400,1400,1400,1400,1400,50,0,72,126.4370080025401,54.25459996331483,1379.0189000428654,80.0
1790844445,10,,Aggregated,4.333333,0.000000,76,100,120,120,160,240,990,1400,1400,1400,1400,63,0,76,127.93940158897183,54.25459996331483,1379.0189000428654,78.96825396825396
1790844446,10,GET,GET /inventory/{product_id},1.100000,0.000000,120,130,130,140,210,240,240,240,240,240,240,16,0,120,132.59157500215224,103.87819999596104,235.9895000117831,75.0
1790844446,10,POST,POST /events,3.800000,0.000000,72,77,82,85,130,160,1400,1400,1400,1400,1400,55,0,72,121.70130545590919,54.25459996331483,1379.0189000428654,80.0
1790844446,10,,Aggregated,4.900000,0.000000,76,100,120,120,140,210,990,1400,1400,1400,1400,71,0,77,124.15545070576678,54.25459996331483,1379.0189000428654,78.87323943661971
1790844447,10,GET,GET /inventory/{product_id},1.100000,0.000000,120,130,130,130,140,210,210,210,210,210,210,20,0,120,130.6156650010962,103.87819999596104,235.9895000117831,75.0
1790844447,10,POST,POST /events,4.500000,0.000000,70,75,81,83,120,160,990,1400,1400,1400,1400,61,0,71,116.64008033045828,54.25459996331483,1379.0189000428654,80.0
1790844447,10,,Aggregated,5.600000,0.000000,76,89,120,120,130,160,990,1400,1400,1400,1400,81,0,77,120.09084197752937,54.25459996331483,1379.0189000428654,78.76543209876543
1790844448,10,GET,GET /inventory/{product_id},1.400000,0.000000,120,130,130,130,140,210,210,210,210,210,210,23,0,120,129.2916130471934,99.72490003565326,235.9895000117831,75.0
1790844448,10,POST,POST /events,4.900000,0.000000,70,76,81,83,120,160,990,1400,1400,1400,1400,67,0,71,112.72894776488808,54.25459996331483,1379.0189000428654,80.0
1790844448,10,,Aggregated,6.300000,0.000000,76,89,120,120,130,160,990,1400,1400,1400,1400,90,0,77,116.96162889258832,54.25459996331483,1379.0189000428654,78.72222222222223
1790844449,10,GET,GET /inventory/{product_id},1.700000,0.000000,120,130,130,130,140,140,210,210,210,210,210,24,0,120,129.64061667056134,99.72490003565326,235.9895000117831,75.0
1790844449,10,POST,POST /events,5.200000,0.000000,71,77,80,82,86,92,130,160,160,160,160,75,0,72,109.01726000321408,54.25459996331483,1379.0189000428654,80.0
1790844449,10,,Aggregated,6.900000,0.000000,77,85,110,120,130,140,160,210,210,210,210,99,0,78,114.01686161954069,54.25459996331483,1379.0189000428654,78.78787878787878
1790844450,10,GET,GET /inventory/{product_id},1.900000,0.000000,120,130,130,140,140,170,210,210,210,210,210,25,0,120,131.28990000346676,99.72490003565326,235.9895000117831,75.0
1790844450,10,POST,POST /events,5.500000,0.000000,70,77,81,82,87,92,120,160,160,160,160,83,0,72,105.72491807467584,54.25459996331483,1379.0189000428654,80.0
1790844450,10,,Aggregated,7.400000,0.000000,78,86,110,120,130,140,170,210,210,210,210,108,0,78,111.64273796559966,54.25459996331483,1379.0189000428654,78.8425925925926
1790844451,10,GET,GET /inventory/{product_id},2.100000,0.000000,120,130,130,140,170,210,210,210,210,210,210,25,0,120,131.28990000346676,99.72490003565326,235.9895000117831,75.0
1790844451,10,POST,POST /events,5.900000,0.000000,71,77,80,82,85,89,93,120,120,120,120,91,0,72,102.69606373833165,54.25459996331483,1379.0189000428654,80.0
1790844451,10,,Aggregated,8.000000,0.000000,77,83,93,110,130,130,170,210,210,210,210,116,0,77,108.85852845064525,54.25459996331483,1379.0189000428654,78.92241379310344
1790844452,10,GET,GET /inventory/{product_id},2.000000,0.000000,130,130,140,140,170,210,210,210,210,210,210,27,0,120,131.77211481767395,99.72490003565326,235.9895000117831,75.0
1790844452,10,POST,POST /events,6.500000,0.000000,70,77,79,81,84,89,92,93,93,93,93,99,0,72,99.90374343540293,53.99099999340251,1379.0189000428654,80.0
1790844452,10,,Aggregated,8.500000,0.000000,77,82,92,110,130,140,170,210,210,210,210,126,0,77,106.7326801601753,53.99099999340251,1379.0189000428654,78.92857142857143
1790844453,10,GET,GET /inventory/{product_id},2.100000,0.000000,120,130,130,140,160,170,210,210,210,210,210,30,0,120,131.07852666677596,99.72490003565326,235.9895000117831,75.0
1790844453,10,POST,POST /events,6.700000,0.000000,71,77,78,80,83,89,92,93,93,93,93,104,0,72,98.56601442487982,53.99099999340251,1379.0189000428654,80.0
1790844453,10,,Aggregated,8.800000,0.000000,76,82,89,110,130,130,160,170,170,170,170,134,0,77,105.8449350760506,53.99099999340251,1379.0189000428654,78.88059701492537
1790844454,10,GET,GET /inventory/{product_id},2.100000,0.000000,120,130,130,130,140,160,170,170,170,170,170,32,0,120,130.42499999937718,99.72490003565326,235.9895000117831,75.0
1790844454,10,POST,POST /events,7.000000,0.000000,72,77,78,81,82,89,92,93,93,93,93,112,0,72,96.86460089506,53.99099999340251,1379.0189000428654,80.0
1790844454,10,,Aggregated,9.100000,0.000000,77,82,93,110,130,130,160,170,170,170,170,144,0,77,104.32246736268604,53.99099999340251,1379.0189000428654,78.88888888888889
1790844455,10,GET,GET /inventory/{product_id},2.200000,0.000000,130,130,140,140,160,170,170,170,170,170,170,33,0,120,130.9704030299503,99.72490003565326,235.9895000117831,75.0
1790844455,10,POST,POST /events,7.000000,0.000000,72,78,79,81,84,89,92,93,93,93,93,120,0,72,95.39852416783106,53.99099999340251,1379.0189000428654,80.0
1790844455,10,,Aggregated,9.200000,0.000000,77,81,89,100,130,140,160,170,170,170,170,153,0,77,103.0708901969156,53.99099999340251,1379.0189000428654,78.92156862745098
1790844456,10,GET,GET /inventory/{product_id},2.100000,0.000000,130,140,140,140,160,170,170,170,170,170,170,34,0,120,131.18521470631308,99.72490003565326,235.9895000117831,75.0
1790844456,10,POST,POST /events,7.100000,0.000000,73,78,80,81,84,92,93,95,95,95,95,129,0,72,93.91273410951126,53.99099999340251,1379.0189000428654,80.0
1790844456,10,,Aggregated,9.200000,0.000000,77,81,89,93,130,140,160,170,170,170,170,163,0,77,101.68736196405888,53.99099999340251,1379.0189000428654,78.95705521472392
1790844457,10,GET,GET /inventory/{product_id},2.200000,0.000000,130,140,140,140,160,170,170,170,170,170,170,38,0,120,130.7977657890756,99.72490003565326,235.9895000117831,75.0
1790844457,10,POST,POST /events,7.000000,0.000000,73,78,79,81,82,92,93,95,95,95,95,135,0,72,92.68286444496846,53.99099999340251,1379.0189000428654,80.0
1790844457,10,,Aggregated,9.200000,0.000000,77,81,87,95,130,140,160,170,170,170,170,173,0,77,101.05492369974344,53.99099999340251,1379.0189000428654,78.90173410404624
1790844458,10,GET,GET /inventory/{product_id},1.800000,0.000000,130,140,140,140,160,170,170,170,170,170,170,41,0,120,130.1090731697225,99.72490003565326,235.9895000117831,75.0
1790844458,10,POST,POST /events,7.300000,0.000000,72,78,79,80,82,87,93,95,95,95,95,142,0,72,91.74998661972137,53.99099999340251,1379.0189000428654,80.0
1790844458,10,,Aggregated,9.100000,0.000000,77,81,82,95,130,140,160,170,170,170,170,183,0,77,100.34409890688009,53.99099999340251,1379.0189000428654,78.87978142076503
1790844459,10,GET,GET /inventory/{product_id},1.800000,0.000000,130,130,140,140,160,170,170,170,170,170,170,43,0,120,129.4977767433603,99.72490003565326,235.9895000117831,75.0
1790844459,10,POST,POST /events,7.300000,0.000000,72,78,79,81,82,92,93,95,95,95,95,150,0,72,90.85343133386534,53.99099999340251,1379.0189000428654,80.0
1790844459,10,,Aggregated,9.100000,0.000000,77,81,92,110,130,140,160,170,170,170,170,193,0,77,99.46331139919324,53.99099999340251,1379.0189000428654,78.88601036269431
1790844460,10,GET,GET /inventory/{product_id},1.800000,0.000000,130,130,130,140,150,160,160,160,160,160,160,43,0,120,129.4977767433603,99.72490003565326,235.9895000117831,75.0
1790844460,10,POST,POST /events,7.300000,0.000000,72,77,79,81,82,88,93,95,95,95,95,158,0,72,89.61443544352203,53.99099999340251,1379.0189000428654,80.0
1790844460,10,,Aggregated,9.100000,0.000000,76,81,88,100,130,130,150,160,160,160,160,201,0,77,98.14669253751728,53.99099999340251,1379.0189000428654,78.93034825870647
1790844461,10,GET,GET /inventory/{product_id},1.700000,0.000000,120,130,130,130,140,150,150,150,150,150,150,46,0,120,128.57328695574088,99.72490003565326,235.9895000117831,75.0
1790844461,10,POST,POST /events,7.400000,0.000000,72,77,80,81,83,88,93,95,95,95,95,164,0,72,89.15259939030653,53.99099999340251,1379.0189000428654,80.0
1790844461,10,,Aggregated,9.100000,0.000000,77,82,92,100,130,130,140,150,150,150,150,210,0,77,97.78760714273501,53.99099999340251,1379.0189000428654,78.9047619047619
1790844462,10,GET,GET /inventory/{product_id},1.900000,0.000000,130,130,130,140,150,150,150,150,150,150,150,48,0,120,128.84751041565323,99.72490003565326,235.9895000117831,75.0
1790844462,10,POST,POST /events,7.200000,0.000000,72,77,79,81,83,88,93,95,95,95,95,171,0,72,88.45342748542453,53.99099999340251,1379.0189000428654,80.0
1790844462,10,,Aggregated,9.100000,0.000000,77,82,92,100,130,130,150,150,150,150,150,219,0,77,97.30692511396781,53.99099999340251,1379.0189000428654,78.9041095890411
1790844463,10,GET,GET /inventory/{product_id},1.800000,0.000000,130,130,140,140,150,150,150,150,150,150,150,49,0,120,129.26102040706164,99.72490003565326,235.9895000117831,75.0
1790844463,10,POST,POST /events,7.200000,0.000000,71,77,79,80,84,88,93,95,95,95,95,178,0,72,87.83626516828355,53.99099999340251,1379.0189000428654,80.0
1790844463,10,,Aggregated,9.000000,0.000000,75,81,85,95,130,140,150,150,150,150,150,227,0,77,96.77817268678632,53.99099999340251,1379.0189000428654,78.92070484581498
1790844464,10,GET,GET /inventory/{product_id},2.000000,0.000000,130,140,140,140,150,150,150,150,150,150,150,51,0,120,129.70976862604456,99.72490003565326,235.9895000117831,75.0
1790844464,10,POST,POST /events,7.000000,0.000000,72,77,79,80,84,88,93,95,95,95,95,185,0,72,87.31660270257979,53.99099999340251,1379.0189000428654,80.0
1790844464,10,,Aggregated,9.000000,0.000000,77,81,88,100,130,140,150,150,150,150,150,236,0,77,96.47783771146412,53.99099999340251,1379.0189000428654,78.91949152542372
1790844465,10,GET,GET /inventory/{product_id},2.000000,0.000000,130,130,140,140,150,150,150,150,150,150,150,51,0,120,129.70976862604456,99.72490003565326,235.9895000117831,75.0
1790844465,10,POST,POST /events,7.200000,0.000000,71,77,80,81,85,89,95,100,100,100,100,194,0,72,86.75871443299854,53.99099999340251,1379.0189000428654,80.0
1790844465,10,,Aggregated,9.200000,0.000000,77,83,89,100,130,140,150,150,150,150,150,245,0,77,95.69954612216323,53.99099999340251,1379.0189000428654,78.95918367346938
1790844466,10,GET,GET /inventory/{product_id},1.800000,0.000000,130,130,130,140,150,150,150,150,150,150,150,53,0,120,129.58842830047152,99.72490003565326,235.9895000117831,75.0
1790844466,10,POST,POST /events,7.300000,0.000000,70,77,80,81,85,91,94,100,100,100,100,201,0,72,86.3283487565037,53.99099999340251,1379.0189000428654,80.0
1790844466,10,,Aggregated,9.100000,0.000000,77,83,89,100,130,130,150,150,150,150,150,254,0,77,95.3550582676466,53.99099999340251,1379.0189000428654,78.95669291338582
1790844467,10,GET,GET /inventory/{product_id},1.800000,0.000000,130,130,140,140,150,150,150,150,150,150,150,53,0,120,129.58842830047152,99.72490003565326,235.9895000117831,75.0
1790844467,10,POST,POST /events,7.500000,0.000000,70,77,80,81,85,91,94,100,100,100,100,211,0,72,85.42749573481026,53.99099999340251,1379.0189000428654,80.0
1790844467,10,,Aggregated,9.300000,0.000000,75,80,84,91,120,130,150,150,150,150,150,264,0,77,94.2931374998862,53.99099999340251,1379.0189000428654,78.99621212121212
1790844468,10,GET,GET /inventory/{product_id},2.000000,0.000000,130,140,150,150,150,170,170,170,170,170,170,56,0,120,130.2799089265006,99.72490003565326,235.9895000117831,75.0
1790844468,10,POST,POST /events,7.400000,0.000000,70,77,79,81,85,91,94,100,100,100,100,217,0,72,85.03452718927426,53.294300043489784,1379.0189000428654,80.0
1790844468,10,,Aggregated,9.400000,0.000000,75,80,85,93,130,140,150,170,170,170,170,273,0,77,94.31563113537197,53.294300043489784,1379.0189000428654,78.97435897435898
1790844469,10,GET,GET /inventory/{product_id},1.700000,0.000000,130,140,150,150,150,170,170,170,170,170,170,58,0,130,130.48388103348333,99.72490003565326,235.9895000117831,75.0
1790844469,10,POST,POST /events,7.600000,0.000000,70,76,79,80,84,89,94,100,100,100,100,225,0,72,84.60273377804293,53.294300043489784,1379.0189000428654,80.0
1790844469,10,,Aggregated,9.300000,0.000000,74,80,84,91,130,150,150,170,170,170,170,283,0,77,94.00593710247948,53.294300043489784,1379.0189000428654,78.97526501766785
1790844470,10,GET,GET /inventory/{product_id},1.500000,0.000000,140,150,150,150,160,170,170,170,170,170,170,59,0,130,130.9382999986726,99.72490003565326,235.9895000117831,75.0
1790844470,10,POST,POST /events,7.800000,0.000000,71,76,79,80,84,89,94,100,100,100,100,234,0,71,84.04485170971245,53.294300043489784,1379.0189000428654,80.0
1790844470,10,,Aggregated,9.300000,0.000000,75,80,85,94,130,150,160,170,170,170,170,293,0,76,93.48755972694332,53.294300043489784,1379.0189000428654,78.99317406143345
1790844471,10,GET,GET /inventory/{product_id},1.600000,0.000000,140,150,150,150,160,170,170,170,170,170,170,61,0,130,130.7119131135968,99.72490003565326,235.9895000117831,75.0
1790844471,10,POST,POST /events,7.600000,0.000000,71,76,79,79,84,89,94,100,100,100,100,242,0,72,83.75236611622809,53.294300043489784,1379.0189000428654,80.0
1790844471,10,,Aggregated,9.200000,0.000000,75,79,84,89,130,150,160,170,170,170,170,303,0,76,93.20626831701848,53.294300043489784,1379.0189000428654,78.99339933993399
1790844472,10,GET,GET /inventory/{product_id},1.500000,0.000000,140,140,150,160,160,170,170,170,170,170,170,64,0,130,131.2985640606712,99.72490003565326,235.9895000117831,75.0
1790844472,10,POST,POST /events,7.500000,0.000000,71,75,78,79,84,89,94,100,100,100,100,248,0,72,83.49782137097904,53.294300043489784,1379.0189000428654,80.0
1790844472,10,,Aggregated,9.000000,0.000000,74,79,84,91,140,150,160,170,170,170,170,312,0,76,93.30310192271077,53.294300043489784,1379.0189000428654,78.97435897435898
1790844473,10,GET,GET /inventory/{product_id},1.600000,0.000000,140,140,150,160,160,170,170,170,170,170,170,65,0,130,131.3418861523342,99.72490003565326,235.9895000117831,75.0
1790844473,10,POST,POST /events,7.500000,0.000000,71,75,78,79,85,89,94,100,100,100,100,257,0,72,83.01851400744953,51.78809998324141,1379.0189000428654,80.0
1790844473,10,,Aggregated,9.100000,0.000000,74,79,85,91,130,150,160,170,170,170,170,322,0,76,92.773231987007,51.78809998324141,1379.0189000428654,78.99068322981367
1790844474,10,GET,GET /inventory/{product_id},1.400000,0.000000,140,150,150,160,160,170,170,170,170,170,170,65,0,130,131.3418861523342,99.72490003565326,235.9895000117831,75.0
1790844474,10,POST,POST /events,7.700000,0.000000,72,75,78,79,82,86,91,94,94,94,94,267,0,72,82.59453071121733,51.78809998324141,1379.0189000428654,80.0
1790844474,10,,Aggregated,9.100000,0.000000,74,79,81,86,130,150,160,170,170,170,170,332,0,75,92.1384406620384,51.78809998324141,1379.0189000428654,79.0210843373494
1790844475,10,GET,GET /inventory/{product_id},1.500000,0.000000,140,150,150,160,160,170,170,170,170,170,170,68,0,130,131.7570161747212,99.72490003565326,235.9895000117831,75.0
1790844475,10,POST,POST /events,7.500000,0.000000,72,75,76,78,81,85,86,91,91,91,91,272,0,72,82.36292169107507,51.78809998324141,1379.0189000428654,80.0
1790844475,10,,Aggregated,9.000000,0.000000,74,78,81,86,140,150,160,170,170,170,170,340,0,75,92.2417405878043,51.78809998324141,1379.0189000428654,79.0
1790844476,10,GET,GET /inventory/{product_id},1.500000,0.000000,140,150,150,160,160,170,170,170,170,170,170,70,0,130,131.69724714077478,99.72490003565326,235.9895000117831,75.0
1790844476,10,POST,POST /events,7.600000,0.000000,72,75,76,78,81,85,86,87,87,87,87,277,0,72,82.23092202109785,51.78809998324141,1379.0189000428654,80.0
1790844476,10,,Aggregated,9.100000,0.000000,74,79,85,87,140,150,160,170,170,170,170,347,0,76,92.20971959567245,51.78809998324141,1379.0189000428654,78.9913544668588
1790844477,10,GET,GET /inventory/{product_id},1.500000,0.000000,140,140,150,160,160,170,170,170,170,170,170,72,0,130,131.75021388613257,99.72490003565326,235.9895000117831,75.0
1790844477,10,POST,POST /events,7.600000,0.000000,72,75,76,79,82,86,87,90,90,90,90,284,0,72,82.00532042164795,51.78809998324141,1379.0189000428654,80.0
1790844477,10,,Aggregated,9.100000,0.000000,75,79,86,110,140,150,160,170,170,170,170,356,0,75,92.06608539199316,51.78809998324141,1379.0189000428654,78.98876404494382
1790844478,10,GET,GET /inventory/{product_id},1.600000,0.000000,140,140,150,150,160,160,160,160,160,160,160,73,0,130,131.8863698605078,99.72490003565326,235.9895000117831,75.0
1790844478,10,POST,POST /events,7.500000,0.000000,72,75,78,79,81,86,87,90,90,90,90,290,0,72,81.85311172334156,51.78809998324141,1379.0189000428654,80.0
1790844478,10,,Aggregated,9.100000,0.000000,74,79,82,87,140,140,160,160,160,160,160,363,0,76,91.91489641759263,51.78809998324141,1379.0189000428654,78.99449035812673
1790844479,10,GET,GET /inventory/{product_id},1.800000,0.000000,140,140,160,160,160,160,160,160,160,160,160,74,0,130,132.30700945683026,99.72490003565326,235.9895000117831,75.0
1790844479,10,POST,POST /events,7.500000,0.000000,73,76,79,80,84,87,90,1000,1000,1000,1000,299,0,72,84.80676588560314,51.78809998324141,1379.0189000428654,80.0
1790844479,10,,Aggregated,9.300000,0.000000,75,80,85,90,140,160,160,1000,1000,1000,1000,373,0,76,94.23040670134257,51.78809998324141,1379.0189000428654,79.00804289544236
1790844480,10,GET,GET /inventory/{product_id},1.900000,0.000000,140,140,140,140,160,160,170,170,170,170,170,80,0,130,132.85351999875274,99.72490003565326,235.9895000117831,75.0
1790844480,10,POST,POST /events,7.400000,0.000000,73,78,79,80,86,87,90,1000,1000,1000,1000,303,0,72,84.69164125346994,51.78809998324141,1379.0189000428654,80.0
1790844480,10,,Aggregated,9.300000,0.000000,78,82,90,130,140,160,170,1000,1000,1000,1000,383,0,76,94.75156370679272,51.78809998324141,1379.0189000428654,78.9556135770235
1790844481,10,GET,GET /inventory/{product_id},1.600000,0.000000,140,140,140,140,160,160,170,170,170,170,170,82,0,130,132.77468780373655,99.72490003565326,235.9895000117831,75.0
1790844481,10,POST,POST /events,7.500000,0.000000,72,76,79,80,86,87,90,1000,1000,1000,1000,311,0,72,84.37452122095188,51.78809998324141,1379.0189000428654,80.0
1790844481,10,,Aggregated,9.100000,0.000000,76,82,90,130,140,160,170,1000,1000,1000,1000,393,0,76,94.47328371405199,51.78809998324141,1379.0189000428654,78.95674300254453
1790844482,10,GET,GET /inventory/{product_id},1.600000,0.000000,140,140,140,140,160,170,170,170,170,170,170,82,0,130,132.77468780373655,99.72490003565326,235.9895000117831,75.0
1790844482,10,POST,POST /events,7.700000,0.000000,72,75,79,80,86,90,97,1000,1000,1000,1000,320,0,72,83.96468343671586,51.78809998324141,1379.0189000428654,80.0
1790844482,10,,Aggregated,9.300000,0.000000,75,81,87,120,140,140,170,1000,1000,1000,1000,402,0,76,93.92095298421759,51.78809998324141,1379.0189000428654,78.98009950248756
1790844483,10,GET,GET /inventory/{product_id},2.100000,0.000000,140,140,140,140,160,160,170,170,170,170,170,87,0,130,132.76660689500684,99.72490003565326,235.9895000117831,75.0
1790844483,10,POST,POST /events,7.000000,0.000000,72,76,79,81,86,90,97,1000,1000,1000,1000,325,0,72,83.74833076852016,51.78809998324141,1379.0189000428654,80.0
1790844483,10,,Aggregated,9.100000,0.000000,76,84,120,120,140,160,170,1000,1000,1000,1000,412,0,76,94.09927742629769,51.78809998324141,1379.0189000428654,78.94417475728156
1790844484,10,GET,GET /inventory/{product_id},2.100000,0.000000,130,140,140,140,160,160,170,170,170,170,170,91,0,130,132.40650439299745,99.72490003565326,235.9895000117831,75.0
1790844484,10,POST,POST /events,6.800000,0.000000,71,75,79,81,86,90,97,1000,1000,1000,1000,331,0,72,83.49710634348244,51.78809998324141,1379.0189000428654,80.0
1790844484,10,,Aggregated,8.900000,0.000000,76,87,120,130,140,160,170,1000,1000,1000,1000,422,0,76,94.04391966695606,51.78809998324141,1379.0189000428654,78.9218009478673
1790844485,10,GET,GET /inventory/{product_id},1.800000,0.000000,130,140,140,140,160,160,170,170,170,170,170,91,0,130,132.40650439299745,99.72490003565326,235.9895000117831,75.0
1790844485,10,POST,POST /events,7.200000,0.000000,71,76,79,81,84,90,97,1000,1000,1000,1000,340,0,72,83.23714058719548,51.78809998324141,1379.0189000428654,80.0
1790844485,10,,Aggregated,9.000000,0.000000,76,82,120,120,140,140,170,1000,1000,1000,1000,431,0,76,93.61860719120472,51.78809998324141,1379.0189000428654,78.94431554524363
1790844486,10,GET,GET /inventory/{product_id},2.300000,0.000000,130,140,140,140,160,170,170,170,170,170,170,91,0,130,132.40650439299745,99.72490003565326,235.9895000117831,75.0
1790844486,10,POST,POST /events,6.700000,0.000000,71,75,79,80,84,87,97,1000,1000,1000,1000,349,0,72,82.89476704782403,51.78809998324141,1379.0189000428654,80.0
1790844486,10,,Aggregated,9.000000,0.000000,75,81,97,120,140,140,170,1000,1000,1000,1000,440,0,75,93.13469454421217,51.78809998324141,1379.0189000428654,78.9659090909091
1790844487,10,GET,GET /inventory/{product_id},2.500000,0.000000,140,140,140,150,160,160,170,170,170,170,170,95,0,130,132.86158315604553,99.72490003565326,235.9895000117831,75.0
1790844487,10,POST,POST /events,6.400000,0.000000,71,75,78,81,84,87,97,1000,1000,1000,1000,353,0,72,82.7576668546192,51.78809998324141,1379.0189000428654,80.0
1790844487,10,,Aggregated,8.900000,0.000000,75,82,120,130,140,150,170,1000,1000,1000,1000,448,0,75,93.38238124889487,51.78809998324141,1379.0189000428654,78.93973214285714
1790844488,10,GET,GET /inventory/{product_id},2.200000,0.000000,140,140,140,150,160,160,170,170,170,170,170,96,0,130,132.9545802066908,99.72490003565326,235.9895000117831,75.0
1790844488,10,POST,POST /events,6.800000,0.000000,71,75,77,79,82,86,90,97,97,97,97,361,0,72,82.57056343423362,51.78809998324141,1379.0189000428654,80.0
1790844488,10,,Aggregated,9.000000,0.000000,75,82,120,130,140,150,160,170,170,170,170,457,0,75,93.15451444113928,51.78809998324141,1379.0189000428654,78.94967177242889
1790844489,10,GET,GET /inventory/{product_id},2.100000,0.000000,130,140,140,140,150,160,170,170,170,170,170,99,0,130,132.70375656370882,99.72490003565326,235.9895000117831,75.0
1790844489,10,POST,POST /events,6.900000,0.000000,71,75,76,78,83,86,90,97,97,97,97,368,0,72,82.41722391239423,51.78809998324141,1379.0189000428654,80.0
1790844489,10,,Aggregated,9.000000,0.000000,75,84,120,130,140,140,160,170,170,170,170,467,0,76,93.07753811470718,51.78809998324141,1379.0189000428654,78.94004282655246
1790844490,10,GET,GET /inventory/{product_id},2.300000,0.000000,140,140,140,140,150,150,160,160,160,160,160,101,0,130,132.91340098903044,99.72490003565326,235.9895000117831,75.0
1790844490,10,POST,POST /events,6.800000,0.000000,70,75,76,78,84,90,90,97,97,97,97,375,0,71,82.11160506634042,51.78809998324141,1379.0189000428654,80.0
1790844490,10,,Aggregated,9.100000,0.000000,74,81,90,120,140,140,150,160,160,160,160,476,0,75,92.89097773060868,51.78809998324141,1379.0189000428654,78.9390756302521
1790844491,10,GET,GET /inventory/{product_id},2.400000,0.000000,140,140,140,140,150,150,160,160,160,160,160,102,0,130,132.85687352889036,99.72490003565326,235.9895000117831,75.0
1790844491,10,POST,POST /events,6.900000,0.000000,70,74,76,77,83,89,90,97,97,97,97,382,0,71,81.93051989488328,51.78809998324141,1379.0189000428654,80.0
1790844491,10,,Aggregated,9.300000,0.000000,74,81,90,120,140,140,150,160,160,160,160,484,0,75,92.66293326403353,51.78809998324141,1379.0189000428654,78.94628099173553
1790844492,10,GET,GET /inventory/{product_id},2.500000,0.000000,140,140,140,150,150,160,160,160,160,160,160,104,0,130,133.1525355764405,99.72490003565326,235.9895000117831,75.0
1790844492,10,POST,POST /events,6.600000,0.000000,71,75,76,78,84,89,90,92,92,92,92,389,0,71,81.72538740306634,51.78809998324141,1379.0189000428654,80.0
1790844492,10,,Aggregated,9.100000,0.000000,75,82,92,130,140,150,160,160,160,160,160,493,0,75,92.5741164294982,51.78809998324141,1379.0189000428654,78.94523326572008
1790844493,10,GET,GET /inventory/{product_id},2.100000,0.000000,140,140,150,150,160,160,160,160,160,160,160,107,0,130,133.43218691586125,99.72490003565326,235.9895000117831,75.0
1790844493,10,POST,POST /events,7.200000,0.000000,71,75,76,78,84,89,90,92,92,92,92,396,0,71,81.55114166606147,51.78809998324141,1379.0189000428654,80.0
1790844493,10,,Aggregated,9.300000,0.000000,75,81,89,110,140,150,160,160,160,160,160,503,0,75,92.58746739514413,51.78809998324141,1379.0189000428654,78.93638170974155
1790844494,10,GET,GET /inventory/{product_id},2.100000,0.000000,140,140,150,150,160,160,160,160,160,160,160,110,0,130,133.38197090885262,99.72490003565326,235.9895000117831,75.0
1790844494,10,POST,POST /events,7.300000,0.000000,71,75,76,78,86,89,90,92,92,92,92,403,0,71,81.34343449076032,51.78809998324141,1379.0189000428654,80.0
1790844494,10,,Aggregated,9.400000,0.000000,74,81,89,110,140,150,160,160,160,160,160,513,0,75,92.50179512621871,51.78809998324141,1379.0189000428654,78.92787524366472
1790844495,10,GET,GET /inventory/{product_id},2.200000,0.000000,140,150,150,150,160,160,160,160,160,160,160,110,0,130,133.38197090885262,99.72490003565326,235.9895000117831,75.0
1790844495,10,POST,POST /events,6.900000,0.000000,70,73,75,76,86,89,90,92,92,92,92,413,0,71,81.01358498727393,51.78809998324141,1379.0189000428654,80.0
1790844495,10,,Aggregated,9.100000,0.000000,72,78,89,110,140,150,160,160,160,160,160,523,0,75,92.02796825949889,51.78809998324141,1379.0189000428654,78.94837476099427
1790844496,10,GET,GET /inventory/{product_id},1.900000,0.000000,140,150,150,150,160,160,160,160,160,160,160,112,0,130,133.38824999976038,99.72490003565326,235.9895000117831,75.0
1790844496,10,POST,POST /events,7.200000,0.000000,70,72,75,77,88,89,90,92,92,92,92,420,0,71,80.85619238041718,51.78809998324141,1379.0189000428654,80.0
1790844496,10,,Aggregated,9.100000,0.000000,72,84,90,120,140,150,160,160,160,160,160,532,0,75,91.91557293185785,51.78809998324141,1379.0189000428654,78.94736842105263
1790844497,10,GET,GET /inventory/{product_id},1.900000,0.000000,140,150,150,150,160,160,160,160,160,160,160,113,0,130,133.4125769908738,99.72490003565326,235.9895000117831,75.0
1790844497,10,POST,POST /events,7.200000,0.000000,69,72,75,76,88,89,90,92,92,92,92,429,0,71,80.58701142153674,51.78809998324141,1379.0189000428654,80.0
1790844497,10,,Aggregated,9.100000,0.000000,71,77,88,92,140,150,160,160,160,160,160,542,0,75,91.6004595937417,51.78809998324141,1379.0189000428654,78.95756457564576
1790844498,10,GET,GET /inventory/{product_id},1.900000,0.000000,140,150,150,150,160,160,160,160,160,160,160,115,0,130,133.6346773911551,99.72490003565326,235.9895000117831,75.0
1790844498,10,POST,POST /events,7.200000,0.000000,69,71,73,75,88,89,90,92,92,92,92,435,0,71,80.42242804558241,51.78809998324141,1379.0189000428654,80.0
1790844498,10,,Aggregated,9.100000,0.000000,71,76,89,110,140,150,160,160,160,160,160,550,0,75,91.54862563602033,51.78809998324141,1379.0189000428654,78.95454545454545
1790844499,10,GET,GET /inventory/{product_id},2.100000,0.000000,140,150,150,150,160,160,160,160,160,160,160,116,0,130,133.55389051691324,99.72490003565326,235.9895000117831,75.0
1790844499,10,POST,POST /events,7.000000,0.000000,68,71,73,75,87,89,90,92,92,92,92,444,0,71,80.15979481937032,51.78809998324141,1379.0189000428654,80.0
1790844499,10,,Aggregated,9.100000,0.000000,71,75,88,90,140,150,160,160,160,160,160,560,0,75,91.2200003567185,51.78809998324141,1379.0189000428654,78.96428571428571
1790844500,10,GET,GET /inventory/{product_id},1.700000,0.000000,140,150,150,150,160,160,160,160,160,160,160,118,0,130,133.6322635593745,99.72490003565326,235.9895000117831,75.0
1790844500,10,POST,POST /events,7.300000,0.000000,69,72,74,76,85,88,89,92,92,92,92,451,0,71,80.04077760507343,51.78809998324141,1379.0189000428654,80.0
1790844500,10,,Aggregated,9.000000,0.000000,71,76,88,89,140,150,160,160,160,160,160,569,0,75,91.15465342687928,51.78809998324141,1379.0189000428654,78.96309314586995
1790844501,10,GET,GET /inventory/{product_id},1.800000,0.000000,140,150,150,150,160,160,160,160,160,160,160,119,0,130,133.5954806721425,99.72490003565326,235.9895000117831,75.0
1790844501,10,POST,POST /events,7.400000,0.000000,68,72,74,76,84,88,89,92,92,92,92,459,0,71,79.8353416117797,51.78809998324141,1379.0189000428654,80.0
1790844501,10,,Aggregated,9.200000,0.000000,70,76,85,88,140,150,160,160,160,160,160,578,0,75,90.90360553597203,51.78809998324141,1379.0189000428654,78.97058823529412
1790844502,10,GET,GET /inventory/{product_id},1.700000,0.000000,140,140,150,150,160,160,160,160,160,160,160,120,0,130,133.59465083340183,99.72490003565326,235.9895000117831,75.0
1790844502,10,POST,POST /events,7.700000,0.000000,68,71,73,75,82,88,88,89,89,89,89,467,0,71,79.60747109192107,51.78809998324141,1379.0189000428654,80.0
1790844502,10,,Aggregated,9.400000,0.000000,70,75,82,88,130,150,160,160,160,160,160,587,0,74,90.64403253822037,51.78809998324141,1379.0189000428654,78.9778534923339
1790844503,10,GET,GET /inventory/{product_id},1.700000,0.000000,140,140,140,150,150,150,150,150,150,150,150,121,0,130,133.51375454592264,99.72490003565326,235.9895000117831,75.0
1790844503,10,POST,POST /events,7.400000,0.000000,68,72,73,75,81,85,88,89,89,89,89,475,0,71,79.46254989450895,51.78809998324141,1379.0189000428654,80.0
1790844503,10,,Aggregated,9.100000,0.000000,70,74,81,84,120,140,150,150,150,150,150,596,0,74,90.43603271803421,51.78809998324141,1379.0189000428654,78.98489932885906
1790844504,10,GET,GET /inventory/{product_id},1.600000,0.000000,140,140,140,140,150,150,150,150,150,150,150,123,0,130,133.51738374023432,99.72490003565326,235.9895000117831,75.0
1790844504,10,POST,POST /events,7.600000,0.000000,68,72,73,76,81,84,87,88,88,88,88,482,0,71,79.31569979235789,51.78809998324141,1379.0189000428654,80.0
1790844504,10,,Aggregated,9.200000,0.000000,70,74,79,82,120,140,150,150,150,150,150,605,0,74,90.33521570242202,51.78809998324141,1379.0189000428654,78.98347107438016
1790844505,10,GET,GET /inventory/{product_id},1.600000,0.000000,140,140,140,140,150,150,150,150,150,150,150,126,0,130,133.3982706354517,99.72490003565326,235.9895000117831,75.0
1790844505,10,POST,POST /events,7.800000,0.000000,68,72,74,77,81,84,87,88,88,88,88,488,0,71,79.21856618820323,51.78809998324141,1379.0189000428654,80.0
1790844505,10,,Aggregated,9.400000,0.000000,71,77,81,85,130,140,150,150,150,150,150,614,0,74,90.33687687281774,51.78809998324141,1379.0189000428654,78.97394136807817
1790844506,10,GET,GET /inventory/{product_id},1.400000,0.000000,140,140,140,140,150,150,150,150,150,150,150,128,0,130,133.48041406334232,99.72490003565326,235.9895000117831,75.0
1790844506,10,POST,POST /events,7.900000,0.000000,68,72,76,77,81,83,84,85,85,85,85,496,0,71,79.09248286253593,51.78809998324141,1379.0189000428654,80.0
1790844506,10,,Aggregated,9.300000,0.000000,71,77,81,83,130,140,150,150,150,150,150,624,0,74,90.24898157039365,51.78809998324141,1379.0189000428654,78.97435897435898
1790844507,10,GET,GET /inventory/{product_id},1.400000,0.000000,130,140,140,140,150,190,190,190,190,190,190,132,0,130,133.9081401533666,99.72490003565326,235.9895000117831,75.0
1790844507,10,POST,POST /events,7.900000,0.000000,68,72,74,77,81,83,84,85,85,85,85,501,0,71,78.97518802340795,51.78809998324141,1379.0189000428654,80.0
1790844507,10,,Aggregated,9.300000,0.000000,71,77,83,120,130,140,150,190,190,190,190,633,0,74,90.43040078984482,51.78809998324141,1379.0189000428654,78.95734597156398
1790844508,10,GET,GET /inventory/{product_id},1.600000,0.000000,130,140,140,140,180,190,190,190,190,190,190,133,0,130,134.22749774605805,99.72490003565326,235.9895000117831,75.0
1790844508,10,POST,POST /events,7.500000,0.000000,68,72,76,77,81,82,84,85,85,85,85,510,0,71,78.87178980345911,51.78809998324141,1379.0189000428654,80.0
1790844508,10,,Aggregated,9.100000,0.000000,71,78,81,85,130,140,180,190,190,190,190,643,0,74,90.32172628303245,51.78809998324141,1379.0189000428654,78.96578538102644
1790844509,10,GET,GET /inventory/{product_id},1.500000,0.000000,130,140,140,150,180,190,190,190,190,190,190,135,0,130,134.22162222365537,99.72490003565326,235.9895000117831,75.0
1790844509,10,POST,POST /events,7.600000,0.000000,69,72,77,77,81,82,83,84,84,84,84,516,0,71,78.77619127885532,51.78809998324141,1379.0189000428654,80.0
1790844509,10,,Aggregated,9.100000,0.000000,71,79,82,120,140,140,180,190,190,190,190,651,0,74,90.27409170519635,51.78809998324141,1379.0189000428654,78.963133640553
1790844510,10,GET,GET /inventory/{product_id},1.900000,0.000000,130,140,150,150,180,190,190,190,190,190,190,136,0,130,134.38042794244691,99.72490003565326,235.9895000117831,75.0
1790844510,10,POST,POST /events,7.300000,0.000000,70,74,77,78,81,82,84,84,84,84,84,525,0,71,78.71121371397749,51.78809998324141,1379.0189000428654,80.0
1790844510,10,,Aggregated,9.200000,0.000000,72,79,82,84,130,150,180,190,190,190,190,661,0,74,90.16509137671855,51.78809998324141,1379.0189000428654,78.97125567322239
1790844511,10,GET,GET /inventory/{product_id},1.800000,0.000000,140,140,150,150,160,180,190,190,190,190,190,140,0,130,134.67130214391676,99.72490003565326,235.9895000117831,75.0
1790844511,10,POST,POST /events,7.300000,0.000000,69,74,77,77,81,82,84,84,84,84,84,531,0,71,78.59132806000979,51.78809998324141,1379.0189000428654,80.0
1790844511,10,,Aggregated,9.100000,0.000000,74,79,84,120,140,150,180,190,190,190,190,671,0,74,90.29206780926012,51.78809998324141,1379.0189000428654,78.95678092399403
1790844513,10,GET,GET /inventory/{product_id},1.900000,0.000000,140,150,150,160,160,180,190,190,190,190,190,143,0,130,134.99781818306596,99.72490003565326,235.9895000117831,75.0
1790844513,10,POST,POST /events,7.000000,0.000000,70,76,77,78,81,82,84,84,84,84,84,536,0,71,78.51094179085209,51.78809998324141,1379.0189000428654,80.0
1790844513,10,,Aggregated,8.900000,0.000000,77,81,120,130,150,160,180,190,190,190,190,679,0,74,90.40729425636988,51.78809998324141,1379.0189000428654,78.94698085419735
1790844514,10,GET,GET /inventory/{product_id},2.100000,0.000000,140,150,150,160,160,180,190,190,190,190,190,147,0,130,135.20580068069074,99.72490003565326,235.9895000117831,75.0
1790844514,10,POST,POST /events,7.100000,0.000000,70,75,77,78,81,82,84,84,84,84,84,542,0,71,78.43131844982732,51.78809998324141,1379.0189000428654,80.0
1790844514,10,,Aggregated,9.200000,0.000000,76,81,130,130,150,160,180,190,190,190,190,689,0,75,90.54430667615087,51.78809998324141,1379.0189000428654,78.933236574746
1790844515,10,GET,GET /inventory/{product_id},2.100000,0.000000,150,150,150,160,160,180,190,190,190,190,190,148,0,130,135.17436486506847,99.72490003565326,235.9895000117831,75.0
1790844515,10,POST,POST /events,7.100000,0.000000,70,75,77,78,81,82,84,84,84,84,84,549,0,71,78.31759271366718,51.78809998324141,1379.0189000428654,80.0
1790844515,10,,Aggregated,9.200000,0.000000,75,81,130,130,150,160,180,190,190,190,190,697,0,75,90.39047977020577,51.78809998324141,1379.0189000428654,78.93830703012912
1790844516,10,GET,GET /inventory/{product_id},2.300000,0.000000,150,150,160,160,170,180,190,190,190,190,190,150,0,130,135.36312266679792,99.72490003565326,235.9895000117831,75.0
1790844516,10,POST,POST /events,6.800000,0.000000,70,75,77,78,81,84,84,87,87,87,87,556,0,71,78.21365557514673,51.78809998324141,1379.0189000428654,80.0
1790844516,10,,Aggregated,9.100000,0.000000,75,81,130,130,150,160,180,190,190,190,190,706,0,74,90.35589362578084,51.78809998324141,1379.0189000428654,78.93767705382436
1790844517,10,GET,GET /inventory/{product_id},2.400000,0.000000,150,150,160,160,170,180,180,180,180,180,180,152,0,130,135.45273421071838,99.72490003565326,235.9895000117831,75.0
1790844517,10,POST,POST /events,6.700000,0.000000,70,75,77,78,82,84,94,94,94,94,94,564,0,71,78.14048226912017,51.78809998324141,1379.0189000428654,80.0
1790844517,10,,Aggregated,9.100000,0.000000,75,81,94,130,150,160,170,180,180,180,180,716,0,74,90.30732905001811,51.78809998324141,1379.0189000428654,78.93854748603351
1790844518,10,GET,GET /inventory/{product_id},2.400000,0.000000,150,150,150,160,160,170,170,170,170,170,170,153,0,130,135.3315405229569,99.72490003565326,235.9895000117831,75.0
1790844518,10,POST,POST /events,6.800000,0.000000,72,75,77,78,82,84,94,94,94,94,94,572,0,71,78.07820646828642,51.78809998324141,1379.0189000428654,80.0
1790844518,10,,Aggregated,9.200000,0.000000,75,81,94,130,150,150,160,170,170,170,170,725,0,74,90.16063420672035,51.78809998324141,1379.0189000428654,78.9448275862069
1790844519,10,GET,GET /inventory/{product_id},2.400000,0.000000,150,150,150,150,160,160,170,170,170,170,170,157,0,130,135.5790974524845,99.72490003565326,235.9895000117831,75.0
1790844519,10,POST,POST /events,6.800000,0.000000,72,76,78,79,82,87,94,96,96,96,96,577,0,71,78.09385147282251,51.78809998324141,1379.0189000428654,80.0
1790844519,10,,Aggregated,9.200000,0.000000,77,82,130,140,150,150,160,170,170,170,170,734,0,75,90.38974196166029,51.78809998324141,1379.0189000428654,78.93051771117166
1790844520,10,GET,GET /inventory/{product_id},2.100000,0.000000,140,150,150,150,160,160,170,170,170,170,170,158,0,130,135.5359626582476,99.72490003565326,235.9895000117831,75.0
1790844520,10,POST,POST /events,6.900000,0.000000,71,73,78,78,83,92,94,96,96,96,96,586,0,71,78.0029848118435,51.78809998324141,1379.0189000428654,80.0
1790844520,10,,Aggregated,9.000000,0.000000,75,83,130,130,150,150,160,170,170,170,170,744,0,74,90.22100967707448,51.78809998324141,1379.0189000428654,78.93817204301075
1790844521,10,GET,GET /inventory/{product_id},2.400000,0.000000,140,150,150,150,160,160,170,170,170,170,170,162,0,130,135.80310987711044,99.72490003565326,235.9895000117831,75.0
1790844521,10,POST,POST /events,6.700000,0.000000,72,75,78,79,87,94,94,96,96,96,96,591,0,71,77.98663570187898,51.78809998324141,1379.0189000428654,80.0
1790844521,10,,Aggregated,9.100000,0.000000,76,87,120,130,150,150,160,170,170,170,170,753,0,75,90.42523970770567,51.78809998324141,1379.0189000428654,78.92430278884463
1790844522,10,GET,GET /inventory/{product_id},2.300000,0.000000,140,150,150,150,160,160,170,170,170,170,170,164,0,130,135.84718353714135,99.72490003565326,235.9895000117831,75.0
1790844522,10,POST,POST /events,6.800000,0.000000,72,75,79,80,86,92,94,96,96,96,96,598,0,71,77.94646120394259,51.78809998324141,1379.0189000428654,80.0
1790844522,10,,Aggregated,9.100000,0.000000,76,84,110,130,150,150,160,170,170,170,170,762,0,75,90.40803398956542,51.78809998324141,1379.0189000428654,78.9238845144357
1790844523,10,GET,GET /inventory/{product_id},2.500000,0.000000,140,150,150,150,160,170,170,170,170,170,170,167,0,130,136.04742395280286,99.72490003565326,235.9895000117831,75.0
1790844523,10,POST,POST /events,6.500000,0.000000,71,75,79,81,86,92,94,96,96,96,96,604,0,71,77.86070248345298,51.78809998324141,1379.0189000428654,80.0
1790844523,10,,Aggregated,9.000000,0.000000,76,84,110,130,150,150,170,170,170,170,170,771,0,75,90.46405201053655,51.78809998324141,1379.0189000428654,78.91699092088197
1790844524,10,GET,GET /inventory/{product_id},2.400000,0.000000,140,150,150,150,160,170,170,170,170,170,170,169,0,130,136.10031242660088,99.72490003565326,235.9895000117831,75.0
1790844524,10,POST,POST /events,6.600000,0.000000,72,76,79,80,86,92,94,96,96,96,96,612,0,71,77.79089379119777,51.78809998324141,1379.0189000428654,80.0
1790844524,10,,Aggregated,9.000000,0.000000,76,84,110,130,150,150,170,170,170,170,170,781,0,75,90.4084248403439,51.78809998324141,1379.0189000428654,78.91805377720871
1790844525,10,GET,GET /inventory/{product_id},2.400000,0.000000,140,150,150,160,160,160,170,170,170,170,170,171,0,130,136.3782473691407,99.72490003565326,235.9895000117831,75.0
1790844525,10,POST,POST /events,6.700000,0.000000,72,76,78,79,84,92,94,96,96,96,96,619,0,71,77.72808869172607,51.78809998324141,1379.0189000428654,80.0
1790844525,10,,Aggregated,9.100000,0.000000,76,83,110,130,150,160,160,170,170,170,170,790,0,75,90.4232496206348,51.78809998324141,1379.0189000428654,78.91772151898734
1790844526,10,GET,GET /inventory/{product_id},2.200000,0.000000,150,150,160,160,160,160,170,170,170,170,170,173,0,140,136.6146433529191,99.72490003565326,235.9895000117831,75.0
1790844526,10,POST,POST /events,6.900000,0.000000,72,76,79,79,84,89,92,96,96,96,96,626,0,71,77.69217508011528,51.78809998324141,1379.0189000428654,80.0
1790844526,10,,Aggregated,9.100000,0.000000,77,83,110,130,150,160,160,170,170,170,170,799,0,75,90.45010625808156,51.78809998324141,1379.0189000428654,78.91739674593242
1790844527,10,GET,GET /inventory/{product_id},2.300000,0.000000,150,150,160,160,160,170,180,180,180,180,180,175,0,140,136.75847828587783,99.72490003565326,235.9895000117831,75.0
1790844527,10,POST,POST /events,6.900000,0.000000,72,76,79,79,86,89,92,96,96,96,96,633,0,71,77.65241327030161,51.78809998324141,1379.0189000428654,80.0
1790844527,10,,Aggregated,9.200000,0.000000,76,86,120,140,150,160,170,180,180,180,180,808,0,75,90.4538506189722,51.78809998324141,1379.0189000428654,78.91707920792079
1790844528,10,GET,GET /inventory/{product_id},2.200000,0.000000,150,160,160,160,170,180,180,180,180,180,180,176,0,140,136.76393636375326,99.72490003565326,235.9895000117831,75.0
1790844528,10,POST,POST /events,6.900000,0.000000,71,75,78,79,84,86,91,92,92,92,92,641,0,71,77.51719282375933,51.78809998324141,1379.0189000428654,80.0
1790844528,10,,Aggregated,9.100000,0.000000,75,82,91,120,150,160,170,180,180,180,180,817,0,75,90.28026119957198,51.78809998324141,1379.0189000428654,78.92288861689107
1790844529,10,GET,GET /inventory/{product_id},2.300000,0.000000,150,150,160,160,160,170,180,180,180,180,180,179,0,140,136.97720167595196,99.72490003565326,235.9895000117831,75.0
1790844529,10,POST,POST /events,6.900000,0.000000,72,76,79,81,86,86,90,91,91,91,91,648,0,71,77.49939506183979,51.78809998324141,1379.0189000428654,80.0
1790844529,10,,Aggregated,9.200000,0.000000,76,84,91,140,150,160,170,180,180,180,180,827,0,75,90.3730678356319,51.78809998324141,1379.0189000428654,78.91777509068923
1790844530,10,GET,GET /inventory/{product_id},2.300000,0.000000,150,150,160,160,180,180,180,180,180,180,180,180,0,140,137.21626499997606,99.72490003565326,235.9895000117831,75.0
1790844530,10,POST,POST /events,6.900000,0.000000,72,75,78,79,86,86,90,91,91,91,91,656,0,71,77.41763490855924,51.78809998324141,1379.0189000428654,80.0
1790844530,10,,Aggregated,9.200000,0.000000,74,84,89,130,150,160,180,180,180,180,180,836,0,75,90.29293803829013,51.78809998324141,1379.0189000428654,78.92344497607655
1790844531,10,GET,GET /inventory/{product_id},2.200000,0.000000,150,150,160,160,180,180,180,180,180,180,180,182,0,140,137.2733368128308,99.72490003565326,235.9895000117831,75.0
1790844531,10,POST,POST /events,6.800000,0.000000,72,74,76,78,84,86,89,90,90,90,90,663,0,71,77.36399215704033,51.78809998324141,1379.0189000428654,80.0
1790844531,10,,Aggregated,9.000000,0.000000,74,79,88,120,150,160,180,180,180,180,180,845,0,74,90.26754331367212,51.78809998324141,1379.0189000428654,78.92307692307692
1790844532,10,GET,GET /inventory/{product_id},2.200000,0.000000,150,160,160,160,180,180,180,180,180,180,180,184,0,140,137.35854021734153,99.72490003565326,235.9895000117831,75.0
1790844532,10,POST,POST /events,7.000000,0.000000,72,74,78,79,84,86,89,90,90,90,90,669,0,71,77.31979013473193,51.78809998324141,1379.0189000428654,80.0
1790844532,10,,Aggregated,9.200000,0.000000,74,79,86,120,150,160,180,180,180,180,180,853,0,74,90.27070457224679,51.78809998324141,1379.0189000428654,78.92145369284877
1790844533,10,GET,GET /inventory/{product_id},2.100000,0.000000,150,160,160,160,180,180,180,180,180,180,180,187,0,140,137.74120534756494,99.72490003565326,235.9895000117831,75.0
1790844533,10,POST,POST /events,7.100000,0.000000,71,74,78,79,86,87,89,90,90,90,90,676,0,71,77.26200724862028,51.78809998324141,1379.0189000428654,80.0
1790844533,10,,Aggregated,9.200000,0.000000,74,82,89,140,160,160,180,180,180,180,180,863,0,74,90.36700150644491,51.78809998324141,1379.0189000428654,78.91657010428737
1790844534,10,GET,GET /inventory/{product_id},2.000000,0.000000,150,160,160,160,180,180,180,180,180,180,180,187,0,140,137.74120534756494,99.72490003565326,235.9895000117831,75.0
1790844534,10,POST,POST /events,7.100000,0.000000,71,73,79,81,86,89,94,97,97,97,97,686,0,71,77.22008207012932,51.78809998324141,1379.0189000428654,80.0
1790844534,10,,Aggregated,9.100000,0.000000,73,82,88,97,150,160,180,180,180,180,180,873,0,74,90.18394238270717,51.78809998324141,1379.0189000428654,78.92898052691866
1790844535,10,GET,GET /inventory/{product_id},1.800000,0.000000,150,160,160,160,180,180,180,180,180,180,180,190,0,140,137.730167368672,99.72490003565326,235.9895000117831,75.0
1790844535,10,POST,POST /events,7.200000,0.000000,71,73,79,81,86,89,94,97,97,97,97,691,0,71,77.2065907380983,51.78809998324141,1379.0189000428654,80.0
1790844535,10,,Aggregated,9.000000,0.000000,73,83,90,130,150,160,180,180,180,180,180,881,0,74,90.25934846773394,51.78809998324141,1379.0189000428654,78.9216799091941
1790844536,10,GET,GET /inventory/{product_id},1.900000,0.000000,150,150,160,160,170,180,180,180,180,180,180,190,0,140,137.730167368672,99.72490003565326,235.9895000117831,75.0
1790844536,10,POST,POST /events,7.200000,0.000000,71,74,78,80,86,89,94,97,97,97,97,700,0,71,77.1423281427373,51.78809998324141,1379.0189000428654,80.0
1790844536,10,,Aggregated,9.100000,0.000000,73,80,87,94,150,160,170,180,180,180,180,890,0,74,90.07681067411663,51.78809998324141,1379.0189000428654,78.93258426966293
1790844537,10,GET,GET /inventory/{product_id},1.900000,0.000000,150,160,160,160,170,180,180,180,180,180,180,190,0,140,137.730167368672,99.72490003565326,235.9895000117831,75.0
1790844537,10,POST,POST /events,7.200000,0.000000,71,74,79,81,87,90,97,97,97,97,97,710,0,71,77.07397957729228,51.78809998324141,1379.0189000428654,80.0
1790844537,10,,Aggregated,9.100000,0.000000,73,80,87,94,150,160,170,180,180,180,180,900,0,74,89.87917477769467,51.78809998324141,1379.0189000428654,78.94444444444444
1790844538,10,GET,GET /inventory/{product_id},1.800000,0.000000,150,160,160,160,170,180,180,180,180,180,180,192,0,140,137.74265156280308,99.72490003565326,235.9895000117831,75.0
1790844538,10,POST,POST /events,7.400000,0.000000,70,74,76,79,84,93,97,97,97,97,97,718,0,71,77.02847646231878,51.78809998324141,1379.0189000428654,80.0
1790844538,10,,Aggregated,9.200000,0.000000,72,78,83,89,140,160,170,180,180,180,180,910,0,74,89.8385002197836,51.78809998324141,1379.0189000428654,78.94505494505495
1790844539,10,GET,GET /inventory/{product_id},1.500000,0.000000,140,150,160,160,160,170,170,170,170,170,170,193,0,140,137.67400259089322,99.72490003565326,235.9895000117831,75.0
1790844539,10,POST,POST /events,7.700000,0.000000,70,75,77,80,84,93,97,97,97,97,97,727,0,71,76.94373438788125,51.78809998324141,1379.0189000428654,80.0
1790844539,10,,Aggregated,9.200000,0.000000,72,79,84,89,130,150,160,170,170,170,170,920,0,74,89.68388847829571,51.78809998324141,1379.0189000428654,78.95108695652173
1790844540,10,GET,GET /inventory/{product_id},1.500000,0.000000,150,160,160,160,160,170,170,170,170,170,170,193,0,140,137.67400259089322,99.72490003565326,235.9895000117831,75.0
1790844540,10,POST,POST /events,7.700000,0.000000,70,76,79,81,84,93,97,97,97,97,97,737,0,71,76.84208521026463,51.78809998324141,1379.0189000428654,80.0
1790844540,10,,Aggregated,9.200000,0.000000,73,79,83,87,130,150,160,170,170,170,170,930,0,74,89.46634333334133,51.78809998324141,1379.0189000428654,78.96236559139786
1790844541,10,GET,GET /inventory/{product_id},1.400000,0.000000,150,160,160,160,160,170,170,170,170,170,170,195,0,140,137.8705866670666,99.72490003565326,235.9895000117831,75.0
1790844541,10,POST,POST /events,7.900000,0.000000,71,76,79,81,87,97,120,140,140,140,140,743,0,71,76.95745962310312,51.78809998324141,1379.0189000428654,80.0
1790844541,10,,Aggregated,9.300000,0.000000,74,79,84,89,130,150,160,170,170,170,170,938,0,74,89.62063635399105,51.78809998324141,1379.0189000428654,78.96055437100213
1790844542,10,GET,GET /inventory/{product_id},1.300000,0.000000,150,150,160,160,160,160,160,160,160,160,160,195,0,140,137.8705866670666,99.72490003565326,235.9895000117831,75.0
1790844542,10,POST,POST /events,8.000000,0.000000,72,76,79,81,86,97,120,140,140,140,140,753,0,71,76.90497091623483,51.78809998324141,1379.0189000428654,80.0
1790844542,10,,Aggregated,9.300000,0.000000,74,79,84,86,130,150,160,160,160,160,160,948,0,74,89.4453665611844,51.78809998324141,1379.0189000428654,78.97151898734177
1790844543,10,GET,GET /inventory/{product_id},1.200000,0.000000,150,150,150,150,160,160,160,160,160,160,160,195,0,140,137.8705866670666,99.72490003565326,235.9895000117831,75.0
1790844543,10,POST,POST /events,7.800000,0.000000,72,76,77,81,84,97,120,140,140,140,140,762,0,71,76.84465629913969,51.78809998324141,1379.0189000428654,80.0
1790844543,10,,Aggregated,9.000000,0.000000,73,77,82,84,120,140,150,160,160,160,160,957,0,74,89.27940700106836,51.78809998324141,1379.0189000428654,78.98119122257053
1790844544,10,GET,GET /inventory/{product_id},1.100000,0.000000,150,150,150,150,160,160,160,160,160,160,160,197,0,140,137.92323096487482,99.72490003565326,235.9895000117831,75.0
1790844544,10,POST,POST /events,8.000000,0.000000,72,76,77,80,84,93,120,140,140,140,140,770,0,71,76.77579727273302,51.78809998324141,1379.0189000428654,80.0
1790844544,10,,Aggregated,9.100000,0.000000,73,77,81,84,120,140,150,160,160,160,160,967,0,74,89.23292699078051,51.78809998324141,1379.0189000428654,78.98138572905894
1790844545,10,GET,GET /inventory/{product_id},1.000000,0.000000,150,150,160,160,160,160,160,160,160,160,160,198,0,140,138.05982424269638,99.72490003565326,235.9895000117831,75.0
1790844545,10,POST,POST /events,8.300000,0.000000,71,76,77,80,84,93,120,140,140,140,140,777,0,71,76.72054028306924,51.78809998324141,1379.0189000428654,80.0
1790844545,10,,Aggregated,9.300000,0.000000,72,77,82,84,120,150,160,160,160,160,160,975,0,74,89.17713333333198,51.78809998324141,1379.0189000428654,78.98461538461538
1790844546,10,GET,GET /inventory/{product_id},0.900000,0.000000,150,150,150,160,160,160,160,160,160,160,160,199,0,140,138.13066582959473,99.72490003565326,235.9895000117831,75.0
1790844546,10,POST,POST /events,8.200000,0.000000,71,76,77,78,84,88,120,140,140,140,140,785,0,71,76.6553337578988,51.78809998324141,1379.0189000428654,80.0
1790844546,10,,Aggregated,9.100000,0.000000,72,77,82,84,130,150,160,160,160,160,160,984,0,74,89.08784502036576,51.78809998324141,1379.0189000428654,78.98882113821138
1790844547,10,GET,GET /inventory/{product_id},0.700000,0.000000,150,150,160,160,160,160,160,160,160,160,160,199,0,140,138.13066582959473,99.72490003565326,235.9895000117831,75.0
1790844547,10,POST,POST /events,8.300000,0.000000,71,75,77,79,84,87,120,140,140,140,140,794,0,71,76.5956930729815,51.78809998324141,1379.0189000428654,80.0
1790844547,10,,Aggregated,9.000000,0.000000,72,77,81,84,120,150,160,160,160,160,160,993,0,74,88.9274751259181,51.78809998324141,1379.0189000428654,78.99798590130916
1790844548,10,GET,GET /inventory/{product_id},0.900000,0.000000,150,150,160,160,180,180,180,180,180,180,180,201,0,140,138.36381094563816,99.72490003565326,235.9895000117831,75.0
1790844548,10,POST,POST /events,8.200000,0.000000,72,76,77,79,84,87,120,140,140,140,140,800,0,71,76.5122861249256,51.78809998324141,1379.0189000428654,80.0
1790844548,10,,Aggregated,9.100000,0.000000,72,77,81,84,140,150,160,180,180,180,180,1001,0,74,88.93202287713662,51.78809998324141,1379.0189000428654,78.99600399600399
1790844549,10,GET,GET /inventory/{product_id},0.900000,0.000000,150,160,160,160,160,180,180,180,180,180,180,204,0,140,138.41029460794138,99.72490003565326,235.9895000117831,75.0
1790844549,10,POST,POST /events,8.200000,0.000000,71,74,77,79,84,87,120,140,140,140,140,806,0,71,76.4765395780288,51.78809998324141,1379.0189000428654,80.0
1790844549,10,,Aggregated,9.100000,0.000000,72,77,82,84,140,150,160,180,180,180,180,1010,0,74,88.98593168308045,51.78809998324141,1379.0189000428654,78.99009900990099
1790844550,10,GET,GET /inventory/{product_id},1.000000,0.000000,150,150,160,160,160,180,180,180,180,180,180,207,0,140,138.4808850246324,99.72490003565326,235.9895000117831,75.0
1790844550,10,POST,POST /events,8.200000,0.000000,70,73,76,78,82,86,87,88,88,88,88,813,0,71,76.38813124224716,51.78809998324141,1379.0189000428654,80.0
1790844550,10,,Aggregated,9.200000,0.000000,72,77,82,84,150,150,160,180,180,180,180,1020,0,74,88.98930774514298,51.78809998324141,1379.0189000428654,78.98529411764706
1790844551,10,GET,GET /inventory/{product_id},1.000000,0.000000,150,150,160,160,160,180,180,180,180,180,180,209,0,140,138.53499282354213,99.72490003565326,235.9895000117831,75.0
1790844551,10,POST,POST /events,8.200000,0.000000,70,73,75,76,82,86,87,88,88,88,88,821,0,71,76.27936723494867,51.78809998324141,1379.0189000428654,80.0
1790844551,10,,Aggregated,9.200000,0.000000,72,76,82,86,150,150,160,180,180,180,180,1030,0,74,88.9118194174885,51.78809998324141,1379.0189000428654,78.98543689320388
1790844552,10,GET,GET /inventory/{product_id},1.400000,0.000000,150,150,160,160,160,180,180,180,180,180,180,211,0,140,138.63762274938438,99.72490003565326,235.9895000117831,75.0
1790844552,10,POST,POST /events,7.700000,0.000000,68,72,74,75,81,87,87,88,88,88,88,829,0,71,76.21539022909158,51.78809998324141,1379.0189000428654,80.0
1790844552,10,,Aggregated,9.100000,0.000000,71,76,84,87,150,160,160,180,180,180,180,1040,0,74,88.87990086542021,51.78809998324141,1379.0189000428654,78.98557692307692
1790844553,10,GET,GET /inventory/{product_id},1.500000,0.000000,150,160,160,160,180,190,190,190,190,190,190,213,0,140,139.06414272343443,99.72490003565326,235.9895000117831,75.0
1790844553,10,POST,POST /events,8.000000,0.000000,69,74,75,78,81,87,87,88,88,88,88,837,0,71,76.18326499400017,51.78809998324141,1379.0189000428654,80.0
1790844553,10,,Aggregated,9.500000,0.000000,72,78,84,88,150,160,180,190,190,190,190,1050,0,74,88.93910019054255,51.78809998324141,1379.0189000428654,78.98571428571428
1790844554,10,GET,GET /inventory/{product_id},1.500000,0.000000,150,160,160,160,180,190,190,190,190,190,190,216,0,140,139.037746296607,99.72490003565326,235.9895000117831,75.0
1790844554,10,POST,POST /events,7.800000,0.000000,70,74,75,78,81,84,87,87,87,87,87,843,0,71,76.15264400954149,51.78809998324141,1379.0189000428654,80.0
1790844554,10,,Aggregated,9.300000,0.000000,73,79,84,120,150,160,180,190,190,190,190,1059,0,74,88.97906713891463,51.78809998324141,1379.0189000428654,78.98016997167139
1790844555,10,GET,GET /inventory/{product_id},1.800000,0.000000,150,160,160,160,180,190,190,190,190,190,190,217,0,140,139.0052373276397,99.72490003565326,235.9895000117831,75.0
1790844555,10,POST,POST /events,7.500000,0.000000,68,73,75,78,80,82,87,87,87,87,87,852,0,71,76.0891874412489,51.78809998324141,1379.0189000428654,80.0
1790844555,10,,Aggregated,9.300000,0.000000,72,78,81,120,150,160,180,190,190,190,190,1069,0,74,88.86073358282682,51.78809998324141,1379.0189000428654,78.98503274087933
1790844556,10,GET,GET /inventory/{product_id},1.800000,0.000000,150,150,160,160,180,190,190,190,190,190,190,219,0,140,139.02434429284568,99.72490003565326,235.9895000117831,75.0
1790844556,10,POST,POST /events,7.300000,0.000000,69,73,75,78,80,82,87,87,87,87,87,859,0,71,76.02599359725139,51.78809998324141,1379.0189000428654,80.0
1790844556,10,,Aggregated,9.100000,0.000000,73,79,87,130,150,160,180,190,190,190,190,1078,0,74,88.8243598331838,51.78809998324141,1379.0189000428654,78.98423005565863
1790844557,10,GET,GET /inventory/{product_id},2.000000,0.000000,150,150,160,160,180,190,190,190,190,190,190,219,0,140,139.02434429284568,99.72490003565326,235.9895000117831,75.0
1790844557,10,POST,POST /events,7.000000,0.000000,68,72,75,76,80,82,87,87,87,87,87,868,0,71,75.90061152083767,51.78809998324141,1379.0189000428654,80.0
1790844557,10,,Aggregated,9.000000,0.000000,71,78,82,120,150,160,180,190,190,190,190,1087,0,74,88.61827249330294,51.78809998324141,1379.0189000428654,78.99264029438822
1790844558,10,GET,GET /inventory/{product_id},1.900000,0.000000,150,150,160,160,180,190,190,190,190,190,190,223,0,140,139.18159641309813,99.72490003565326,235.9895000117831,75.0
1790844558,10,POST,POST /events,7.100000,0.000000,68,72,75,76,79,81,87,87,87,87,87,872,0,71,75.86279736245436,51.78809998324141,1379.0189000428654,80.0
1790844558,10,,Aggregated,9.000000,0.000000,72,78,87,130,150,160,180,190,190,190,190,1095,0,74,88.75785872162656,51.78809998324141,1379.0189000428654,78.98173515981735
1790844559,10,GET,GET /inventory/{product_id},2.000000,0.000000,150,160,160,170,180,190,190,190,190,190,190,225,0,140,139.42384400068678,99.72490003565326,235.9895000117831,75.0
1790844559,10,POST,POST /events,7.000000,0.000000,68,73,75,76,79,81,87,89,89,89,89,878,0,71,75.80175820050192,51.78809998324141,1379.0189000428654,80.0
1790844559,10,,Aggregated,9.000000,0.000000,71,78,81,130,150,160,180,190,190,190,190,1103,0,74,88.77997153236194,51.78809998324141,1379.0189000428654,78.98005439709883
1790844560,10,GET,GET /inventory/{product_id},2.000000,0.000000,150,160,170,170,180,190,190,190,190,190,190,227,0,140,139.6313453752687,99.72490003565326,235.9895000117831,75.0
1790844560,10,POST,POST /events,7.000000,0.000000,68,72,76,78,80,83,87,89,89,89,89,885,0,71,75.75903457621018,51.78809998324141,1379.0189000428654,80.0
1790844560,10,,Aggregated,9.000000,0.000000,71,78,87,130,150,170,180,190,190,190,190,1112,0,74,88.7977167267374,51.78809998324141,1379.0189000428654,78.97931654676259
1790844561,10,GET,GET /inventory/{product_id},2.100000,0.000000,150,160,170,170,180,190,190,190,190,190,190,229,0,140,139.7919205249202,99.72490003565326,235.9895000117831,75.0
1790844561,10,POST,POST /events,7.000000,0.000000,70,74,76,78,81,86,87,89,89,89,89,892,0,71,75.73770123306555,51.78809998324141,1379.0189000428654,80.0
1790844561,10,,Aggregated,9.100000,0.000000,73,79,87,130,150,170,180,190,190,190,190,1121,0,74,88.8228182873338,51.78809998324141,1379.0189000428654,78.978590544157
1790844562,10,GET,GET /inventory/{product_id},2.000000,0.000000,150,150,160,170,170,170,170,170,170,170,170,232,0,140,139.9207560354061,99.72490003565326,235.9895000117831,75.0
1790844562,10,POST,POST /events,7.200000,0.000000,70,72,76,78,81,85,87,89,89,89,89,898,0,71,75.68397550105495,51.78809998324141,1379.0189000428654,80.0
1790844562,10,,Aggregated,9.200000,0.000000,72,79,87,130,150,160,170,170,170,170,170,1130,0,74,88.87241185855005,51.78809998324141,1379.0189000428654,78.97345132743362
1790844563,10,GET,GET /inventory/{product_id},2.000000,0.000000,150,150,160,170,170,170,180,180,180,180,180,235,0,140,140.15518468185428,99.72490003565326,235.9895000117831,75.0
1790844563,10,POST,POST /events,7.100000,0.000000,68,71,76,78,81,85,87,89,89,89,89,905,0,71,75.62973734804362,51.78809998324141,1379.0189000428654,80.0
1790844563,10,,Aggregated,9.100000,0.000000,71,79,89,130,150,170,170,180,180,180,180,1140,0,74,88.93103570194319,51.78809998324141,1379.0189000428654,78.96929824561404
1790844564,10,GET,GET /inventory/{product_id},2.100000,0.000000,150,160,170,170,170,180,180,180,180,180,180,237,0,140,140.23900717395685,99.72490003565326,235.9895000117831,75.0
1790844564,10,POST,POST /events,7.100000,0.000000,68,71,74,78,82,85,87,89,89,89,89,913,0,71,75.58476089823507,51.78809998324141,1379.0189000428654,80.0
1790844564,10,,Aggregated,9.200000,0.000000,71,79,86,140,150,170,170,180,180,180,180,1150,0,74,88.90915773940556,51.78809998324141,1379.0189000428654,78.9695652173913
1790844565,10,GET,GET /inventory/{product_id},2.100000,0.000000,150,160,160,170,170,170,180,180,180,180,180,240,0,140,140.22483666752427,99.72490003565326,235.9895000117831,75.0
1790844565,10,POST,POST /events,7.100000,0.000000,69,71,74,78,83,86,89,91,91,91,91,920,0,71,75.56943467409482,51.78809998324141,1379.0189000428654,80.0
1790844565,10,,Aggregated,9.200000,0.000000,71,82,91,140,150,170,170,180,180,180,180,1160,0,74,88.94641439687332,51.78809998324141,1379.0189000428654,78.96551724137932
1790844566,10,GET,GET /inventory/{product_id},2.200000,0.000000,150,160,160,170,170,170,180,180,180,180,180,242,0,140,140.19875537266392,99.72490003565326,235.9895000117831,75.0
1790844566,10,POST,POST /events,7.300000,0.000000,70,72,77,79,83,86,89,91,91,91,91,926,0,71,75.55753164166599,51.78809998324141,1379.0189000428654,80.0
1790844566,10,,Aggregated,9.500000,0.000000,74,83,130,140,150,170,170,180,180,180,180,1168,0,74,88.95066190099946,51.78809998324141,1379.0189000428654,78.96404109589041
1790844567,10,GET,GET /inventory/{product_id},2.100000,0.000000,150,150,160,170,170,170,180,180,180,180,180,244,0,140,140.29420082067085,99.72490003565326,235.9895000117831,75.0
1790844567,10,POST,POST /events,7.200000,0.000000,70,72,77,79,82,86,89,91,91,91,91,934,0,71,75.51215535344613,51.78809998324141,1379.0189000428654,80.0
1790844567,10,,Aggregated,9.300000,0.000000,74,82,140,140,150,170,170,180,180,180,180,1178,0,74,88.93050772526519,51.78809998324141,1379.0189000428654,78.96434634974533
1790844568,10,GET,GET /inventory/{product_id},2.200000,0.000000,150,150,170,170,170,180,180,180,180,180,180,246,0,140,140.60738455382085,99.72490003565326,235.9895000117831,75.0
1790844568,10,POST,POST /events,7.000000,0.000000,70,72,77,79,82,85,87,91,91,91,91,942,0,71,75.44746433138539,51.78809998324141,1379.0189000428654,80.0
1790844568,10,,Aggregated,9.200000,0.000000,72,82,130,140,150,170,180,180,180,180,180,1188,0,74,88.94017508451596,51.78809998324141,1379.0189000428654,78.96464646464646
1790844569,10,GET,GET /inventory/{product_id},2.400000,0.000000,150,150,160,170,180,180,180,180,180,180,180,246,0,140,140.60738455382085,99.72490003565326,235.9895000117831,75.0
1790844569,10,POST,POST /events,6.700000,0.000000,69,71,75,77,82,84,86,91,91,91,91,951,0,70,75.34841545748542,51.78809998324141,1379.0189000428654,80.0
1790844569,10,,Aggregated,9.100000,0.000000,71,79,85,140,150,160,180,180,180,180,180,1197,0,74,88.76003316650673,51.78809998324141,1379.0189000428654,78.97243107769424
1790844570,10,GET,GET /inventory/{product_id},2.300000,0.000000,150,150,160,170,180,180,180,180,180,180,180,248,0,140,140.70416572682123,99.72490003565326,235.9895000117831,75.0
1790844570,10,POST,POST /events,6.700000,0.000000,69,71,77,79,82,84,86,91,91,91,91,958,0,70,75.33485521922094,51.78809998324141,1379.0189000428654,80.0
1790844570,10,,Aggregated,9.000000,0.000000,71,80,85,140,150,160,180,180,180,180,180,1206,0,74,88.77730049773244,51.78809998324141,1379.0189000428654,78.97180762852405
1790844571,10,GET,GET /inventory/{product_id},2.200000,0.000000,150,150,160,170,170,180,180,180,180,180,180,252,0,140,140.8603107150171,99.72490003565326,235.9895000117831,75.0
1790844571,10,POST,POST /events,6.800000,0.000000,69,72,75,77,80,82,84,91,91,91,91,963,0,70,75.29040145379977,51.78809998324141,1379.0189000428654,80.0
1790844571,10,,Aggregated,9.000000,0.000000,72,80,91,140,150,170,180,180,180,180,180,1215,0,74,88.89008633760781,51.78809998324141,1379.0189000428654,78.96296296296296
1790844572,10,GET,GET /inventory/{product_id},2.000000,0.000000,150,160,170,170,180,180,180,180,180,180,180,252,0,140,140.8603107150171,99.72490003565326,235.9895000117831,75.0
1790844572,10,POST,POST /events,7.000000,0.000000,70,72,77,79,82,83,88,91,91,91,91,970,0,70,75.29197938142575,51.78809998324141,1379.0189000428654,80.0
1790844572,10,,Aggregated,9.000000,0.000000,72,80,85,130,150,170,180,180,180,180,180,1222,0,74,88.81343559751824,51.78809998324141,1379.0189000428654,78.96890343698854
1790844573,10,GET,GET /inventory/{product_id},2.200000,0.000000,150,150,160,170,170,180,180,180,180,180,180,254,0,140,140.8586598429499,99.72490003565326,235.9895000117831,75.0
1790844573,10,POST,POST /events,6.900000,0.000000,70,74,77,79,81,83,88,91,91,91,91,978,0,70,75.25410398779958,51.78809998324141,1379.0189000428654,80.0
1790844573,10,,Aggregated,9.100000,0.000000,73,80,83,120,150,160,170,180,180,180,180,1232,0,74,88.77971858780623,51.78809998324141,1379.0189000428654,78.96915584415585
1790844574,10,GET,GET /inventory/{product_id},2.100000,0.000000,150,160,160,170,170,180,180,180,180,180,180,255,0,140,140.90791098093248,99.72490003565326,235.9895000117831,75.0
1790844574,10,POST,POST /events,6.900000,0.000000,70,74,77,78,80,83,88,91,91,91,91,986,0,70,75.21786054783561,51.78809998324141,1379.0189000428654,80.0
1790844574,10,,Aggregated,9.000000,0.000000,73,79,82,91,150,160,170,180,180,180,180,1241,0,74,88.71581611628018,51.78809998324141,1379.0189000428654,78.97260273972603
1790844575,10,GET,GET /inventory/{product_id},2.000000,0.000000,150,160,170,170,180,190,190,190,190,190,190,258,0,140,141.27207596947858,99.72490003565326,235.9895000117831,75.0
1790844575,10,POST,POST /events,7.000000,0.000000,69,73,77,79,80,83,85,88,88,88,88,993,0,70,75.2133820746971,51.78809998324141,1379.0189000428654,80.0
1790844575,10,,Aggregated,9.000000,0.000000,73,79,81,120,150,170,180,190,190,190,190,1251,0,74,88.83699760215802,51.78809998324141,1379.0189000428654,78.96882494004797
1790844576,10,GET,GET /inventory/{product_id},1.900000,0.000000,160,170,170,170,180,190,190,190,190,190,190,259,0,140,141.3728096529133,99.72490003565326,235.9895000117831,75.0
1790844576,10,POST,POST /events,7.100000,0.000000,69,73,75,79,80,83,85,88,88,88,88,1001,0,70,75.14505204814417,51.78809998324141,1379.0189000428654,80.0
1790844576,10,,Aggregated,9.000000,0.000000,72,79,81,85,160,170,180,190,190,190,190,1260,0,74,88.75853555579116,51.78809998324141,1379.0189000428654,78.97222222222223
1790844577,10,GET,GET /inventory/{product_id},1.800000,0.000000,160,170,170,170,180,190,190,190,190,190,190,262,0,140,141.50120076396368,99.72490003565326,235.9895000117831,75.0
1790844577,10,POST,POST /events,7.600000,0.000000,68,73,77,77,80,83,85,88,88,88,88,1008,0,70,75.10850029783407,51.78809998324141,1379.0189000428654,80.0
1790844577,10,,Aggregated,9.400000,0.000000,72,79,82,120,160,170,180,190,190,190,190,1270,0,74,88.8052621262797,51.78809998324141,1379.0189000428654,78.96850393700787
1790844578,10,GET,GET /inventory/{product_id},1.800000,0.000000,160,170,170,170,180,190,190,190,190,190,190,263,0,140,141.65642623636452,99.72490003565326,235.9895000117831,75.0
1790844578,10,POST,POST /events,7.600000,0.000000,68,73,77,77,80,84,88,88,88,88,88,1015,0,70,75.07546226628207,51.78809998324141,1379.0189000428654,80.0
1790844578,10,,Aggregated,9.400000,0.000000,72,79,82,88,160,170,180,190,190,190,190,1278,0,74,88.77717863884207,51.78809998324141,1379.0189000428654,78.97104851330204
1790844579,10,GET,GET /inventory/{product_id},1.700000,0.000000,160,170,170,170,180,190,190,190,190,190,190,264,0,140,141.66026060675821,99.72490003565326,235.9895000117831,75.0
1790844579,10,POST,POST /events,7.600000,0.000000,69,73,77,78,81,85,88,88,88,88,88,1024,0,70,74.99849160200256,51.78809998324141,1379.0189000428654,80.0
1790844579,10,,Aggregated,9.300000,0.000000,73,79,84,88,160,170,180,190,190,190,190,1288,0,74,88.66208400670403,51.78809998324141,1379.0189000428654,78.9751552795031
1790844580,10,GET,GET /inventory/{product_id},1.900000,0.000000,160,170,170,170,180,190,190,190,190,190,190,267,0,140,141.7457498134766,99.72490003565326,235.9895000117831,75.0
1790844580,10,POST,POST /events,7.300000,0.000000,68,73,77,77,81,85,88,88,88,88,88,1030,0,70,74.96877961200933,51.78809998324141,1379.0189000428654,80.0
1790844580,10,,Aggregated,9.200000,0.000000,71,78,82,88,150,170,180,190,190,190,190,1297,0,74,88.71546507368379,51.78809998324141,1379.0189000428654,78.97070161912104
1790844581,10,GET,GET /inventory/{product_id},1.800000,0.000000,150,160,170,170,180,190,190,190,190,190,190,268,0,140,141.7854164187091,99.72490003565326,235.9895000117831,75.0
1790844581,10,POST,POST /events,7.400000,0.000000,68,73,76,77,80,84,87,88,88,88,88,1039,0,70,74.91188594828073,51.78809998324141,1379.0189000428654,80.0
1790844581,10,,Aggregated,9.200000,0.000000,70,77,80,87,150,170,180,190,190,190,190,1307,0,74,88.62428546325762,51.78809998324141,1379.0189000428654,78.97475133894415
1790844582,10,GET,GET /inventory/{product_id},1.800000,0.000000,150,170,170,180,180,190,190,190,190,190,190,269,0,140,141.8874408929872,99.72490003565326,235.9895000117831,75.0
1790844582,10,POST,POST /events,7.200000,0.000000,68,70,75,77,79,84,88,91,91,91,91,1048,0,70,74.85435467575746,51.78809998324141,1379.0189000428654,80.0
1790844582,10,,Aggregated,9.000000,0.000000,69,77,79,87,150,170,180,190,190,190,190,1317,0,73,88.54600250600409,51.78809998324141,1379.0189000428654,78.97873955960516
1790844583,10,GET,GET /inventory/{product_id},1.600000,0.000000,160,170,170,170,180,190,190,190,190,190,190,271,0,140,142.0318394842664,99.72490003565326,235.9895000117831,75.0
1790844583,10,POST,POST /events,7.400000,0.000000,67,70,75,77,79,84,88,91,91,91,91,1056,0,70,74.78301268951547,51.78809998324141,1379.0189000428654,80.0
1790844583,10,,Aggregated,9.000000,0.000000,69,77,80,88,160,170,180,190,190,190,190,1327,0,73,88.51657113817976,51.78809998324141,1379.0189000428654,78.97889977392614
1790844584,10,GET,GET /inventory/{product_id},1.600000,0.000000,170,170,170,170,180,190,190,190,190,190,190,272,0,140,142.1289580890409,99.72490003565326,235.9895000117831,75.0
1790844584,10,POST,POST /events,7.500000,0.000000,67,70,75,76,79,83,88,91,91,91,91,1063,0,70,74.7531995298065,51.78809998324141,1379.0189000428654,80.0
1790844584,10,,Aggregated,9.100000,0.000000,69,77,80,88,160,170,180,190,190,190,190,1335,0,73,88.48069490666923,51.78809998324141,1379.0189000428654,78.9812734082397
1790844585,10,GET,GET /inventory/{product_id},1.600000,0.000000,160,170,170,170,170,180,180,180,180,180,180,273,0,140,142.14304542201384,99.72490003565326,235.9895000117831,75.0
1790844585,10,POST,POST /events,7.400000,0.000000,67,70,75,77,79,87,90,91,91,91,91,1072,0,70,74.73273274276767,51.78809998324141,1379.0189000428654,80.0
1790844585,10,,Aggregated,9.000000,0.000000,69,77,79,88,150,170,170,180,180,180,180,1345,0,73,88.41527204494923,51.78809998324141,1379.0189000428654,78.98513011152416
1790844586,10,GET,GET /inventory/{product_id},1.600000,0.000000,160,170,170,170,170,180,180,180,180,180,180,273,0,140,142.14304542201384,99.72490003565326,235.9895000117831,75.0
1790844586,10,POST,POST /events,7.400000,0.000000,67,70,75,76,79,87,90,91,91,91,91,1080,0,70,74.68760314826525,51.78809998324141,1379.0189000428654,80.0
1790844586,10,,Aggregated,9.000000,0.000000,68,75,78,83,150,170,170,180,180,180,180,1353,0,73,88.2983464895316,51.78809998324141,1379.0189000428654,78.9911308203991
1790844587,10,GET,GET /inventory/{product_id},1.700000,0.000000,160,160,170,170,170,170,170,170,170,170,170,275,0,140,142.26467200089246,99.72490003565326,235.9895000117831,75.0
1790844587,10,POST,POST /events,7.300000,0.000000,68,71,75,76,79,87,90,91,91,91,91,1088,0,70,74.67104255529728,51.78809998324141,1379.0189000428654,80.0
1790844587,10,,Aggregated,9.000000,0.000000,69,75,78,80,150,160,170,170,170,170,170,1363,0,73,88.30878877506153,51.78809998324141,1379.0189000428654,78.991195891416
1790844588,10,GET,GET /inventory/{product_id},1.500000,0.000000,160,170,170,170,170,180,180,180,180,180,180,278,0,140,142.44001870577077,99.72490003565326,235.9895000117831,75.0
1790844588,10,POST,POST /events,7.600000,0.000000,68,71,75,76,79,83,90,91,91,91,91,1093,0,70,74.65896322062811,51.78809998324141,1379.0189000428654,80.0
1790844588,10,,Aggregated,9.100000,0.000000,70,75,79,83,150,170,170,180,180,180,180,1371,0,73,88.40304303453742,51.78809998324141,1379.0189000428654,78.98614150255288
1790844589,10,GET,GET /inventory/{product_id},1.400000,0.000000,160,170,170,170,170,180,180,180,180,180,180,279,0,140,142.5435154128813,99.72490003565326,235.9895000117831,75.0
1790844589,10,POST,POST /events,7.900000,0.000000,69,72,75,76,79,82,90,91,91,91,91,1101,0,70,74.62289827444602,51.78809998324141,1379.0189000428654,80.0
1790844589,10,,Aggregated,9.300000,0.000000,71,75,79,82,160,170,170,180,180,180,180,1380,0,73,88.3546752176514,51.78809998324141,1379.0189000428654,78.98913043478261
1790844590,10,GET,GET /inventory/{product_id},1.300000,0.000000,160,170,170,170,170,180,180,180,180,180,180,280,0,140,142.56521035775742,99.72490003565326,235.9895000117831,75.0
1790844590,10,POST,POST /events,8.000000,0.000000,69,72,75,76,80,83,90,91,91,91,91,1110,0,70,74.60270846867724,51.78809998324141,1379.0189000428654,80.0
1790844590,10,,Aggregated,9.300000,0.000000,71,75,79,82,150,170,170,180,180,180,180,1390,0,73,88.29299661899555,51.78809998324141,1379.0189000428654,78.99280575539568
1790844591,10,GET,GET /inventory/{product_id},1.400000,0.000000,170,170,170,170,170,180,180,180,180,180,180,282,0,140,142.70236950424658,99.72490003565326,235.9895000117831,75.0
1790844591,10,POST,POST /events,7.700000,0.000000,70,73,75,76,80,83,85,90,90,90,90,1118,0,70,74.59508622556046,51.78809998324141,1379.0189000428654,80.0
1790844591,10,,Aggregated,9.100000,0.000000,72,76,79,82,150,170,170,180,180,180,180,1400,0,73,88.31383900026724,51.78809998324141,1379.0189000428654,78.99285714285715
1790844592,10,GET,GET /inventory/{product_id},1.500000,0.000000,160,170,170,170,180,190,190,190,190,190,190,284,0,140,142.8615982399542,99.72490003565326,235.9895000117831,75.0
1790844592,10,POST,POST /events,7.800000,0.000000,70,73,75,76,80,83,85,90,90,90,90,1124,0,70,74.56977580091088,51.78809998324141,1379.0189000428654,80.0
1790844592,10,,Aggregated,9.300000,0.000000,72,76,79,83,150,170,180,190,190,190,190,1408,0,73,88.34454680424064,51.78809998324141,1379.0189000428654,78.99147727272727
1790844593,10,GET,GET /inventory/{product_id},1.400000,0.000000,170,170,170,170,180,190,190,190,190,190,190,285,0,140,142.96884561455892,99.72490003565326,235.9895000117831,75.0
1790844593,10,POST,POST /events,7.900000,0.000000,71,73,75,76,81,84,89,90,90,90,90,1133,0,70,74.52659064448468,51.78809998324141,1379.0189000428654,80.0
1790844593,10,,Aggregated,9.300000,0.000000,72,76,80,83,150,170,180,190,190,190,190,1418,0,73,88.28261509192556,51.78809998324141,1379.0189000428654,78.9950634696756
1790844594,10,GET,GET /inventory/{product_id},1.400000,0.000000,160,170,170,170,180,190,190,190,190,190,190,288,0,140,143.0325579866702,99.72490003565326,235.9895000117831,75.0
1790844594,10,POST,POST /events,7.700000,0.000000,71,74,75,76,81,84,89,90,90,90,90,1139,0,70,74.5130144866593,51.78809998324141,1379.0189000428654,80.0
1790844594,10,,Aggregated,9.100000,0.000000,72,76,81,85,150,170,180,190,190,190,190,1427,0,73,88.3417660830175,51.78809998324141,1379.0189000428654,78.99088997897688
1790844595,10,GET,GET /inventory/{product_id},1.400000,0.000000,170,170,170,170,180,190,190,190,190,190,190,289,0,140,143.12496436050864,99.72490003565326,235.9895000117831,75.0
1790844595,10,POST,POST /events,7.800000,0.000000,70,74,75,76,79,83,85,89,89,89,89,1147,0,70,74.46372301688007,51.78809998324141,1379.0189000428654,80.0
1790844595,10,,Aggregated,9.200000,0.000000,72,76,81,85,160,170,180,190,190,190,190,1436,0,73,88.28203690845992,51.78809998324141,1379.0189000428654,78.99373259052925
1790844596,10,GET,GET /inventory/{product_id},1.500000,0.000000,160,170,170,170,180,190,190,190,190,190,190,290,0,140,143.17849379370054,99.72490003565326,235.9895000117831,75.0
1790844596,10,POST,POST /events,7.800000,0.000000,71,75,76,79,84,89,99,120,120,120,120,1156,0,70,74.5663981837185,51.78809998324141,1379.0189000428654,80.0
1790844596,10,,Aggregated,9.300000,0.000000,74,79,85,99,160,170,180,190,190,190,190,1446,0,73,88.32677697133592,51.78809998324141,1379.0189000428654,78.99723374827109
1790844597,10,GET,GET /inventory/{product_id},1.500000,0.000000,170,170,170,180,190,210,210,210,210,210,210,293,0,140,143.57616996639743,99.72490003565326,235.9895000117831,75.0
1790844597,10,POST,POST /events,7.700000,0.000000,72,76,78,79,86,90,120,130,130,130,130,1162,0,70,74.62559423441262,51.78809998324141,1379.0189000428654,80.0
1790844597,10,,Aggregated,9.200000,0.000000,75,80,89,130,170,170,190,210,210,210,210,1455,0,73,88.51048680449615,51.78809998324141,1379.0189000428654,78.99312714776632
1790844598,10,GET,GET /inventory/{product_id},1.700000,0.000000,170,170,170,180,210,220,220,220,220,220,220,295,0,140,143.90522135654464,99.72490003565326,235.9895000117831,75.0
1790844598,10,POST,POST /events,7.400000,0.000000,74,77,79,81,88,91,120,130,130,130,130,1169,0,70,74.66789828950995,51.78809998324141,1379.0189000428654,80.0
1790844598,10,,Aggregated,9.100000,0.000000,76,83,89,120,170,170,210,220,220,220,220,1464,0,74,88.61940806053128,51.78809998324141,1379.0189000428654,78.99248633879782
1790844599,10,GET,GET /inventory/{product_id},1.600000,0.000000,170,170,190,190,210,220,220,220,220,220,220,296,0,140,144.0481733115047,99.72490003565326,235.9895000117831,75.0
1790844599,10,POST,POST /events,7.300000,0.000000,75,79,83,86,89,91,120,130,130,130,130,1177,0,70,74.71906465618494,51.78809998324141,1379.0189000428654,80.0
1790844599,10,,Aggregated,8.900000,0.000000,78,86,90,120,170,180,210,220,220,220,220,1473,0,74,88.65077963376447,51.78809998324141,1379.0189000428654,78.99524779361846
1790844600,10,GET,GET /inventory/{product_id},1.800000,0.000000,170,180,190,200,220,230,230,230,230,230,230,299,0,140,144.62207525152476,99.72490003565326,235.9895000117831,75.0
1790844600,10,POST,POST /events,7.300000,0.000000,76,80,85,86,91,100,130,140,140,140,140,1182,0,70,74.80300643009349,51.78809998324141,1379.0189000428654,80.0
1790844600,10,,Aggregated,9.100000,0.000000,79,88,100,140,170,190,220,230,230,230,230,1481,0,74,88.89882113475788,51.78809998324141,1379.0189000428654,78.99054692775152
1790844601,10,GET,GET /inventory/{product_id},1.700000,0.000000,170,180,190,200,220,230,230,230,230,230,230,301,0,140,144.78458206040128,99.72490003565326,235.9895000117831,75.0
1790844601,10,POST,POST /events,7.600000,0.000000,75,79,85,86,90,100,130,140,140,140,140,1189,0,70,74.77548217019645,51.78809998324141,1379.0189000428654,80.0
1790844601,10,,Aggregated,9.300000,0.000000,79,88,100,140,180,190,220,230,230,230,230,1490,0,74,88.91826006747945,51.78809998324141,1379.0189000428654,78.98993288590604
1790844602,10,GET,GET /inventory/{product_id},1.600000,0.000000,170,180,190,200,220,230,230,230,230,230,230,303,0,140,144.99938811933185,99.72490003565326,235.9895000117831,75.0
1790844602,10,POST,POST /events,7.500000,0.000000,76,81,86,88,91,100,130,140,140,140,140,1196,0,70,74.75119071938043,51.78809998324141,1379.0189000428654,80.0
1790844602,10,,Aggregated,9.100000,0.000000,80,89,100,140,180,190,220,230,230,230,230,1499,0,74,88.95079299568816,51.78809998324141,1379.0189000428654,78.98932621747832
1790844603,10,GET,GET /inventory/{product_id},1.800000,0.000000,180,180,190,200,220,230,230,230,230,230,230,304,0,140,145.02284736897164,99.72490003565326,235.9895000117831,75.0
1790844603,10,POST,POST /events,7.200000,0.000000,75,79,85,86,90,100,130,140,140,140,140,1205,0,70,74.68786672230122,51.78809998324141,1379.0189000428654,80.0
1790844603,10,,Aggregated,9.000000,0.000000,79,88,99,140,180,190,220,230,230,230,230,1509,0,74,88.85740556695849,51.78809998324141,1379.0189000428654,78.99271040424122
1790844604,10,GET,GET /inventory/{product_id},1.900000,0.000000,170,180,190,200,220,230,230,230,230,230,230,307,0,140,145.2075511407477,99.72490003565326,235.9895000117831,75.0
1790844604,10,POST,POST /events,7.200000,0.000000,75,80,85,86,91,100,130,140,140,140,140,1211,0,70,74.64228852222882,51.78809998324141,1379.0189000428654,80.0
1790844604,10,,Aggregated,9.100000,0.000000,79,88,100,150,180,190,220,230,230,230,230,1518,0,74,88.9133923587804,51.78809998324141,1379.0189000428654,78.98880105401845
1790844605,10,GET,GET /inventory/{product_id},1.900000,0.000000,170,180,190,190,210,220,230,230,230,230,230,311,0,140,145.32432765355543,99.72490003565326,235.9895000117831,75.0
1790844605,10,POST,POST /events,7.100000,0.000000,76,81,86,86,91,100,130,140,140,140,140,1216,0,70,74.62164243459388,51.78809998324141,1379.0189000428654,80.0
1790844605,10,,Aggregated,9.000000,0.000000,81,89,130,150,180,190,220,230,230,230,230,1527,0,74,89.02146895921538,51.78809998324141,1379.0189000428654,78.98166339227242
1790844606,10,GET,GET /inventory/{product_id},1.800000,0.000000,180,180,190,200,210,220,230,230,230,230,230,314,0,140,145.53687738953158,99.72490003565326,235.9895000117831,75.0
1790844606,10,POST,POST /events,7.100000,0.000000,73,79,83,86,89,91,130,140,140,140,140,1221,0,70,74.61426617556887,51.78809998324141,1379.0189000428654,80.0
1790844606,10,,Aggregated,8.900000,0.000000,80,89,140,150,180,200,220,230,230,230,230,1535,0,74,89.12221400695928,51.78809998324141,1379.0189000428654,78.9771986970684
1790844607,10,GET,GET /inventory/{product_id},2.000000,0.000000,170,180,190,190,200,200,230,230,230,230,230,316,0,140,145.71233449468411,99.72490003565326,235.9895000117831,75.0
1790844607,10,POST,POST /events,7.000000,0.000000,73,77,83,83,88,91,100,140,140,140,140,1229,0,70,74.58895915414284,51.78809998324141,1379.0189000428654,80.0
1790844607,10,,Aggregated,9.000000,0.000000,77,86,130,150,180,190,200,230,230,230,230,1545,0,74,89.13587605227298,51.78809998324141,1379.0189000428654,78.97734627831716
1790844608,10,GET,GET /inventory/{product_id},2.100000,0.000000,170,180,190,190,200,200,230,230,230,230,230,316,0,140,145.71233449468411,99.72490003565326,235.9895000117831,75.0
1790844608,10,POST,POST /events,6.800000,0.000000,70,73,78,82,87,90,100,140,140,140,140,1239,0,70,74.53307732077175,51.78809998324141,1379.0189000428654,80.0
1790844608,10,,Aggregated,8.900000,0.000000,73,85,100,150,180,190,200,230,230,230,230,1555,0,74,88.99780096511665,51.78809998324141,1379.0189000428654,78.983922829582
1790844610,10,GET,GET /inventory/{product_id},2.400000,0.000000,160,180,180,180,190,200,200,200,200,200,200,318,0,140,145.79812201335235,99.72490003565326,235.9895000117831,75.0
1790844610,10,POST,POST /events,6.600000,0.000000,68,73,75,75,81,83,87,89,89,89,89,1246,0,70,74.51077094737906,51.78809998324141,1379.0189000428654,80.0
1790844610,10,,Aggregated,9.000000,0.000000,73,79,87,140,170,180,190,200,200,200,200,1564,0,74,89.00525792882375,51.78809998324141,1379.0189000428654,78.98337595907928
1790844611,10,GET,GET /inventory/{product_id},2.200000,0.000000,160,180,180,180,190,200,200,200,200,200,200,320,0,140,145.9353181257029,99.72490003565326,235.9895000117831,75.0
1790844611,10,POST,POST /events,6.700000,0.000000,68,73,75,75,83,84,86,87,87,87,87,1254,0,70,74.49791746441849,51.78809998324141,1379.0189000428654,80.0
1790844611,10,,Aggregated,8.900000,0.000000,73,78,86,140,170,180,190,200,200,200,200,1574,0,74,89.02140425705574,51.78809998324141,1379.0189000428654,78.98348157560356
1790844612,10,GET,GET /inventory/{product_id},2.100000,0.000000,160,180,180,180,190,200,200,200,200,200,200,323,0,140,146.03470681194108,99.72490003565326,235.9895000117831,75.0
1790844612,10,POST,POST /events,6.800000,0.000000,68,73,75,75,81,84,86,87,87,87,87,1260,0,70,74.47781507956005,51.78809998324141,1379.0189000428654,80.0
1790844612,10,,Aggregated,8.900000,0.000000,73,79,87,150,160,180,190,200,200,200,200,1583,0,74,89.0784948202796,51.78809998324141,1379.0189000428654,78.97978521794062
1790844613,10,GET,GET /inventory/{product_id},2.200000,0.000000,160,180,180,180,190,200,200,200,200,200,200,324,0,140,146.02941203769728,99.72490003565326,235.9895000117831,75.0
1790844613,10,POST,POST /events,6.800000,0.000000,70,73,75,75,81,84,86,87,87,87,87,1269,0,70,74.42459661176522,51.78809998324141,1379.0189000428654,80.0
1790844613,10,,Aggregated,9.000000,0.000000,73,79,87,140,160,180,190,200,200,200,200,1593,0,74,88.98828788483615,51.78809998324141,1379.0189000428654,78.98305084745763
1790844614,10,GET,GET /inventory/{product_id},2.200000,0.000000,160,180,180,180,200,200,200,200,200,200,200,327,0,140,146.33191498555385,99.72490003565326,235.9895000117831,75.0
1790844614,10,POST,POST /events,7.000000,0.000000,70,73,75,75,81,86,86,87,87,87,87,1276,0,70,74.37548965545405,51.78809998324141,1379.0189000428654,80.0
1790844614,10,,Aggregated,9.200000,0.000000,73,76,86,140,160,180,200,200,200,200,200,1603,0,74,89.05406175959793,51.78809998324141,1379.0189000428654,78.98003742981909
1790844615,10,GET,GET /inventory/{product_id},2.200000,0.000000,180,180,180,180,200,200,200,200,200,200,200,327,0,140,146.33191498555385,99.72490003565326,235.9895000117831,75.0
1790844615,10,POST,POST /events,7.000000,0.000000,69,73,74,75,79,84,86,87,87,87,87,1285,0,70,74.32084389126965,51.78809998324141,1379.0189000428654,80.0
1790844615,10,,Aggregated,9.200000,0.000000,72,75,81,87,160,180,200,200,200,200,200,1612,0,73,88.92854875965112,51.78809998324141,1379.0189000428654,78.98573200992556
1790844616,10,GET,GET /inventory/{product_id},2.300000,0.000000,160,180,180,180,190,200,200,200,200,200,200,328,0,140,146.36080122035332,99.72490003565326,235.9895000117831,75.0
1790844616,10,POST,POST /events,7.000000,0.000000,69,72,74,75,79,86,87,93,93,93,93,1293,0,70,74.31533689109526,51.78809998324141,1379.0189000428654,80.0
1790844616,10,,Aggregated,9.300000,0.000000,71,75,79,86,160,180,190,200,200,200,200,1621,0,73,88.89332103668232,51.78809998324141,1379.0189000428654,78.98827884022208
1790844617,10,GET,GET /inventory/{product_id},1.900000,0.000000,160,180,180,180,190,200,200,200,200,200,200,329,0,140,146.41149452973107,99.72490003565326,235.9895000117831,75.0
1790844617,10,POST,POST /events,7.400000,0.000000,69,72,74,75,79,84,86,93,93,93,93,1300,0,70,74.28601115400222,51.78809998324141,1379.0189000428654,80.0
1790844617,10,,Aggregated,9.300000,0.000000,71,75,79,84,160,180,180,200,200,200,200,1629,0,73,88.85279079219424,51.78809998324141,1379.0189000428654,78.99017802332719
1790844618,10,GET,GET /inventory/{product_id},1.700000,0.000000,160,170,180,180,180,200,200,200,200,200,200,331,0,140,146.48794501599943,99.72490003565326,235.9895000117831,75.0
1790844618,10,POST,POST /events,7.600000,0.000000,69,72,75,75,79,84,86,93,93,93,93,1307,0,70,74.240251874714,51.27970001194626,1379.0189000428654,80.0
1790844618,10,,Aggregated,9.300000,0.000000,71,75,79,86,160,180,180,200,200,200,200,1638,0,73,88.83975518958914,51.27970001194626,1379.0189000428654,78.98962148962148
1790844619,10,GET,GET /inventory/{product_id},1.700000,0.000000,160,170,180,180,180,200,200,200,200,200,200,331,0,140,146.48794501599943,99.72490003565326,235.9895000117831,75.0
1790844619,10,POST,POST /events,7.600000,0.000000,68,71,74,76,79,84,86,93,93,93,93,1315,0,70,74.20183711046948,51.27970001194626,1379.0189000428654,80.0
1790844619,10,,Aggregated,9.300000,0.000000,71,75,79,84,160,170,180,200,200,200,200,1646,0,73,88.73810789827654,51.27970001194626,1379.0189000428654,78.99453219927096
1790844620,10,GET,GET /inventory/{product_id},1.500000,0.000000,160,160,180,180,180,200,200,200,200,200,200,332,0,140,146.47259849494642,99.72490003565326,235.9895000117831,75.0
1790844620,10,POST,POST /events,7.600000,0.000000,68,71,74,76,79,81,86,93,93,93,93,1324,0,70,74.1610832328963,51.27970001194626,1379.0189000428654,80.0
1790844620,10,,Aggregated,9.100000,0.000000,70,75,78,79,150,160,180,200,200,200,200,1656,0,73,88.65831938446674,51.27970001194626,1379.0189000428654,78.9975845410628
1790844621,10,GET,GET /inventory/{product_id},1.500000,0.000000,160,170,180,180,180,200,200,200,200,200,200,334,0,140,146.5432694619926,99.72490003565326,235.9895000117831,75.0
1790844621,10,POST,POST /events,7.600000,0.000000,67,71,75,76,79,84,86,93,93,93,93,1331,0,70,74.12909812202633,51.27970001194626,1379.0189000428654,80.0
1790844621,10,,Aggregated,9.100000,0.000000,69,75,78,81,140,160,180,200,200,200,200,1665,0,73,88.65542438481836,51.27970001194626,1379.0189000428654,78.996996996997
1790844622,10,GET,GET /inventory/{product_id},1.500000,0.000000,160,170,180,180,180,200,200,200,200,200,200,336,0,140,146.57089285797807,99.72490003565326,235.9895000117831,75.0
1790844622,10,POST,POST /events,7.600000,0.000000,67,71,75,77,80,84,86,93,93,93,93,1339,0,70,74.08587752087278,51.27970001194626,1379.0189000428654,80.0
1790844622,10,,Aggregated,9.100000,0.000000,69,76,79,82,150,170,180,200,200,200,200,1675,0,73,88.626155224316,51.27970001194626,1379.0189000428654,78.99701492537314
1790844623,10,GET,GET /inventory/{product_id},1.400000,0.000000,160,170,180,180,200,200,200,200,200,200,200,337,0,140,146.72628041627632,99.72490003565326,235.9895000117831,75.0
1790844623,10,POST,POST /events,7.700000,0.000000,67,71,75,77,79,84,86,93,93,93,93,1347,0,70,74.03418426157329,51.27970001194626,1379.0189000428654,80.0
1790844623,10,,Aggregated,9.100000,0.000000,69,75,78,80,140,160,180,200,200,200,200,1684,0,73,88.58123675809045,51.27970001194626,1379.0189000428654,78.99940617577197
1790844624,10,GET,GET /inventory/{product_id},1.300000,0.000000,160,170,170,180,190,200,200,200,200,200,200,341,0,140,146.90348445803141,99.72490003565326,235.9895000117831,75.0
1790844624,10,POST,POST /events,7.900000,0.000000,67,71,75,77,80,82,84,93,93,93,93,1353,0,70,74.00000214372629,51.27970001194626,1379.0189000428654,80.0
1790844624,10,,Aggregated,9.200000,0.000000,69,77,80,84,150,170,190,200,200,200,200,1694,0,73,88.67537845374875,51.27970001194626,1379.0189000428654,78.99350649350649
1790844625,10,GET,GET /inventory/{product_id},1.300000,0.000000,160,170,170,180,190,200,200,200,200,200,200,343,0,150,147.0010314873588,99.72490003565326,235.9895000117831,75.0
1790844625,10,POST,POST /events,7.800000,0.000000,67,69,75,76,80,82,84,89,89,89,89,1360,0,70,73.97013176493655,51.27970001194626,1379.0189000428654,80.0
1790844625,10,,Aggregated,9.100000,0.000000,69,76,80,84,160,170,190,200,200,200,200,1703,0,73,88.6792325311085,51.27970001194626,1379.0189000428654,78.99295361127422
1790844626,10,GET,GET /inventory/{product_id},1.300000,0.000000,160,170,170,170,190,200,200,200,200,200,200,345,0,150,147.09726115975502,99.72490003565326,235.9895000117831,75.0
1790844626,10,POST,POST /events,7.800000,0.000000,67,69,72,75,79,82,84,89,89,89,89,1368,0,70,73.92799042422108,51.27970001194626,1379.0189000428654,80.0
1790844626,10,,Aggregated,9.100000,0.000000,69,76,80,89,160,170,190,200,200,200,200,1713,0,73,88.66435843575593,51.27970001194626,1379.0189000428654,78.99299474605955
1790844627,10,GET,GET /inventory/{product_id},1.600000,0.000000,160,170,170,170,190,200,200,200,200,200,200,346,0,150,147.12133294817954,99.72490003565326,235.9895000117831,75.0
1790844627,10,POST,POST /events,7.400000,0.000000,66,69,73,75,80,83,84,89,89,89,89,1376,0,70,73.90843299440031,51.27970001194626,1379.0189000428654,80.0
1790844627,10,,Aggregated,9.000000,0.000000,69,75,80,84,160,170,190,200,200,200,200,1722,0,73,88.61903890845815,51.27970001194626,1379.0189000428654,78.99535423925668
1790844628,10,GET,GET /inventory/{product_id},1.700000,0.000000,160,170,180,180,190,200,200,200,200,200,200,347,0,150,147.22030778111545,99.72490003565326,235.9895000117831,75.0
1790844628,10,POST,POST /events,7.500000,0.000000,68,72,73,76,80,83,84,89,89,89,89,1385,0,70,73.88650281615354,51.27970001194626,1379.0189000428654,80.0
1790844628,10,,Aggregated,9.200000,0.000000,69,76,80,84,160,170,190,200,200,200,200,1732,0,73,88.57866812957258,51.27970001194626,1379.0189000428654,78.99826789838338
1790844629,10,GET,GET /inventory/{product_id},1.700000,0.000000,160,170,180,180,190,200,200,200,200,200,200,348,0,150,147.2557091956019,99.72490003565326,235.9895000117831,75.0
1790844629,10,POST,POST /events,7.600000,0.000000,68,72,73,76,80,83,84,89,89,89,89,1393,0,70,73.86937056744488,51.27970001194626,1379.0189000428654,80.0
1790844629,10,,Aggregated,9.300000,0.000000,71,76,80,84,160,170,190,200,200,200,200,1741,0,73,88.5382079267778,51.27970001194626,1379.0189000428654,79.00057438253877
1790844630,10,GET,GET /inventory/{product_id},1.500000,0.000000,170,170,180,180,200,200,200,200,200,200,200,350,0,150,147.4535585717032,99.72490003565326,235.9895000117831,75.0
1790844630,10,POST,POST /events,7.900000,0.000000,68,72,73,75,79,80,83,89,89,89,89,1400,0,70,73.8422222146515,51.27970001194626,1379.0189000428654,80.0
1790844630,10,,Aggregated,9.400000,0.000000,71,76,79,89,160,170,200,200,200,200,200,1750,0,73,88.56448948606183,51.27970001194626,1379.0189000428654,79.0
1790844631,10,GET,GET /inventory/{product_id},1.700000,0.000000,170,170,180,190,200,200,200,200,200,200,200,350,0,150,147.4535585717032,99.72490003565326,235.9895000117831,75.0
1790844631,10,POST,POST /events,7.600000,0.000000,69,73,74,76,80,83,89,91,91,91,91,1409,0,70,73.84008892861904,51.27970001194626,1379.0189000428654,80.0
1790844631,10,,Aggregated,9.300000,0.000000,72,76,80,83,160,170,200,200,200,200,200,1759,0,73,88.48745355345102,51.27970001194626,1379.0189000428654,79.00511654349062
1790844632,10,GET,GET /inventory/{product_id},1.700000,0.000000,170,170,180,190,190,200,200,200,200,200,200,352,0,150,147.6174934660693,99.72490003565326,235.9895000117831,75.0
1790844632,10,POST,POST /events,7.500000,0.000000,70,73,74,77,80,83,90,91,91,91,91,1417,0,70,73.82525229398043,51.27970001194626,1379.0189000428654,80.0
1790844632,10,,Aggregated,9.200000,0.000000,72,77,80,90,160,170,190,200,200,200,200,1769,0,73,88.5086151501564,51.27970001194626,1379.0189000428654,79.00508762012437
1790844633,10,GET,GET /inventory/{product_id},1.600000,0.000000,170,170,190,190,190,200,200,200,200,200,200,352,0,150,147.6174934660693,99.72490003565326,235.9895000117831,75.0
1790844633,10,POST,POST /events,7.600000,0.000000,70,73,76,77,80,87,90,91,91,91,91,1424,0,70,73.79518932618105,50.081999972462654,1379.0189000428654,80.0
1790844633,10,,Aggregated,9.200000,0.000000,72,76,80,83,160,170,190,200,200,200,200,1776,0,73,88.42663699354628,50.081999972462654,1379.0189000428654,79.009009009009
1790844634,10,GET,GET /inventory/{product_id},1.500000,0.000000,170,170,190,190,200,200,200,200,200,200,200,355,0,150,147.78283521136217,99.72490003565326,235.9895000117831,75.0
1790844634,10,POST,POST /events,7.500000,0.000000,69,73,74,77,80,87,90,91,91,91,91,1430,0,70,73.77927986053437,50.081999972462654,1379.0189000428654,80.0
1790844634,10,,Aggregated,9.000000,0.000000,71,76,80,83,160,170,200,200,200,200,200,1785,0,73,88.49707378184746,50.081999972462654,1379.0189000428654,79.00560224089637
1790844635,10,GET,GET /inventory/{product_id},1.500000,0.000000,170,180,180,190,200,200,200,200,200,200,200,358,0,150,147.9970421788397,99.72490003565326,235.9895000117831,75.0
1790844635,10,POST,POST /events,7.600000,0.000000,70,74,76,78,83,87,90,91,91,91,91,1437,0,70,73.75599993077685,50.081999972462654,1379.0189000428654,80.0
1790844635,10,,Aggregated,9.100000,0.000000,72,77,80,87,170,180,200,200,200,200,200,1795,0,73,88.56284846827351,50.081999972462654,1379.0189000428654,79.00278551532034
1790844636,10,GET,GET /inventory/{product_id},1.400000,0.000000,170,180,180,190,200,200,200,200,200,200,200,358,0,150,147.9970421788397,99.72490003565326,235.9895000117831,75.0
1790844636,10,POST,POST /events,7.700000,0.000000,70,74,76,77,80,87,90,91,91,91,91,1446,0,70,73.74279031850125,50.081999972462654,1379.0189000428654,80.0
1790844636,10,,Aggregated,9.100000,0.000000,73,76,80,83,170,180,200,200,200,200,200,1804,0,73,88.47839018879014,50.081999972462654,1379.0189000428654,79.00776053215077
1790844637,10,GET,GET /inventory/{product_id},1.400000,0.000000,170,180,180,190,200,200,200,200,200,200,200,361,0,150,148.1758736841796,99.72490003565326,235.9895000117831,75.0
1790844637,10,POST,POST /events,7.700000,0.000000,70,74,76,77,81,87,90,91,91,91,91,1452,0,70,73.73232183233608,50.081999972462654,1379.0189000428654,80.0
1790844637,10,,Aggregated,9.100000,0.000000,73,77,82,90,170,180,200,200,200,200,200,1813,0,73,88.55533463901867,50.081999972462654,1379.0189000428654,79.00441257584114
1790844638,10,GET,GET /inventory/{product_id},1.300000,0.000000,170,170,180,190,200,200,200,200,200,200,200,363,0,150,148.14319008269882,99.72490003565326,235.9895000117831,75.0
1790844638,10,POST,POST /events,7.800000,0.000000,70,74,76,77,82,90,91,100,100,100,100,1460,0,70,73.7377485619979,50.081999972462654,1379.0189000428654,80.0
1790844638,10,,Aggregated,9.100000,0.000000,74,77,83,91,170,180,200,200,200,200,200,1823,0,73,88.55353313249404,50.081999972462654,1379.0189000428654,79.00438837081734
1790844639,10,GET,GET /inventory/{product_id},1.400000,0.000000,170,170,180,180,200,200,200,200,200,200,200,365,0,150,148.0936835617248,99.72490003565326,235.9895000117831,75.0
1790844639,10,POST,POST /events,7.600000,0.000000,70,74,76,78,83,90,91,100,100,100,100,1467,0,70,73.73563892331201,50.081999972462654,1379.0189000428654,80.0
1790844639,10,,Aggregated,9.000000,0.000000,74,79,86,100,170,180,200,200,200,200,200,1832,0,73,88.5504240177556,50.081999972462654,1379.0189000428654,79.00382096069869
1790844640,10,GET,GET /inventory/{product_id},1.700000,0.000000,170,170,180,180,190,200,200,200,200,200,200,368,0,150,148.32954293476928,99.72490003565326,235.9895000117831,75.0
1790844640,10,POST,POST /events,7.400000,0.000000,70,74,76,77,81,87,90,100,100,100,100,1474,0,70,73.72961926767306,50.081999972462654,1379.0189000428654,80.0
1790844640,10,,Aggregated,9.100000,0.000000,74,79,87,130,170,180,190,200,200,200,200,1842,0,73,88.63340423482366,50.081999972462654,1379.0189000428654,79.00108577633007
1790844641,10,GET,GET /inventory/{product_id},1.700000,0.000000,170,170,180,180,190,200,200,200,200,200,200,369,0,150,148.3484162601357,99.72490003565326,235.9895000117831,75.0
1790844641,10,POST,POST /events,7.500000,0.000000,70,74,76,77,81,86,90,100,100,100,100,1482,0,70,73.71391376548644,50.081999972462654,1379.0189000428654,80.0
1790844641,10,,Aggregated,9.200000,0.000000,73,78,86,120,170,180,190,200,200,200,200,1851,0,73,88.5924288495089,50.081999972462654,1379.0189000428654,79.0032414910859
1790844642,10,GET,GET /inventory/{product_id},1.900000,0.000000,170,170,180,180,190,200,200,200,200,200,200,371,0,150,148.46903665761295,99.72490003565326,235.9895000117831,75.0
1790844642,10,POST,POST /events,7.400000,0.000000,72,74,76,77,79,82,90,100,100,100,100,1490,0,70,73.69344221504605,50.081999972462654,1379.0189000428654,80.0
1790844642,10,,Aggregated,9.300000,0.000000,74,78,86,130,170,180,190,200,200,200,200,1861,0,73,88.60034470735788,50.081999972462654,1379.0189000428654,79.003224073079
1790844643,10,GET,GET /inventory/{product_id},1.900000,0.000000,170,170,180,180,180,190,190,190,190,190,190,372,0,150,148.55550913974488,99.72490003565326,235.9895000117831,75.0
1790844643,10,POST,POST /events,7.300000,0.000000,71,74,76,77,79,82,86,100,100,100,100,1499,0,70,73.66282388284769,50.081999972462654,1379.0189000428654,80.0
1790844643,10,,Aggregated,9.200000,0.000000,73,77,82,120,170,180,180,190,190,190,190,1871,0,73,88.55329898470005,50.081999972462654,1379.0189000428654,79.00587920897915
1790844644,10,GET,GET /inventory/{product_id},2.000000,0.000000,170,170,180,180,180,190,190,190,190,190,190,374,0,150,148.71069090907775,99.72490003565326,235.9895000117831,75.0
1790844644,10,POST,POST /events,7.300000,0.000000,71,74,76,77,81,83,86,100,100,100,100,1506,0,70,73.64912768948797,50.081999972462654,1379.0189000428654,80.0
1790844644,10,,Aggregated,9.300000,0.000000,73,77,82,100,170,180,180,190,190,190,190,1880,0,73,88.58158760657658,50.081999972462654,1379.0189000428654,79.00531914893617
1790844645,10,GET,GET /inventory/{product_id},1.900000,0.000000,170,170,180,180,180,190,190,190,190,190,190,374,0,150,148.71069090907775,99.72490003565326,235.9895000117831,75.0
1790844645,10,POST,POST /events,7.200000,0.000000,70,73,75,76,79,83,86,100,100,100,100,1516,0,70,73.61663311368498,50.081999972462654,1379.0189000428654,80.0
1790844645,10,,Aggregated,9.100000,0.000000,73,77,81,86,170,180,180,190,190,190,190,1890,0,73,88.47651544991615,50.081999972462654,1379.0189000428654,79.01058201058201
1790844646,10,GET,GET /inventory/{product_id},1.800000,0.000000,170,170,180,180,180,190,190,190,190,190,190,374,0,150,148.71069090907775,99.72490003565326,235.9895000117831,75.0
1790844646,10,POST,POST /events,7.200000,0.000000,71,74,75,77,79,83,86,100,100,100,100,1522,0,70,73.59237706983363,50.081999972462654,1379.0189000428654,80.0
1790844646,10,,Aggregated,9.000000,0.000000,73,77,79,83,160,170,180,190,190,190,190,1896,0,73,88.41001914571828,50.081999972462654,1379.0189000428654,79.01371308016877
1790844647,10,GET,GET /inventory/{product_id},1.700000,0.000000,180,180,180,180,190,210,210,210,210,210,210,377,0,150,149.02724429705015,99.72490003565326,235.9895000117831,75.0
1790844647,10,POST,POST /events,7.300000,0.000000,71,73,75,77,79,81,83,86,86,86,86,1528,0,70,73.57252827239515,50.081999972462654,1379.0189000428654,80.0
1790844647,10,,Aggregated,9.000000,0.000000,73,76,79,83,170,180,190,210,210,210,210,1905,0,73,88.50503637806177,50.081999972462654,1379.0189000428654,79.01049868766404
1790844648,10,GET,GET /inventory/{product_id},1.600000,0.000000,180,180,190,210,210,230,230,230,230,230,230,379,0,150,149.4017480212168,99.72490003565326,235.9895000117831,75.0
1790844648,10,POST,POST /events,7.400000,0.000000,70,73,75,76,78,81,83,83,83,83,83,1535,0,70,73.55183557010368,50.081999972462654,1379.0189000428654,80.0
1790844648,10,,Aggregated,9.000000,0.000000,72,75,78,81,180,180,210,230,230,230,230,1914,0,73,88.57122784751844,50.081999972462654,1379.0189000428654,79.00992685475444
1790844649,10,GET,GET /inventory/{product_id},1.600000,0.000000,180,180,180,210,210,230,230,230,230,230,230,381,0,150,149.45956141739262,99.72490003565326,235.9895000117831,75.0
1790844649,10,POST,POST /events,7.600000,0.000000,69,72,74,75,77,81,83,83,83,83,83,1542,0,70,73.52314883281825,50.081999972462654,1379.0189000428654,80.0
1790844649,10,,Aggregated,9.200000,0.000000,71,75,77,81,170,180,210,230,230,230,230,1923,0,73,88.56827269902877,50.081999972462654,1379.0189000428654,79.00936037441498
1790844650,10,GET,GET /inventory/{product_id},1.600000,0.000000,180,180,200,210,210,230,230,230,230,230,230,384,0,150,149.70440494804885,99.72490003565326,235.9895000117831,75.0
1790844650,10,POST,POST /events,7.600000,0.000000,68,72,74,75,77,79,83,83,83,83,83,1549,0,70,73.50595190456279,50.081999972462654,1379.0189000428654,80.0
1790844650,10,,Aggregated,9.200000,0.000000,71,75,77,83,180,200,210,230,230,230,230,1933,0,73,88.64315106064072,50.081999972462654,1379.0189000428654,79.00672529746508
1790844651,10,GET,GET /inventory/{product_id},1.600000,0.000000,180,180,200,200,210,230,230,230,230,230,230,387,0,150,149.8508268736546,99.72490003565326,235.9895000117831,75.0
1790844651,10,POST,POST /events,7.400000,0.000000,68,72,74,75,77,81,83,83,83,83,83,1556,0,70,73.49456259662077,50.081999972462654,1379.0189000428654,80.0
1790844651,10,,Aggregated,9.000000,0.000000,71,75,77,83,180,200,210,230,230,230,230,1943,0,73,88.70293844593219,50.081999972462654,1379.0189000428654,79.00411734431292
1790844652,10,GET,GET /inventory/{product_id},1.500000,0.000000,180,180,200,200,210,230,230,230,230,230,230,389,0,150,149.98201799508936,99.72490003565326,235.9895000117831,75.0
1790844652,10,POST,POST /events,7.600000,0.000000,69,72,75,76,80,83,84,87,87,87,87,1563,0,70,73.49598899575889,50.081999972462654,1379.0189000428654,80.0
1790844652,10,,Aggregated,9.100000,0.000000,72,77,83,150,180,200,210,230,230,230,230,1952,0,73,88.7383380125312,50.081999972462654,1379.0189000428654,79.00358606557377
1790844653,10,GET,GET /inventory/{product_id},1.800000,0.000000,180,190,200,200,210,230,230,230,230,230,230,391,0,150,150.08214731475033,99.72490003565326,235.9895000117831,75.0
1790844653,10,POST,POST /events,7.400000,0.000000,69,72,75,76,80,83,84,87,87,87,87,1570,0,70,73.48889808936465,50.081999972462654,1379.0189000428654,80.0
1790844653,10,,Aggregated,9.200000,0.000000,72,77,83,150,180,200,210,230,230,230,230,1961,0,73,88.76067802160627,50.081999972462654,1379.0189000428654,79.00305966343703
1790844654,10,GET,GET /inventory/{product_id},1.700000,0.000000,170,180,190,200,210,210,230,230,230,230,230,395,0,150,150.2663994937416,99.72490003565326,235.9895000117831,75.0
1790844654,10,POST,POST /events,7.400000,0.000000,70,73,75,77,80,83,87,200,200,200,200,1576,0,70,73.55730545702319,50.081999972462654,1379.0189000428654,80.0
1790844654,10,,Aggregated,9.100000,0.000000,73,79,150,160,180,200,210,230,230,230,230,1971,0,73,88.93025936088102,50.081999972462654,1379.0189000428654,78.99797057331304
1790844655,10,GET,GET /inventory/{product_id},1.900000,0.000000,180,190,200,200,210,230,240,240,240,240,240,397,0,150,150.59444030233064,99.72490003565326,237.8420999739319,75.0
1790844655,10,POST,POST /events,7.100000,0.000000,69,73,77,78,81,87,96,200,200,200,200,1582,0,70,73.56605676375742,50.081999972462654,1379.0189000428654,80.0
1790844655,10,,Aggregated,9.000000,0.000000,75,81,150,170,190,200,230,240,240,240,240,1979,0,73,89.01844092990879,50.081999972462654,1379.0189000428654,78.99696816574027
1790844656,10,GET,GET /inventory/{product_id},2.000000,0.000000,180,190,200,200,230,240,240,240,240,240,240,401,0,150,151.0163705736199,99.72490003565326,237.8420999739319,75.0
1790844656,10,POST,POST /events,7.100000,0.000000,70,74,77,79,83,88,130,200,200,200,200,1588,0,70,73.60194231752541,50.081999972462654,1379.0189000428654,80.0
1790844656,10,,Aggregated,9.100000,0.000000,76,87,160,170,190,200,240,240,240,240,240,1989,0,73,89.20937606850273,50.081999972462654,1379.0189000428654,78.99195575666164
1790844657,10,GET,GET /inventory/{product_id},2.200000,0.000000,170,190,190,200,200,240,240,240,240,240,240,402,0,150,151.1212813433964,99.72490003565326,237.8420999739319,75.0
1790844657,10,POST,POST /events,6.800000,0.000000,71,74,77,79,84,96,130,200,200,200,200,1594,0,70,73.60525646183723,50.081999972462654,1379.0189000428654,80.0
1790844657,10,,Aggregated,9.000000,0.000000,76,84,150,170,190,200,240,240,240,240,240,1996,0,73,89.21720135281257,50.081999972462654,1379.0189000428654,78.99298597194388
1790844658,10,GET,GET /inventory/{product_id},2.500000,0.000000,180,190,200,200,240,240,250,250,250,250,250,404,0,150,151.3826185644323,99.72490003565326,248.5095000010915,75.0
1790844658,10,POST,POST /events,6.500000,0.000000,72,77,78,80,84,90,130,200,200,200,200,1601,0,70,73.60980936924088,50.081999972462654,1379.0189000428654,80.0
1790844658,10,,Aggregated,9.000000,0.000000,77,87,160,170,190,200,240,250,250,250,250,2005,0,73,89.2807395013393,50.081999972462654,1379.0189000428654,78.9925187032419
1790844659,10,GET,GET /inventory/{product_id},2.500000,0.000000,170,190,190,200,240,240,250,250,250,250,250,406,0,150,151.37323128085887,99.72490003565326,248.5095000010915,75.0
1790844659,10,POST,POST /events,6.400000,0.000000,73,77,80,82,88,130,180,200,200,200,200,1608,0,70,73.65827325879786,50.081999972462654,1379.0189000428654,80.0
1790844659,10,,Aggregated,8.900000,0.000000,78,88,160,170,190,200,240,250,250,250,250,2014,0,73,89.32474443901472,50.081999972462654,1379.0189000428654,78.99205561072493
1790844660,10,GET,GET /inventory/{product_id},2.500000,0.000000,170,190,190,200,240,250,250,250,250,250,250,406,0,150,151.37323128085887,99.72490003565326,248.5095000010915,75.0
1790844660,10,POST,POST /events,6.400000,0.000000,74,78,80,83,88,96,180,200,200,200,200,1617,0,70,73.66542888072509,50.081999972462654,1379.0189000428654,80.0
1790844660,10,,Aggregated,8.900000,0.000000,78,87,140,160,190,200,240,250,250,250,250,2023,0,73,89.26076638663429,50.081999972462654,1379.0189000428654,78.99653979238754
1790844661,10,GET,GET /inventory/{product_id},2.500000,0.000000,180,190,190,200,240,250,250,250,250,250,250,406,0,150,151.37323128085887,99.72490003565326,248.5095000010915,75.0
1790844661,10,POST,POST /events,6.500000,0.000000,74,78,80,81,88,130,180,200,200,200,200,1627,0,70,73.70106478188228,50.081999972462654,1379.0189000428654,80.0
1790844661,10,,Aggregated,9.000000,0.000000,78,83,140,160,190,200,240,250,250,250,250,2033,0,73,89.21257466805271,50.081999972462654,1379.0189000428654,79.00147565174619
1790844662,10,GET,GET /inventory/{product_id},2.300000,0.000000,170,190,200,220,240,250,250,250,250,250,250,407,0,150,151.54966388208933,99.72490003565326,248.5095000010915,75.0
1790844662,10,POST,POST /events,6.600000,0.000000,74,79,80,86,96,150,180,200,200,200,200,1636,0,70,73.79493594144284,50.081999972462654,1379.0189000428654,80.0
1790844662,10,,Aggregated,8.900000,0.000000,77,87,130,150,180,200,240,250,250,250,250,2043,0,73,89.28498698003467,50.081999972462654,1379.0189000428654,79.00391581008321
1790844663,10,GET,GET /inventory/{product_id},1.900000,0.000000,180,190,220,240,240,250,250,250,250,250,250,407,0,150,151.54966388208933,99.72490003565326,248.5095000010915,75.0
1790844663,10,POST,POST /events,7.000000,0.000000,73,78,81,86,96,150,180,200,200,200,200,1645,0,70,73.81217063844804,50.081999972462654,1379.0189000428654,80.0
1790844663,10,,Aggregated,8.900000,0.000000,77,86,120,150,180,200,240,250,250,250,250,2052,0,73,89.23086447380965,50.081999972462654,1379.0189000428654,79.00828460038986
1790844664,10,GET,GET /inventory/{product_id},1.900000,0.000000,190,220,240,240,250,250,250,250,250,250,250,409,0,150,151.8479075795438,99.72490003565326,248.5095000010915,75.0
1790844664,10,POST,POST /events,7.100000,0.000000,72,78,80,83,92,140,150,180,180,180,180,1653,0,70,73.7973206292506,50.081999972462654,1379.0189000428654,80.0
1790844664,10,,Aggregated,9.000000,0.000000,75,81,90,130,180,220,250,250,250,250,250,2062,0,73,89.27874161017685,50.081999972462654,1379.0189000428654,79.0082444228904
1790844665,10,GET,GET /inventory/{product_id},1.700000,0.000000,170,190,200,220,250,250,250,250,250,250,250,412,0,150,151.9349225727814,99.72490003565326,248.5095000010915,75.0
1790844665,10,POST,POST /events,7.500000,0.000000,72,78,82,85,92,140,150,180,180,180,180,1659,0,70,73.82173785423207,50.081999972462654,1379.0189000428654,80.0
1790844665,10,,Aggregated,9.200000,0.000000,76,83,91,120,160,190,250,250,250,250,250,2071,0,73,89.3613960406359,50.081999972462654,1379.0189000428654,79.00531144374698
1790844666,10,GET,GET /inventory/{product_id},1.600000,0.000000,180,190,200,220,250,250,250,250,250,250,250,414,0,150,152.1427669082397,99.72490003565326,248.5095000010915,75.0
1790844666,10,POST,POST /events,7.700000,0.000000,71,77,81,85,92,140,150,180,180,180,180,1666,0,70,73.79810732301176,50.081999972462654,1379.0189000428654,80.0
1790844666,10,,Aggregated,9.300000,0.000000,73,83,91,120,170,190,250,250,250,250,250,2080,0,73,89.39170783661001,50.081999972462654,1379.0189000428654,79.0048076923077
1790844667,10,GET,GET /inventory/{product_id},1.400000,0.000000,170,190,200,200,220,250,250,250,250,250,250,415,0,150,152.19229831323813,99.72490003565326,248.5095000010915,75.0
1790844667,10,POST,POST /events,7.800000,0.000000,71,78,81,84,92,140,150,180,180,180,180,1674,0,70,73.79676606937973,50.081999972462654,1379.0189000428654,80.0
1790844667,10,,Aggregated,9.200000,0.000000,72,81,87,92,160,180,220,250,250,250,250,2089,0,73,89.3707947343875,50.081999972462654,1379.0189000428654,79.00670177118238
1790844668,10,GET,GET /inventory/{product_id},1.400000,0.000000,180,190,200,200,220,250,250,250,250,250,250,417,0,150,152.40442589926477,99.72490003565326,248.5095000010915,75.0
1790844668,10,POST,POST /events,7.700000,0.000000,72,77,80,84,92,140,150,180,180,180,180,1682,0,70,73.79295172422569,50.081999972462654,1379.0189000428654,80.0
1790844668,10,,Aggregated,9.100000,0.000000,74,81,87,92,170,190,220,250,250,250,250,2099,0,73,89.41038132450738,50.081999972462654,1379.0189000428654,79.00666984278227
1790844669,10,GET,GET /inventory/{product_id},1.300000,0.000000,190,200,200,200,220,250,250,250,250,250,250,417,0,150,152.40442589926477,99.72490003565326,248.5095000010915,75.0
1790844669,10,POST,POST /events,7.800000,0.000000,71,76,80,83,91,120,150,150,150,150,150,1691,0,70,73.7904878180377,50.081999972462654,1379.0189000428654,80.0
1790844669,10,,Aggregated,9.100000,0.000000,73,80,86,92,170,190,220,250,250,250,250,2108,0,73,89.3417269925499,50.081999972462654,1379.0189000428654,79.01091081593928
1790844670,10,GET,GET /inventory/{product_id},1.200000,0.000000,190,200,200,200,220,250,250,250,250,250,250,417,0,150,152.40442589926477,99.72490003565326,248.5095000010915,75.0
1790844670,10,POST,POST /events,7.800000,0.000000,72,75,79,81,87,93,140,150,150,150,150,1699,0,70,73.7807857564866,50.081999972462654,1379.0189000428654,80.0
1790844670,10,,Aggregated,9.000000,0.000000,74,79,85,91,170,190,220,250,250,250,250,2116,0,73,89.27514206061632,50.081999972462654,1379.0189000428654,79.01465028355388
1790844671,10,GET,GET /inventory/{product_id},1.100000,0.000000,190,190,200,200,220,250,250,250,250,250,250,418,0,150,152.48090837320143,99.72490003565326,248.5095000010915,75.0
1790844671,10,POST,POST /events,8.000000,0.000000,71,75,79,79,85,91,93,140,140,140,140,1707,0,70,73.7854132983426,50.081999972462654,1379.0189000428654,80.0
1790844671,10,,Aggregated,9.100000,0.000000,74,79,84,85,170,190,200,250,250,250,250,2125,0,73,89.26528009424425,50.081999972462654,1379.0189000428654,79.0164705882353
1790844672,10,GET,GET /inventory/{product_id},1.100000,0.000000,190,190,200,200,200,250,250,250,250,250,250,419,0,150,152.57691718367883,99.72490003565326,248.5095000010915,75.0
1790844672,10,POST,POST /events,8.000000,0.000000,71,76,78,79,84,87,93,140,140,140,140,1715,0,70,73.76656606430242,50.081999972462654,1379.0189000428654,80.0
1790844672,10,,Aggregated,9.100000,0.000000,74,79,84,85,170,190,200,250,250,250,250,2134,0,73,89.24057596074981,50.081999972462654,1379.0189000428654,79.0182755388941
1790844673,10,GET,GET /inventory/{product_id},1.100000,0.000000,180,190,190,200,200,250,250,250,250,250,250,421,0,150,152.64343776720224,99.72490003565326,248.5095000010915,75.0
1790844673,10,POST,POST /events,8.000000,0.000000,73,76,79,80,84,86,91,93,93,93,93,1723,0,70,73.77106355212264,50.081999972462654,1379.0189000428654,80.0
1790844673,10,,Aggregated,9.100000,0.000000,75,79,84,85,170,190,200,250,250,250,250,2144,0,73,89.25859598894564,50.081999972462654,1379.0189000428654,79.01819029850746
1790844674,10,GET,GET /inventory/{product_id},1.200000,0.000000,190,190,200,200,200,230,230,230,230,230,230,423,0,150,152.92704208045603,99.72490003565326,248.5095000010915,75.0
1790844674,10,POST,POST /events,7.800000,0.000000,72,76,78,79,84,85,93,94,94,94,94,1730,0,70,73.77668052041672,50.081999972462654,1379.0189000428654,80.0
1790844674,10,,Aggregated,9.000000,0.000000,74,79,82,85,180,190,200,230,230,230,230,2153,0,73,89.32735536477186,50.081999972462654,1379.0189000428654,79.01764979098932
1790844675,10,GET,GET /inventory/{product_id},1.300000,0.000000,190,190,200,200,210,230,230,230,230,230,230,425,0,150,153.07217552942936,99.72490003565326,248.5095000010915,75.0
1790844675,10,POST,POST /events,7.800000,0.000000,73,75,77,79,82,85,90,94,94,94,94,1738,0,70,73.77215586905449,50.081999972462654,1379.0189000428654,80.0
1790844675,10,,Aggregated,9.100000,0.000000,74,78,81,84,180,190,210,230,230,230,230,2163,0,73,89.35352820176799,50.081999972462654,1379.0189000428654,79.01756819232547
1790844676,10,GET,GET /inventory/{product_id},1.400000,0.000000,190,200,200,200,210,230,230,230,230,230,230,425,0,150,153.07217552942936,99.72490003565326,248.5095000010915,75.0
1790844676,10,POST,POST /events,7.600000,0.000000,73,76,79,79,84,85,90,94,94,94,94,1746,0,70,73.7714771480251,50.081999972462654,1379.0189000428654,80.0
1790844676,10,,Aggregated,9.000000,0.000000,74,79,81,84,170,190,210,230,230,230,230,2171,0,73,89.29556596059848,50.081999972462654,1379.0189000428654,79.02118839244588
1790844677,10,GET,GET /inventory/{product_id},1.300000,0.000000,200,200,200,210,230,230,230,230,230,230,230,426,0,150,153.17281478870564,99.72490003565326,248.5095000010915,75.0
1790844677,10,POST,POST /events,7.800000,0.000000,73,76,78,79,81,85,90,94,94,94,94,1754,0,70,73.77032200709472,50.081999972462654,1379.0189000428654,80.0
1790844677,10,,Aggregated,9.100000,0.000000,74,78,80,81,160,200,210,230,230,230,230,2180,0,73,89.28658894515263,50.081999972462654,1379.0189000428654,79.0229357798165
1790844678,10,GET,GET /inventory/{product_id},1.200000,0.000000,190,200,200,210,230,230,230,230,230,230,230,429,0,150,153.4642848484153,99.72490003565326,248.5095000010915,75.0
1790844678,10,POST,POST /events,7.900000,0.000000,74,76,79,79,82,85,90,94,94,94,94,1760,0,70,73.77758863658528,50.081999972462654,1379.0189000428654,80.0
1790844678,10,,Aggregated,9.100000,0.000000,74,79,81,84,180,200,230,230,230,230,230,2189,0,73,89.39457935146653,50.081999972462654,1379.0189000428654,79.02010050251256
1790844679,10,GET,GET /inventory/{product_id},1.100000,0.000000,190,200,210,230,230,230,230,230,230,230,230,432,0,150,153.67346712958317,99.72490003565326,248.5095000010915,75.0
1790844679,10,POST,POST /events,8.100000,0.000000,73,76,79,79,82,85,90,94,94,94,94,1767,0,70,73.77166513886712,50.081999972462654,1379.0189000428654,80.0
1790844679,10,,Aggregated,9.200000,0.000000,74,79,84,87,190,200,230,230,230,230,230,2199,0,73,89.46860850402825,50.081999972462654,1379.0189000428654,79.01773533424284
1790844680,10,GET,GET /inventory/{product_id},1.100000,0.000000,190,200,220,220,230,230,230,230,230,230,230,433,0,150,153.82399838326356,99.72490003565326,248.5095000010915,75.0
1790844680,10,POST,POST /events,8.100000,0.000000,73,76,79,80,82,85,90,94,94,94,94,1776,0,70,73.74944290561027,50.081999972462654,1379.0189000428654,80.0
1790844680,10,,Aggregated,9.200000,0.000000,75,80,84,90,190,210,230,230,230,230,230,2209,0,73,89.44536075161474,50.081999972462654,1379.0189000428654,79.01991851516523
1790844681,10,GET,GET /inventory/{product_id},1.500000,0.000000,190,200,220,230,230,230,230,230,230,230,230,434,0,150,153.91221682019082,99.72490003565326,248.5095000010915,75.0
1790844681,10,POST,POST /events,7.700000,0.000000,73,78,79,80,82,85,90,94,94,94,94,1785,0,70,73.73587994416262,50.081999972462654,1379.0189000428654,80.0
1790844681,10,,Aggregated,9.200000,0.000000,75,80,82,87,190,210,230,230,230,230,230,2219,0,73,89.41705624168233,50.081999972462654,1379.0189000428654,79.02208201892745
1790844682,10,GET,GET /inventory/{product_id},1.500000,0.000000,200,210,220,230,230,230,230,230,230,230,230,435,0,150,154.03572712642216,99.72490003565326,248.5095000010915,75.0
1790844682,10,POST,POST /events,7.600000,0.000000,73,77,79,80,81,87,90,94,94,94,94,1790,0,70,73.74281826830344,50.081999972462654,1379.0189000428654,80.0
1790844682,10,,Aggregated,9.100000,0.000000,74,80,84,89,190,210,230,230,230,230,230,2225,0,73,89.44053303382329,50.081999972462654,1379.0189000428654,79.02247191011236
1790844683,10,GET,GET /inventory/{product_id},1.700000,0.000000,200,210,210,220,230,230,230,230,230,230,230,435,0,150,154.03572712642216,99.72490003565326,248.5095000010915,75.0
1790844683,10,POST,POST /events,7.300000,0.000000,73,78,79,80,84,87,90,94,94,94,94,1799,0,70,73.73298610353002,50.081999972462654,1379.0189000428654,80.0
1790844683,10,,Aggregated,9.000000,0.000000,74,80,81,86,190,210,230,230,230,230,230,2234,0,73,89.36937479867689,50.081999972462654,1379.0189000428654,79.02641002685766
1790844684,10,GET,GET /inventory/{product_id},1.500000,0.000000,210,210,220,220,230,230,230,230,230,230,230,437,0,150,154.3119615561902,99.72490003565326,248.5095000010915,75.0
1790844684,10,POST,POST /events,7.500000,0.000000,73,78,78,80,81,86,89,90,90,90,90,1807,0,70,73.72699413400511,50.081999972462654,1379.0189000428654,80.0
1790844684,10,,Aggregated,9.000000,0.000000,75,80,81,86,190,210,230,230,230,230,230,2244,0,73,89.42023422468911,50.081999972462654,1379.0189000428654,79.02629233511587
1790844685,10,GET,GET /inventory/{product_id},1.500000,0.000000,210,210,220,220,230,230,230,230,230,230,230,437,0,150,154.3119615561902,99.72490003565326,248.5095000010915,75.0
1790844685,10,POST,POST /events,7.500000,0.000000,73,78,78,80,83,86,89,110,110,110,110,1816,0,70,73.7262075440753,50.081999972462654,1379.0189000428654,80.0
1790844685,10,,Aggregated,9.000000,0.000000,74,79,81,84,190,210,230,230,230,230,230,2253,0,73,89.35691083004698,50.081999972462654,1379.0189000428654,79.03018197958278
1790844686,10,GET,GET /inventory/{product_id},1.400000,0.000000,190,210,220,220,230,230,230,230,230,230,230,440,0,150,154.47731681818948,99.72490003565326,248.5095000010915,75.0
1790844686,10,POST,POST /events,7.700000,0.000000,72,75,78,79,82,86,89,110,110,110,110,1823,0,70,73.71231766323238,50.081999972462654,1379.0189000428654,80.0
1790844686,10,,Aggregated,9.100000,0.000000,74,79,83,87,190,210,230,230,230,230,230,2263,0,73,89.41563168363942,50.081999972462654,1379.0189000428654,79.02783915156871
1790844687,10,GET,GET /inventory/{product_id},1.400000,0.000000,190,190,210,210,220,230,230,230,230,230,230,443,0,150,154.5193514673136,99.72490003565326,248.5095000010915,75.0
1790844687,10,POST,POST /events,7.900000,0.000000,71,75,78,79,83,87,89,110,110,110,110,1830,0,70,73.70366196728902,50.081999972462654,1379.0189000428654,80.0
1790844687,10,,Aggregated,9.300000,0.000000,74,79,84,89,190,210,220,230,230,230,230,2273,0,73,89.45436608014028,50.081999972462654,1379.0189000428654,79.02551693796744
1790844688,10,GET,GET /inventory/{product_id},1.300000,0.000000,190,190,210,210,220,230,230,230,230,230,230,444,0,150,154.51882027028242,99.72490003565326,248.5095000010915,75.0
1790844688,10,POST,POST /events,8.000000,0.000000,72,75,78,80,84,87,92,110,110,110,110,1839,0,70,73.71456862434005,50.081999972462654,1379.0189000428654,80.0
1790844688,10,,Aggregated,9.300000,0.000000,74,78,81,84,160,190,220,220,220,220,220,2283,0,73,89.42945593524605,50.081999972462654,1379.0189000428654,79.02759526938239
1790844689,10,GET,GET /inventory/{product_id},1.600000,0.000000,180,190,210,210,220,220,220,220,220,220,220,445,0,150,154.5555244944205,99.72490003565326,248.5095000010915,75.0
1790844689,10,POST,POST /events,7.400000,0.000000,71,75,78,78,83,87,92,110,110,110,110,1846,0,70,73.68227058512922,50.081999972462654,1379.0189000428654,80.0
1790844689,10,,Aggregated,9.000000,0.000000,74,78,81,86,170,190,220,220,220,220,220,2291,0,73,89.39095587087108,50.081999972462654,1379.0189000428654,79.02880838061982
1790844690,10,GET,GET /inventory/{product_id},1.600000,0.000000,190,210,210,220,220,250,250,250,250,250,250,446,0,150,154.76496748870548,99.72490003565326,248.5095000010915,75.0
1790844690,10,POST,POST /events,7.400000,0.000000,71,75,77,78,83,87,92,110,110,110,110,1854,0,70,73.6735032363634,50.081999972462654,1379.0189000428654,80.0
1790844690,10,,Aggregated,9.000000,0.000000,73,78,80,84,160,190,220,250,250,250,250,2300,0,73,89.39819586964364,50.081999972462654,1379.0189000428654,79.0304347826087
1790844691,10,GET,GET /inventory/{product_id},1.200000,0.000000,180,190,210,210,220,250,250,250,250,250,250,447,0,150,154.78733109617065,99.72490003565326,248.5095000010915,75.0
1790844691,10,POST,POST /events,7.700000,0.000000,72,75,77,78,83,87,92,110,110,110,110,1862,0,70,73.67929860376942,50.081999972462654,1379.0189000428654,80.0
1790844691,10,,Aggregated,8.900000,0.000000,73,78,81,86,160,190,220,250,250,250,250,2309,0,73,89.38102685154047,50.081999972462654,1379.0189000428654,79.03204850584669
1790844692,10,GET,GET /inventory/{product_id},1.300000,0.000000,180,190,190,210,220,250,250,250,250,250,250,448,0,150,154.85978102684126,99.72490003565326,248.5095000010915,75.0
1790844692,10,POST,POST /events,7.800000,0.000000,71,74,76,78,81,84,92,110,110,110,110,1871,0,70,73.65806413689859,50.081999972462654,1379.0189000428654,80.0
1790844692,10,,Aggregated,9.100000,0.000000,73,77,80,84,160,190,220,250,250,250,250,2319,0,73,89.34515735237694,50.081999972462654,1379.0189000428654,79.03406640793446
1790844693,10,GET,GET /inventory/{product_id},1.300000,0.000000,180,190,190,190,220,250,250,250,250,250,250,450,0,150,155.00915355566474,99.72490003565326,248.5095000010915,75.0
1790844693,10,POST,POST /events,7.900000,0.000000,71,74,76,78,83,87,94,110,110,110,110,1878,0,70,73.65967577215581,50.081999972462654,1379.0189000428654,80.0
1790844693,10,,Aggregated,9.200000,0.000000,73,77,82,87,170,190,220,250,250,250,250,2328,0,73,89.38444596226707,50.081999972462654,1379.0189000428654,79.03350515463917
1790844694,10,GET,GET /inventory/{product_id},1.300000,0.000000,180,180,190,190,190,250,250,250,250,250,250,453,0,150,155.13123686553368,99.72490003565326,248.5095000010915,75.0
1790844694,10,POST,POST /events,7.900000,0.000000,72,74,77,79,83,87,94,110,110,110,110,1884,0,70,73.65214055207693,50.081999972462654,1379.0189000428654,80.0
1790844694,10,,Aggregated,9.200000,0.000000,73,79,84,94,180,190,190,250,250,250,250,2337,0,73,89.44590633299089,50.081999972462654,1379.0189000428654,79.03080872913992
1790844695,10,GET,GET /inventory/{product_id},1.300000,0.000000,180,180,190,190,190,250,250,250,250,250,250,455,0,150,155.19329736285567,99.72490003565326,248.5095000010915,75.0
1790844695,10,POST,POST /events,7.900000,0.000000,72,73,76,78,83,84,92,94,94,94,94,1890,0,70,73.63823391540252,50.081999972462654,1379.0189000428654,80.0
1790844695,10,,Aggregated,9.200000,0.000000,73,79,84,94,180,190,190,250,250,250,250,2345,0,73,89.46235070371432,50.081999972462654,1379.0189000428654,79.02985074626865
1790844696,10,GET,GET /inventory/{product_id},1.500000,0.000000,180,190,190,190,230,250,250,250,250,250,250,457,0,150,155.46271969392055,99.72490003565326,248.5095000010915,75.0
1790844696,10,POST,POST /events,7.600000,0.000000,72,74,76,78,82,84,92,94,94,94,94,1898,0,70,73.63807476293472,50.081999972462654,1379.0189000428654,80.0
1790844696,10,,Aggregated,9.100000,0.000000,73,78,83,92,180,190,230,250,250,250,250,2355,0,73,89.51657273892646,50.081999972462654,1379.0189000428654,79.02972399150742
1790844697,10,GET,GET /inventory/{product_id},1.600000,0.000000,180,190,190,190,230,250,250,250,250,250,250,459,0,150,155.60337124214342,99.72490003565326,248.5095000010915,75.0
1790844697,10,POST,POST /events,7.400000,0.000000,72,74,76,79,81,84,92,94,94,94,94,1904,0,70,73.63909369750593,50.081999972462654,1379.0189000428654,80.0
1790844697,10,,Aggregated,9.000000,0.000000,73,79,82,92,180,190,230,250,250,250,250,2363,0,73,89.56021235725565,50.081999972462654,1379.0189000428654,79.02877697841727
1790844698,10,GET,GET /inventory/{product_id},1.800000,0.000000,180,190,190,190,230,250,250,250,250,250,250,462,0,150,155.69678874491328,99.72490003565326,248.5095000010915,75.0
1790844698,10,POST,POST /events,7.100000,0.000000,72,74,76,78,81,84,84,94,94,94,94,1911,0,70,73.63886148616436,50.081999972462654,1379.0189000428654,80.0
1790844698,10,,Aggregated,8.900000,0.000000,73,79,83,150,180,190,230,250,250,250,250,2373,0,73,89.61474112946061,50.081999972462654,1379.0189000428654,79.02654867256638
1790844699,10,GET,GET /inventory/{product_id},1.600000,0.000000,180,190,190,190,230,250,250,250,250,250,250,463,0,150,155.72916781886823,99.72490003565326,248.5095000010915,75.0
1790844699,10,POST,POST /events,7.500000,0.000000,72,75,78,79,83,84,91,94,94,94,94,1920,0,70,73.64126968756561,50.081999972462654,1379.0189000428654,80.0
1790844699,10,,Aggregated,9.100000,0.000000,74,79,84,150,180,190,230,250,250,250,250,2383,0,73,89.59036613523372,50.081999972462654,1379.0189000428654,79.02853545950482
1790844700,10,GET,GET /inventory/{product_id},1.800000,0.000000,180,190,190,190,230,250,250,250,250,250,250,465,0,150,155.79609440899983,99.72490003565326,248.5095000010915,75.0
1790844700,10,POST,POST /events,7.400000,0.000000,72,75,78,79,83,84,91,94,94,94,94,1928,0,70,73.63875689840232,50.081999972462654,1379.0189000428654,80.0
1790844700,10,,Aggregated,9.200000,0.000000,73,81,84,150,180,190,200,230,230,230,230,2393,0,73,89.60330430434793,50.081999972462654,1379.0189000428654,79.02841621395737
1790844701,10,GET,GET /inventory/{product_id},1.800000,0.000000,180,180,190,190,200,230,230,230,230,230,230,465,0,150,155.79609440899983,99.72490003565326,248.5095000010915,75.0
1790844701,10,POST,POST /events,7.400000,0.000000,72,75,79,80,83,84,91,94,94,94,94,1936,0,71,73.65074287198026,50.081999972462654,1379.0189000428654,80.0
1790844701,10,,Aggregated,9.200000,0.000000,75,81,84,150,180,190,200,230,230,230,230,2401,0,73,89.5597759684876,50.081999972462654,1379.0189000428654,79.03165347771761
1790844702,10,GET,GET /inventory/{product_id},1.800000,0.000000,180,180,190,190,200,230,230,230,230,230,230,467,0,150,155.81464646715668,99.72490003565326,248.5095000010915,75.0
1790844702,10,POST,POST /events,7.200000,0.000000,73,75,79,80,83,84,91,94,94,94,94,1943,0,71,73.63971770464596,50.081999972462654,1379.0189000428654,80.0
1790844702,10,,Aggregated,9.000000,0.000000,75,81,84,150,180,190,200,230,230,230,230,2410,0,73,89.56324124493331,50.081999972462654,1379.0189000428654,79.0311203319502
1790844703,10,GET,GET /inventory/{product_id},1.800000,0.000000,180,180,180,180,200,230,230,230,230,230,230,471,0,150,156.013376221126,99.72490003565326,248.5095000010915,75.0
1790844703,10,POST,POST /events,7.200000,0.000000,73,75,79,80,82,84,84,91,91,91,91,1949,0,71,73.63385777323654,50.081999972462654,1379.0189000428654,80.0
1790844703,10,,Aggregated,9.000000,0.000000,75,81,84,160,180,180,200,230,230,230,230,2420,0,73,89.66722685958197,50.081999972462654,1379.0189000428654,79.02685950413223
1790844704,10,GET,GET /inventory/{product_id},1.900000,0.000000,180,180,180,190,200,230,230,230,230,230,230,472,0,150,156.10333665281976,99.72490003565326,248.5095000010915,75.0
1790844704,10,POST,POST /events,7.300000,0.000000,73,75,78,79,82,83,84,91,91,91,91,1958,0,71,73.6206667518861,50.081999972462654,1379.0189000428654,80.0
1790844704,10,,Aggregated,9.200000,0.000000,75,80,83,150,180,180,200,230,230,230,230,2430,0,73,89.64199193428968,50.081999972462654,1379.0189000428654,79.02880658436214
1790844705,10,GET,GET /inventory/{product_id},2.000000,0.000000,180,180,180,180,200,230,230,230,230,230,230,473,0,150,156.15838202985051,99.72490003565326,248.5095000010915,75.0
1790844705,10,POST,POST /events,7.100000,0.000000,73,75,78,80,82,84,86,91,91,91,91,1964,0,71,73.62486003064565,50.081999972462654,1379.0189000428654,80.0
1790844705,10,,Aggregated,9.100000,0.000000,75,80,83,91,180,180,200,230,230,230,230,2437,0,73,89.64388173997018,50.081999972462654,1379.0189000428654,79.02954452195323
1790844706,10,GET,GET /inventory/{product_id},2.000000,0.000000,180,180,180,190,200,210,210,210,210,210,210,475,0,150,156.37371052657008,99.72490003565326,248.5095000010915,75.0
1790844706,10,POST,POST /events,7.000000,0.000000,73,75,79,80,82,84,86,91,91,91,91,1971,0,71,73.61253475403448,50.081999972462654,1379.0189000428654,80.0
1790844706,10,,Aggregated,9.000000,0.000000,75,80,83,150,180,180,200,210,210,210,210,2446,0,73,89.68430846292836,50.081999972462654,1379.0189000428654,79.02902698282911
1790844707,10,GET,GET /inventory/{product_id},1.900000,0.000000,180,180,180,200,200,210,210,210,210,210,210,476,0,150,156.4061052523976,99.72490003565326,248.5095000010915,75.0
1790844707,10,POST,POST /events,7.200000,0.000000,73,75,78,80,82,84,86,91,91,91,91,1980,0,71,73.61505186876677,50.081999972462654,1379.0189000428654,80.0
1790844707,10,,Aggregated,9.100000,0.000000,75,79,82,84,170,180,200,210,210,210,210,2456,0,73,89.6608749186887,50.081999972462654,1379.0189000428654,79.03094462540717
1790844708,10,GET,GET /inventory/{product_id},1.700000,0.000000,180,180,200,200,210,220,220,220,220,220,220,481,0,150,156.80501850337862,99.72490003565326,248.5095000010915,75.0
1790844708,10,POST,POST /events,7.500000,0.000000,73,75,78,78,81,82,86,91,91,91,91,1985,0,71,73.61033939552946,50.081999972462654,1379.0189000428654,80.0
1790844708,10,,Aggregated,9.200000,0.000000,75,80,82,150,180,200,210,220,220,220,220,2466,0,73,89.8376875913427,50.081999972462654,1379.0189000428654,79.02473641524736
1790844709,10,GET,GET /inventory/{product_id},1.800000,0.000000,180,200,200,200,210,220,220,220,220,220,220,482,0,150,156.89149585091684,99.72490003565326,248.5095000010915,75.0
1790844709,10,POST,POST /events,7.200000,0.000000,73,75,77,78,81,82,84,86,86,86,86,1994,0,71,73.6136726179212,50.081999972462654,1379.0189000428654,80.0
1790844709,10,,Aggregated,9.000000,0.000000,75,80,82,150,180,200,210,220,220,220,220,2476,0,73,89.82526825536219,50.081999972462654,1379.0189000428654,79.02665589660744
1790844710,10,GET,GET /inventory/{product_id},1.500000,0.000000,180,200,200,200,220,230,230,230,230,230,230,484,0,150,157.0753198349608,99.72490003565326,248.5095000010915,75.0
1790844710,10,POST,POST /events,7.500000,0.000000,73,75,77,78,80,81,82,86,86,86,86,2000,0,71,73.60620425009984,50.081999972462654,1379.0189000428654,80.0
1790844710,10,,Aggregated,9.000000,0.000000,75,80,81,150,180,200,220,230,230,230,230,2484,0,73,89.86991276180382,50.081999972462654,1379.0189000428654,79.02576489533011
1790844711,10,GET,GET /inventory/{product_id},1.900000,0.000000,190,200,200,200,210,220,230,230,230,230,230,487,0,150,157.3318681727236,99.72490003565326,248.5095000010915,75.0
1790844711,10,POST,POST /events,7.200000,0.000000,73,75,77,78,80,81,82,86,86,86,86,2007,0,71,73.59679078234997,50.081999972462654,1379.0189000428654,80.0
1790844711,10,,Aggregated,9.100000,0.000000,75,80,82,170,200,200,220,230,230,230,230,2494,0,74,89.94762586218637,50.081999972462654,1379.0189000428654,79.02365677626302
1790844713,10,GET,GET /inventory/{product_id},1.900000,0.000000,200,200,210,210,220,230,230,230,230,230,230,487,0,150,157.3318681727236,99.72490003565326,248.5095000010915,75.0
1790844713,10,POST,POST /events,7.400000,0.000000,73,75,76,77,80,81,82,86,86,86,86,2014,0,71,73.58449379355247,50.081999972462654,1379.0189000428654,80.0
1790844713,10,,Aggregated,9.300000,0.000000,75,78,81,86,200,200,220,230,230,230,230,2501,0,73,89.89195933639787,50.081999972462654,1379.0189000428654,79.02638944422232
1790844714,10,GET,GET /inventory/{product_id},1.900000,0.000000,200,200,200,210,220,230,230,230,230,230,230,489,0,150,157.38203660546895,99.72490003565326,248.5095000010915,75.0
1790844714,10,POST,POST /events,7.400000,0.000000,73,76,78,78,81,81,82,86,86,86,86,2021,0,71,73.58550717474691,50.081999972462654,1379.0189000428654,80.0
1790844714,10,,Aggregated,9.300000,0.000000,76,78,82,170,200,210,220,230,230,230,230,2510,0,73,89.91080713156886,50.081999972462654,1379.0189000428654,79.02589641434263
1790844715,10,GET,GET /inventory/{product_id},1.900000,0.000000,200,200,200,210,220,230,230,230,230,230,230,490,0,150,157.41393428595205,99.72490003565326,248.5095000010915,75.0
1790844715,10,POST,POST /events,7.000000,0.000000,73,76,77,78,80,81,81,82,82,82,82,2029,0,71,73.58810941358462,50.081999972462654,1379.0189000428654,80.0
1790844715,10,,Aggregated,8.900000,0.000000,75,78,81,170,200,210,220,230,230,230,230,2519,0,74,89.8940459707343,50.081999972462654,1379.0189000428654,79.02739182215164
1790844716,10,GET,GET /inventory/{product_id},1.800000,0.000000,190,200,200,210,220,230,230,230,230,230,230,492,0,150,157.57033475641563,99.72490003565326,248.5095000010915,75.0
1790844716,10,POST,POST /events,7.200000,0.000000,73,76,77,78,80,81,81,82,82,82,82,2035,0,71,73.5770388698567,50.081999972462654,1379.0189000428654,80.0
1790844716,10,,Aggregated,9.000000,0.000000,75,78,81,170,190,200,220,230,230,230,230,2527,0,73,89.93030423439448,50.081999972462654,1379.0189000428654,79.02651365255244
1790844717,10,GET,GET /inventory/{product_id},1.800000,0.000000,190,200,210,210,220,230,230,230,230,230,230,497,0,150,157.9285935616829,99.72490003565326,248.5095000010915,75.0
1790844717,10,POST,POST /events,7.200000,0.000000,73,76,77,78,81,82,82,84,84,84,84,2039,0,71,73.58269195692169,50.081999972462654,1379.0189000428654,80.0
1790844717,10,,Aggregated,9.000000,0.000000,76,81,170,180,200,210,230,230,230,230,230,2536,0,74,90.1126261436592,50.081999972462654,1379.0189000428654,79.02011041009463
1790844718,10,GET,GET /inventory/{product_id},1.800000,0.000000,200,210,210,210,230,230,230,230,230,230,230,499,0,150,158.14928316654925,99.72490003565326,248.5095000010915,75.0
1790844718,10,POST,POST /events,7.000000,0.000000,74,76,78,78,81,82,84,86,86,86,86,2047,0,71,73.58442613590894,50.081999972462654,1379.0189000428654,80.0
1790844718,10,,Aggregated,8.800000,0.000000,76,81,84,170,200,210,230,230,230,230,230,2546,0,74,90.15860667726382,50.081999972462654,1379.0189000428654,79.02003142183818
1790844719,10,GET,GET /inventory/{product_id},1.900000,0.000000,190,210,210,220,230,230,230,230,230,230,230,501,0,160,158.32244131752213,99.72490003565326,248.5095000010915,75.0
1790844719,10,POST,POST /events,6.800000,0.000000,73,77,78,79,81,84,86,88,88,88,88,2055,0,71,73.5970836010118,50.081999972462654,1379.0189000428654,80.0
1790844719,10,,Aggregated,8.700000,0.000000,77,81,88,170,210,220,230,230,230,230,230,2556,0,74,90.20404925671276,50.081999972462654,1379.0189000428654,79.0199530516432
1790844720,10,GET,GET /inventory/{product_id},2.300000,0.000000,200,210,210,210,220,230,230,230,230,230,230,504,0,160,158.50598670658655,99.72490003565326,248.5095000010915,75.0
1790844720,10,POST,POST /events,6.700000,0.000000,74,78,79,79,82,86,86,88,88,88,88,2062,0,71,73.60068821539302,50.081999972462654,1379.0189000428654,80.0
1790844720,10,,Aggregated,9.000000,0.000000,78,82,150,170,200,210,220,230,230,230,230,2566,0,74,90.27733296970383,50.081999972462654,1379.0189000428654,79.01792673421669
1790844721,10,GET,GET /inventory/{product_id},2.000000,0.000000,200,200,210,210,220,220,230,230,230,230,230,506,0,160,158.58658063276064,99.72490003565326,248.5095000010915,75.0
1790844721,10,POST,POST /events,7.000000,0.000000,73,76,79,79,82,84,86,88,88,88,88,2070,0,71,73.58222768126294,50.081999972462654,1379.0189000428654,80.0
1790844721,10,,Aggregated,9.000000,0.000000,76,82,86,170,200,210,220,230,230,230,230,2576,0,74,90.2795112967357,50.081999972462654,1379.0189000428654,79.01785714285714
1790844722,10,GET,GET /inventory/{product_id},2.000000,0.000000,200,200,210,210,220,220,230,230,230,230,230,509,0,160,158.79761611035073,99.72490003565326,248.5095000010915,75.0
1790844722,10,POST,POST /events,7.000000,0.000000,74,78,79,81,83,86,88,88,88,88,88,2076,0,71,73.58686950877363,50.081999972462654,1379.0189000428654,80.0
1790844722,10,,Aggregated,9.000000,0.000000,78,83,160,170,200,210,220,230,230,230,230,2585,0,74,90.36531052239171,50.081999972462654,1379.0189000428654,79.01547388781431
1790844723,10,GET,GET /inventory/{product_id},2.200000,0.000000,200,200,210,210,220,230,230,230,230,230,230,509,0,160,158.79761611035073,99.72490003565326,248.5095000010915,75.0
1790844723,10,POST,POST /events,6.700000,0.000000,73,76,78,79,83,86,88,88,88,88,88,2086,0,71,73.57277190801621,50.081999972462654,1379.0189000428654,80.0
1790844723,10,,Aggregated,8.900000,0.000000,76,82,88,170,200,210,220,230,230,230,230,2595,0,74,90.28932131032383,50.081999972462654,1379.0189000428654,79.01926782273603
1790844724,10,GET,GET /inventory/{product_id},2.200000,0.000000,200,200,210,210,220,230,230,230,230,230,230,510,0,160,158.82223823562026,99.72490003565326,248.5095000010915,75.0
1790844724,10,POST,POST /events,6.900000,0.000000,73,77,78,79,83,86,88,88,88,88,88,2092,0,71,73.56336744748484,50.081999972462654,1379.0189000428654,80.0
1790844724,10,,Aggregated,9.100000,0.000000,77,82,88,170,200,210,220,230,230,230,230,2602,0,74,90.27436825530539,50.081999972462654,1379.0189000428654,79.01998462720984
1790844725,10,GET,GET /inventory/{product_id},2.200000,0.000000,200,210,220,220,230,230,230,230,230,230,230,515,0,160,159.3042388353813,99.72490003565326,248.5095000010915,75.0
1790844725,10,POST,POST /events,7.000000,0.000000,73,76,78,79,83,86,88,88,88,88,88,2096,0,71,73.55358902678113,50.081999972462654,1379.0189000428654,80.0
1790844725,10,,Aggregated,9.200000,0.000000,77,84,160,180,200,220,230,230,230,230,230,2611,0,74,90.46725607060691,50.081999972462654,1379.0189000428654,79.01378782075832
1790844726,10,GET,GET /inventory/{product_id},2.100000,0.000000,200,200,220,220,230,230,230,230,230,230,230,515,0,160,159.3042388353813,99.72490003565326,248.5095000010915,75.0
1790844726,10,POST,POST /events,7.000000,0.000000,72,76,78,79,83,86,88,88,88,88,88,2104,0,71,73.55424225293392,50.081999972462654,1379.0189000428654,80.0
1790844726,10,,Aggregated,9.100000,0.000000,76,79,88,170,200,220,230,230,230,230,230,2619,0,74,90.41611634226588,50.081999972462654,1379.0189000428654,79.0168003054601
1790844727,10,GET,GET /inventory/{product_id},2.100000,0.000000,200,200,200,220,230,230,230,230,230,230,230,519,0,160,159.4302260118621,99.72490003565326,248.5095000010915,75.0
1790844727,10,POST,POST /events,7.000000,0.000000,72,77,78,79,83,88,88,88,88,88,88,2107,0,71,73.55432762231436,50.081999972462654,1379.0189000428654,80.0
1790844727,10,,Aggregated,9.100000,0.000000,77,82,160,170,200,220,230,230,230,230,230,2626,0,74,90.5267538462958,50.081999972462654,1379.0189000428654,79.01180502665652
1790844728,10,GET,GET /inventory/{product_id},2.200000,0.000000,200,200,200,210,230,230,230,230,230,230,230,527,0,160,159.94593168909714,99.72490003565326,248.5095000010915,75.0
1790844728,10,POST,POST /events,6.800000,0.000000,72,76,78,78,82,84,88,88,88,88,88,2109,0,71,73.55685177821186,50.081999972462654,1379.0189000428654,80.0
1790844728,10,,Aggregated,9.000000,0.000000,78,88,170,190,200,230,230,230,230,230,230,2636,0,74,90.82811320197382,50.081999972462654,1379.0189000428654,79.00037936267071
1790844729,10,GET,GET /inventory/{product_id},2.300000,0.000000,200,200,220,220,230,230,230,230,230,230,230,529,0,160,160.17199187171568,99.72490003565326,248.5095000010915,75.0
1790844729,10,POST,POST /events,6.900000,0.000000,71,76,77,78,82,87,88,88,88,88,88,2117,0,71,73.55245177151352,50.081999972462654,1379.0189000428654,80.0
1790844729,10,,Aggregated,9.200000,0.000000,77,88,170,190,200,220,230,230,230,230,230,2646,0,74,90.86981258519717,50.081999972462654,1379.0189000428654,79.00037792894936
1790844730,10,GET,GET /inventory/{product_id},2.800000,0.000000,200,210,220,230,230,230,250,250,250,250,250,530,0,160,160.3368173588401,99.72490003565326,248.5095000010915,75.0
1790844730,10,POST,POST /events,6.200000,0.000000,72,77,78,78,82,87,88,88,88,88,88,2125,0,71,73.55386249430697,50.081999972462654,1379.0189000428654,80.0
1790844730,10,,Aggregated,9.000000,0.000000,77,84,170,190,220,230,230,250,250,250,250,2655,0,74,90.87776685521189,50.081999972462654,1379.0189000428654,79.00188323917138
1790844731,10,GET,GET /inventory/{product_id},2.800000,0.000000,200,220,220,220,230,230,250,250,250,250,250,532,0,160,160.4699242485449,99.72490003565326,248.5095000010915,75.0
1790844731,10,POST,POST /events,6.200000,0.000000,73,77,78,78,83,88,88,1000,1000,1000,1000,2133,0,71,74.01185302411268,50.081999972462654,1379.0189000428654,80.0
1790844731,10,,Aggregated,9.000000,0.000000,77,84,170,180,220,230,250,1000,1000,1000,1000,2665,0,74,91.27102521600683,50.081999972462654,1379.0189000428654,79.00187617260788
1790844732,10,GET,GET /inventory/{product_id},2.700000,0.000000,200,220,220,230,230,240,250,250,250,250,250,534,0,160,160.67491123633292,99.72490003565326,248.5095000010915,75.0
1790844732,10,POST,POST /events,6.200000,0.000000,73,77,78,79,83,88,88,1000,1000,1000,1000,2140,0,71,74.00583406561054,50.081999972462654,1379.0189000428654,80.0
1790844732,10,,Aggregated,8.900000,0.000000,78,88,170,190,220,230,250,1000,1000,1000,1000,2674,0,74,91.31372008250125,50.081999972462654,1379.0189000428654,79.00149588631264
1790844733,10,GET,GET /inventory/{product_id},2.600000,0.000000,200,220,220,230,230,240,250,250,250,250,250,535,0,160,160.77154018724704,99.72490003565326,248.5095000010915,75.0
1790844733,10,POST,POST /events,6.300000,0.000000,73,77,78,80,87,88,88,1000,1000,1000,1000,2149,0,71,73.99858362050622,50.081999972462654,1379.0189000428654,80.0
1790844733,10,,Aggregated,8.900000,0.000000,78,88,170,190,220,230,250,1000,1000,1000,1000,2684,0,74,91.2949814458439,50.081999972462654,1379.0189000428654,79.00335320417288
1790844734,10,GET,GET /inventory/{product_id},2.400000,0.000000,210,220,230,230,230,240,250,250,250,250,250,536,0,160,160.81889832113026,99.72490003565326,248.5095000010915,75.0
1790844734,10,POST,POST /events,6.300000,0.000000,73,77,78,80,86,88,88,1000,1000,1000,1000,2157,0,71,73.98095401041736,50.081999972462654,1379.0189000428654,80.0
1790844734,10,,Aggregated,8.700000,0.000000,78,87,170,190,220,230,250,1000,1000,1000,1000,2693,0,74,91.26470378781882,50.081999972462654,1379.0189000428654,79.00482733011512
